Title,Composer,Permlink,Instrumentation,Key,Piece Style,First Performance,Year/Date of Composition,Composer Time Period,Average Duration,num_downloads
"Wiegenlied, Op.20","Schwenkglenks, Manfred","https://imslp.org/wiki/Wiegenlied,_Op.20_(Schwenkglenks,_Manfred)","voice, piano",A-flat major,Romantic,,1964,Modern,1 minutes,26
"Wiegenlied, Op.23","Frommer, Paul","https://imslp.org/wiki/Wiegenlied,_Op.23_(Frommer,_Paul)","voice, piano",,Romantic,,,Romantic,,14
"Wiegenlied, Op.244","Drdla, František Alois","https://imslp.org/wiki/Wiegenlied,_Op.244_(Drdla,_František_Alois)","violin, piano",,Romantic,,,Romantic,,0
"Wiegenlied, Op.25","Nešvera, Josef","https://imslp.org/wiki/Wiegenlied,_Op.25_(Nešvera,_Josef)","violin, piano",C major,Romantic,,,Romantic,,9
"Wiegenlied, Op.33","Drdla, František Alois","https://imslp.org/wiki/Wiegenlied,_Op.33_(Drdla,_František_Alois)","violin, piano",,Romantic,,,Romantic,,75
"Wiegenlied, Op.45","Henselt, Adolf von","https://imslp.org/wiki/Wiegenlied,_Op.45_(Henselt,_Adolf_von)",piano,,Romantic,,,Romantic,,1725
"Wiegenlied, Op.5","Ebner, Carl","https://imslp.org/wiki/Wiegenlied,_Op.5_(Ebner,_Carl)","violin (or cello), piano",,Romantic,,,Romantic,,66
"Wiegenlied, Op.53","Häser, Josef","https://imslp.org/wiki/Wiegenlied,_Op.53_(Häser,_Josef)","voice, piano",,Romantic,,,Romantic,,7
"Wiegenlied, Op.6","Schultz, Joseph","https://imslp.org/wiki/Wiegenlied,_Op.6_(Schultz,_Joseph)","voice, piano",,Romantic,,,Romantic,,4
"Wiegenlied, Op.7","Fitzenhagen, Wilhelm","https://imslp.org/wiki/Wiegenlied,_Op.7_(Fitzenhagen,_Wilhelm)",piano,C major,Romantic,,,Romantic,,211
"Wiegenlied, Op.71","Bunk, Gerard","https://imslp.org/wiki/Wiegenlied,_Op.71_(Bunk,_Gerard)","mezzo-soprano, piano",,Early 20th century,,1921 ca.,Early 20th century,,25
"Wiegenlied, Op.8","Hüllweck, Carl","https://imslp.org/wiki/Wiegenlied,_Op.8_(Hüllweck,_Carl)","Cello or violin, piano",G major,Romantic,,,Romantic,,231
"Wiegenlied, Op.85","Ebann, Wolf","https://imslp.org/wiki/Wiegenlied,_Op.85_(Ebann,_Wolf)","violin, piano",E minor,Romantic,,,Romantic,,169
"Wiegenlied, Op.97","Snoer, Johannes","https://imslp.org/wiki/Wiegenlied,_Op.97_(Snoer,_Johannes)",harp,,Romantic,,,Romantic,,23
"Wiegenlied, S.198","Liszt, Franz","https://imslp.org/wiki/Wiegenlied,_S.198_(Liszt,_Franz)",piano,,Romantic,,1881,Romantic,,3185
"Wiegenlied, WoO VII/19","Reger, Max","https://imslp.org/wiki/Wiegenlied,_WoO_VII/19_(Reger,_Max)","voice, piano",,Early 20th century,,,Romantic,,279
"Wiegenlied, WoO VII/42","Reger, Max","https://imslp.org/wiki/Wiegenlied,_WoO_VII/42_(Reger,_Max)","voice, piano",,Early 20th century,,1909,Romantic,,530
"Wiegenlied-Romanze, Op.321","Mayer, Charles","https://imslp.org/wiki/Wiegenlied-Romanze,_Op.321_(Mayer,_Charles)",piano,E major,Romantic,,,Romantic,,184
Wiegenliedchen,"Kirchner, Fritz","https://imslp.org/wiki/Wiegenliedchen_(Kirchner,_Fritz)",Piano,,Romantic,,,Romantic,,482
Wiegenliedchen,"Meier, Georg","https://imslp.org/wiki/Wiegenliedchen_(Meier,_Georg)",guitar,,Romantic,,,Romantic,,123
"Wiegenliedchen, Op.151","Bohm, Carl","https://imslp.org/wiki/Wiegenliedchen,_Op.151_(Bohm,_Carl)","violin, piano",,Romantic,,,Romantic,,4
Wiegenlieder für gute deutsche Mütter,"Reichardt, Johann Friedrich","https://imslp.org/wiki/Wiegenlieder_für_gute_deutsche_Mütter_(Reichardt,_Johann_Friedrich)","voice, keyboard",,Classical,,,Classical,,27
Wieland der Schmied,"Hausegger, Siegmund von","https://imslp.org/wiki/Wieland_der_Schmied_(Hausegger,_Siegmund_von)",orchestra,,Romantic,,1904-03-26,Romantic,,496
Wielkanoc,"Raczyński, Bolesław","https://imslp.org/wiki/Wielkanoc_(Raczyński,_Bolesław)",mixed chorus (SATB),,Romantic,,,Early 20th century,,5
Wielki los,"Stefani, Józef","https://imslp.org/wiki/Wielki_los_(Stefani,_Józef)",piano,C major,Romantic,,,Romantic,,14
Wielki mazur,"Lewandowski, Leopold","https://imslp.org/wiki/Wielki_mazur_(Lewandowski,_Leopold)",piano,,Romantic,,,Romantic,,13
Wielki walc,"Kurpiński, Karol","https://imslp.org/wiki/Wielki_walc_(Kurpiński,_Karol)",Version A: orchestra Version B: piano,D major,Romantic,,,Romantic,,14
"Wielkopolanin, Op.8","Kontski, Apollinaire de","https://imslp.org/wiki/Wielkopolanin,_Op.8_(Kontski,_Apollinaire_de)","violin, piano",G major,Romantic,,,Romantic,,26
Wien,"Kralik, Mathilde","https://imslp.org/wiki/Wien_(Kralik,_Mathilde)","voice, piano",B major,Early 20th century,,1934/1/5,Romantic,,110
Wien,"Stöhr, Richard","https://imslp.org/wiki/Wien_(Stöhr,_Richard)",piano,B minor,Romantic,,,Early 20th century,,38
"Wien Neerlands Bloed, Op.35","Andersen, Joachim","https://imslp.org/wiki/Wien_Neerlands_Bloed,_Op.35_(Andersen,_Joachim)","Flute Solo with Orchestra (2 Flutes, 2 Oboes, 2 Clarinets, 2 Bassoons, 2 Horns, 2 Trumpets, 3 Trombones, Timpani, 2 Violins, Viola, Cello, Bass)",,Romantic,,,Romantic,,1301
Wien bleibt Wien!,"Schrammel, Johann","https://imslp.org/wiki/Wien_bleibt_Wien!_(Schrammel,_Johann)",orchestra,E-flat major,Romantic,,,Romantic,3 minutes,2900
"Wien, SH.2","Hermann, Siegfried","https://imslp.org/wiki/Wien,_SH.2_(Hermann,_Siegfried)",piano,A minor,Romantic,,2025-26,Modern,16 minutes,1
"Wien, du Stad Meiner Träume","Sieczynski, Rudolf","https://imslp.org/wiki/Wien,_du_Stad_Meiner_Träume_(Sieczynski,_Rudolf)","voice, piano",,Early 20th century,,,Early 20th century,,25305
"Wien, du Stadt meiner Träume, Op.1","Sieczynski, Rudolf","https://imslp.org/wiki/Wien,_du_Stadt_meiner_Träume,_Op.1_(Sieczynski,_Rudolf)","voice, piano",,Early 20th century,,,Early 20th century,,25302
"Wien, mein Sinn! Walzer, Op.192","Strauss Jr., Johann","https://imslp.org/wiki/Wien,_mein_Sinn!_Walzer,_Op.192_(Strauss_Jr.,_Johann)",Orchestra,,Romantic,,,Romantic,,471
"Wien,Wien, nur du allein","Konstantinoff, Kostia","https://imslp.org/wiki/Wien,Wien,_nur_du_allein_(Konstantinoff,_Kostia)","small orchestra, piano",,Early 20th century,,1937,Early 20th century,,35
"Wien-Berlin, Op.52","Weissbach, M. Linus","https://imslp.org/wiki/Wien-Berlin,_Op.52_(Weissbach,_M._Linus)",piano,,Romantic,,,Romantic,,17
Wiener Blut,"Müller Jr., Adolf","https://imslp.org/wiki/Wiener_Blut_(Müller_Jr.,_Adolf)","voices, mixed chorus (SATB), orchestra",,Romantic,,1899,Romantic,,0
"Wiener Blut, Op.354","Strauss Jr., Johann","https://imslp.org/wiki/Wiener_Blut,_Op.354_(Strauss_Jr.,_Johann)",orchestra,,Romantic,,,Romantic,,37079
Wiener Bonbons,"Rivé-King, Julie","https://imslp.org/wiki/Wiener_Bonbons_(Rivé-King,_Julie)",piano,B-flat major,Romantic,,,Romantic,,31
"Wiener Bonbons Walzer, Op.307","Strauss Jr., Johann","https://imslp.org/wiki/Wiener_Bonbons_Walzer,_Op.307_(Strauss_Jr.,_Johann)",orchestra,,Romantic,,,Romantic,,1983
"Wiener Bürger, Op.419","Ziehrer, Karl Michael","https://imslp.org/wiki/Wiener_Bürger,_Op.419_(Ziehrer,_Karl_Michael)",orchestra,G major,Romantic,,,Romantic,7 minutes,72
"Wiener Chronik Walzer, Op.268","Strauss Jr., Johann","https://imslp.org/wiki/Wiener_Chronik_Walzer,_Op.268_(Strauss_Jr.,_Johann)",Orchestra,,Romantic,,,Romantic,,409
Wiener Couplets,"Lorens, Carl","https://imslp.org/wiki/Wiener_Couplets_(Lorens,_Carl)","voice, piano",,Romantic,,,Early 20th century,,90
"Wiener Damen-Ländler und Ecossaisen, D.734","Schubert, Franz","https://imslp.org/wiki/Wiener_Damen-Ländler_und_Ecossaisen,_D.734_(Schubert,_Franz)",piano,,Romantic,,,Romantic,,4281
"Wiener Damen-Toilette-Walzer, Op.40","Strauss Sr., Johann","https://imslp.org/wiki/Wiener_Damen-Toilette-Walzer,_Op.40_(Strauss_Sr.,_Johann)",Orchestra,,Romantic,,,Romantic,,278
Wiener Edition Alter Musik,Various,https://imslp.org/wiki/Wiener_Edition_Alter_Musik_(Various),,,Baroque,,,,,0
Wiener Fiakerlied,"Pick, Gustav","https://imslp.org/wiki/Wiener_Fiakerlied_(Pick,_Gustav)",piano,,Romantic,,,Romantic,,212
Wiener Fratzen,"Bass, Roderich","https://imslp.org/wiki/Wiener_Fratzen_(Bass,_Roderich)",Piano,,Early 20th century,,,Romantic,,156
"Wiener Frauen, Op.423","Strauss Jr., Johann","https://imslp.org/wiki/Wiener_Frauen,_Op.423_(Strauss_Jr.,_Johann)",orchestra,,Romantic,,,Romantic,,235
"Wiener Fresken Walzer, Op.249","Strauss, Josef","https://imslp.org/wiki/Wiener_Fresken_Walzer,_Op.249_(Strauss,_Josef)",,C major,Romantic,,,Romantic,9 minutes,2
"Wiener Früchteln, Op.167","Strauss Sr., Johann","https://imslp.org/wiki/Wiener_Früchteln,_Op.167_(Strauss_Sr.,_Johann)",Orchestra,,Romantic,,,Romantic,,134
"Wiener G'schichten, Op.71","André, Ludwig","https://imslp.org/wiki/Wiener_G'schichten,_Op.71_(André,_Ludwig)","violin (or flute), piano",,Romantic,,,Romantic,,53
"Wiener Garnison Marsch, Op.77","Strauss Jr., Johann","https://imslp.org/wiki/Wiener_Garnison_Marsch,_Op.77_(Strauss_Jr.,_Johann)",Orchestra,,Romantic,,,Romantic,,332
"Wiener Garnison-Marsch, Op.20","Ziehrer, Karl Michael","https://imslp.org/wiki/Wiener_Garnison-Marsch,_Op.20_(Ziehrer,_Karl_Michael)",Orchestra (?),,Romantic,,,Romantic,,12
"Wiener Gemüth, Op.144","Fahrbach Jr., Philipp","https://imslp.org/wiki/Wiener_Gemüth,_Op.144_(Fahrbach_Jr.,_Philipp)",orchestra,G major,Romantic,,,Romantic,8 minutes,14
"Wiener Gemütlichkeit, Op.208","Czibulka, Alphons","https://imslp.org/wiki/Wiener_Gemütlichkeit,_Op.208_(Czibulka,_Alphons)",piano,,Romantic,,,Romantic,,70
"Wiener Herzen, Op.66","Kaulich, Josef","https://imslp.org/wiki/Wiener_Herzen,_Op.66_(Kaulich,_Josef)",Piano,,Romantic,,,Romantic,,139
"Wiener Jubel-Gruss-Marsch, Op.115","Strauss Jr., Johann","https://imslp.org/wiki/Wiener_Jubel-Gruss-Marsch,_Op.115_(Strauss_Jr.,_Johann)",Orchestra,,Romantic,,,Romantic,,321
"Wiener Jubel-Marsch, Op.245","Strauss Sr., Johann","https://imslp.org/wiki/Wiener_Jubel-Marsch,_Op.245_(Strauss_Sr.,_Johann)",Orchestra,,Romantic,,,Romantic,,141
"Wiener Karnevals-Walzer, Op.3","Strauss Sr., Johann","https://imslp.org/wiki/Wiener_Karnevals-Walzer,_Op.3_(Strauss_Sr.,_Johann)",orchestra,,Romantic,,1827,Romantic,,2630
"Wiener Kinder Walzer, Op.61","Strauss, Josef","https://imslp.org/wiki/Wiener_Kinder_Walzer,_Op.61_(Strauss,_Josef)",,B-flat major,Romantic,,,Romantic,8 minutes,2
"Wiener Kreuzer-Polka, Op.220","Strauss Sr., Johann","https://imslp.org/wiki/Wiener_Kreuzer-Polka,_Op.220_(Strauss_Sr.,_Johann)",orchestra,,Romantic,,1848,Romantic,,174
Wiener Kvadrille and Et Bondebryllup,"Horneman, Emil","https://imslp.org/wiki/Wiener_Kvadrille_and_Et_Bondebryllup_(Horneman,_Emil)",piano,G major,Romantic,,,Romantic,,53
"Wiener Launen-Walzer, Op.6","Strauss Sr., Johann","https://imslp.org/wiki/Wiener_Launen-Walzer,_Op.6_(Strauss_Sr.,_Johann)",Orchestra,,Romantic,,,Romantic,,304
"Wiener Leben, Op.218","Strauss, Josef","https://imslp.org/wiki/Wiener_Leben,_Op.218_(Strauss,_Josef)",orchestra,D major,Romantic,,1867,Romantic,,78
Wiener Lieder,"Lorens, Carl","https://imslp.org/wiki/Wiener_Lieder_(Lorens,_Carl)","voice, piano",,Romantic,,,Early 20th century,,27
"Wiener Luft, Op.278a","Ziehrer, Karl Michael","https://imslp.org/wiki/Wiener_Luft,_Op.278a_(Ziehrer,_Karl_Michael)",Piano solo,,Romantic,,,Romantic,,1193
Wiener Mädel,"Lehár, Franz","https://imslp.org/wiki/Wiener_Mädel_(Lehár,_Franz)",piano,,Romantic,,,Early 20th century,,33
Wiener Pfennig-Magazin,"Czerny, Carl","https://imslp.org/wiki/Wiener_Pfennig-Magazin_(Czerny,_Carl)",piano,,Romantic,,,Romantic,,1439
"Wiener Philharmoniker Fanfare, TrV 248","Strauss, Richard","https://imslp.org/wiki/Wiener_Philharmoniker_Fanfare,_TrV_248_(Strauss,_Richard)","8 horns, 6 trumpets, 6 trombones, 2 tubas, 2 timpani",E-flat major,Early 20th century,,1924,Romantic,3 minutes,0
"Wiener Pianoforte Schule, Op.108","Starke, Friedrich","https://imslp.org/wiki/Wiener_Pianoforte_Schule,_Op.108_(Starke,_Friedrich)","piano; piano 4-hands; violin, piano; voice, piano",,Romantic,,1819,Classical,,699
"Wiener Praterleben, Op.12","Translateur, Siegfried","https://imslp.org/wiki/Wiener_Praterleben,_Op.12_(Translateur,_Siegfried)",piano,A major,Romantic,,1892,Early 20th century,,94
"Wiener Schwalben, Op.278b","Fahrbach Jr., Philipp","https://imslp.org/wiki/Wiener_Schwalben,_Op.278b_(Fahrbach_Jr.,_Philipp)","orchestra (?, see below, Comments)",D major,Romantic,,,Romantic,3 minutes,16
"Wiener Sinfonie, Op.110","Graener, Paul","https://imslp.org/wiki/Wiener_Sinfonie,_Op.110_(Graener,_Paul)","orchestra 2 flutes, 2 oboes, 2 clarinets (B ♭ ), 2 bassoons 4 horns (F), 2 trumpets (C), 3 trombones, timpani, strings",F major,Early 20th century,,1941,Early 20th century,25 minutes,124
"Wiener Stadt-Garde-Marsch, Op.246","Strauss Sr., Johann","https://imslp.org/wiki/Wiener_Stadt-Garde-Marsch,_Op.246_(Strauss_Sr.,_Johann)",Orchestra,,Romantic,,,Romantic,,141
"Wiener Tagsbelustigung, Op.37","Strauss Sr., Johann","https://imslp.org/wiki/Wiener_Tagsbelustigung,_Op.37_(Strauss_Sr.,_Johann)",Orchestra,,Romantic,,,Romantic,,157
Wiener Tanzmusik in der zweiten Hälfte des siebzehnten Jahrhunderts,Various,https://imslp.org/wiki/Wiener_Tanzmusik_in_der_zweiten_Hälfte_des_siebzehnten_Jahrhunderts_(Various),see above,,Baroque,,,,,29439
Wiener Tivoli Märsche,"Resnitschek, Josef","https://imslp.org/wiki/Wiener_Tivoli_Märsche_(Resnitschek,_Josef)",Piano,,Romantic,,,Romantic,,725
"Wiener Tivoli-Musik, Op.39","Strauss Sr., Johann","https://imslp.org/wiki/Wiener_Tivoli-Musik,_Op.39_(Strauss_Sr.,_Johann)",Orchestra,,Romantic,,,Romantic,,370
"Wiener Type, Op.291","Strauss, Eduard","https://imslp.org/wiki/Wiener_Type,_Op.291_(Strauss,_Eduard)",orchestra,,Romantic,,,Romantic,,49
Wiener Volkslieder,"Müller, Adolf","https://imslp.org/wiki/Wiener_Volkslieder_(Müller,_Adolf)","voice, piano",,Romantic,,,Romantic,,11
"Wiener Walzer, Op.187","Drdla, František Alois","https://imslp.org/wiki/Wiener_Walzer,_Op.187_(Drdla,_František_Alois)","violin, piano",,Romantic,,,Romantic,,332
"Wiener Walzer, Op.42","Fuchs, Robert","https://imslp.org/wiki/Wiener_Walzer,_Op.42_(Fuchs,_Robert)",piano 4-hands,,Romantic,,,Romantic,,1458
Wiener Walzer-Album,Various,https://imslp.org/wiki/Wiener_Walzer-Album_(Various),Piano,,Romantic,,,,,2592
"Wiener Welt-Ausstellungs-Marsch, Op.107","Strauss, Eduard","https://imslp.org/wiki/Wiener_Welt-Ausstellungs-Marsch,_Op.107_(Strauss,_Eduard)",piano,,Romantic,,,Romantic,,32
"Wiener Weltausstellungs 1873, Op.208","Ziehrer, Karl Michael","https://imslp.org/wiki/Wiener_Weltausstellungs_1873,_Op.208_(Ziehrer,_Karl_Michael)",orchestra,C major,Romantic,,,Romantic,7 minutes,22
"Wiener-Carnevals-Quadrille, Op.124","Strauss Sr., Johann","https://imslp.org/wiki/Wiener-Carnevals-Quadrille,_Op.124_(Strauss_Sr.,_Johann)",Orchestra,,Romantic,,,Romantic,,170
"Wiener-Gemüths-Walzer, Op.116","Strauss Sr., Johann","https://imslp.org/wiki/Wiener-Gemüths-Walzer,_Op.116_(Strauss_Sr.,_Johann)",piano,D,Romantic,,,Romantic,,1753
Wiener-Jubel,"Suppé, Franz von","https://imslp.org/wiki/Wiener-Jubel_(Suppé,_Franz_von)",Orchestra,,Romantic,,1890,Romantic,7 minutes,10
"Wiener-Lieder-Marsch, Op.171","Komzák II, Karel","https://imslp.org/wiki/Wiener-Lieder-Marsch,_Op.171_(Komzák_II,_Karel)",orchestra,,Romantic,,,Romantic,3 minutes,71
"Wiener-Punch-Lieder Walzer, Op.131","Strauss Jr., Johann","https://imslp.org/wiki/Wiener-Punch-Lieder_Walzer,_Op.131_(Strauss_Jr.,_Johann)",Orchestra,,Romantic,,,Romantic,,482
"Wiener-Quodlibet No.2, Op.22","Lanner, Joseph","https://imslp.org/wiki/Wiener-Quodlibet_No.2,_Op.22_(Lanner,_Joseph)",piano,C major,Romantic,,,Romantic,,127
Wienerlied,"Eisler, Hanns","https://imslp.org/wiki/Wienerlied_(Eisler,_Hanns)","Voice, piano",,Modern,,1955,Early 20th century,,0
Wieniawski Album,"Wieniawski, Henri","https://imslp.org/wiki/Wieniawski_Album_(Wieniawski,_Henri)","violin, piano",,Romantic,,,Romantic,,220
Wieniawski-Album (Litolff),"Wieniawski, Henri","https://imslp.org/wiki/Wieniawski-Album_(Litolff)_(Wieniawski,_Henri)","violin, piano",,Romantic,,,Romantic,,220
"Wieniec cierniowy, Op.60","Nowakowski, Józef","https://imslp.org/wiki/Wieniec_cierniowy,_Op.60_(Nowakowski,_Józef)",piano,C-sharp minor,Romantic,,,Romantic,,23
"Wieniec laurowy, Op.55","Wroński, Adam","https://imslp.org/wiki/Wieniec_laurowy,_Op.55_(Wroński,_Adam)",piano,,Romantic,,,Romantic,,32
Wieniec melodyi polskich,"Bach, Emanuel","https://imslp.org/wiki/Wieniec_melodyi_polskich_(Bach,_Emanuel)",Piano,,Romantic,,,Romantic,,163
Wieniec melodyj narodowych,"Wroński, Adam","https://imslp.org/wiki/Wieniec_melodyj_narodowych_(Wroński,_Adam)",piano,,Romantic,,,Romantic,,150
Wieniec polskich pieśni,"Brzeziński, Franciszek","https://imslp.org/wiki/Wieniec_polskich_pieśni_(Brzeziński,_Franciszek)",piano,F major,Early 20th century,,,Romantic,,32
Wienna Hornpipe,"Messerschmidt, Hans Jorgen","https://imslp.org/wiki/Wienna_Hornpipe_(Messerschmidt,_Hans_Jorgen)",trumpet,A major,Modern,,2015,Modern,1 minutes,4
"Wiens Tanzmusik seit 50 Jahren, Op.27","Ziehrer, Karl Michael","https://imslp.org/wiki/Wiens_Tanzmusik_seit_50_Jahren,_Op.27_(Ziehrer,_Karl_Michael)",piano,,Romantic,,,Romantic,,24
Wiesbaden Codex,Hildegard,https://imslp.org/wiki/Wiesbaden_Codex_(Hildegard),voice,,Medieval,,1180-90 ca.,Medieval,,23087
"Wiesbadener Feuerwehr Marsch, Op.66","Kéler, Béla","https://imslp.org/wiki/Wiesbadener_Feuerwehr_Marsch,_Op.66_(Kéler,_Béla)",orchestra,,Romantic,,1864,Romantic,,35
Wieszczka Urzella,"Elsner, Józef","https://imslp.org/wiki/Wieszczka_Urzella_(Elsner,_Józef)",unknown for the original,,Romantic,,,Romantic,,16
Wiewol viel herter Orden sind a 4,"Senfl, Ludwig","https://imslp.org/wiki/Wiewol_viel_herter_Orden_sind_a_4_(Senfl,_Ludwig)",4 voices (SATB),,Renaissance,,,Renaissance,,300
Wiewol viel herter Orden sind a 5,"Senfl, Ludwig","https://imslp.org/wiki/Wiewol_viel_herter_Orden_sind_a_5_(Senfl,_Ludwig)","2 soprano, alto, tenor, bass",,Renaissance,,,Renaissance,,463
Wiewol viel herter Orden sind a 6,"Senfl, Ludwig","https://imslp.org/wiki/Wiewol_viel_herter_Orden_sind_a_6_(Senfl,_Ludwig)",SAATTB voices,,Renaissance,,,Renaissance,,297
Wieśniaczka-polka,"Einert, Teodor","https://imslp.org/wiki/Wieśniaczka-polka_(Einert,_Teodor)",piano,"C major (has also sections in G major, F major, and B-flat major)",Romantic,,,Romantic,,5
Wife Beater Rag,"Simpson, Cameron Lee","https://imslp.org/wiki/Wife_Beater_Rag_(Simpson,_Cameron_Lee)",piano,D major,Jazz,,2024,Modern,2-3 minutes,37
"Wife, Children, Home and Friends","Danks, Hart Pease","https://imslp.org/wiki/Wife,_Children,_Home_and_Friends_(Danks,_Hart_Pease)","Voice, chorus, piano",F major,Romantic,,,Romantic,,107
"Wife, Little Ones, and Home","Hays, William Shakespeare","https://imslp.org/wiki/Wife,_Little_Ones,_and_Home_(Hays,_William_Shakespeare)","voice, mixed chorus (SATB), piano",E-flat major,Romantic,,,Romantic,4 minutes,39
Wig-Wag Rag,"Thompson, Harry C.","https://imslp.org/wiki/Wig-Wag_Rag_(Thompson,_Harry_C.)",piano,,Early 20th century,,,Early 20th century,,20
Wig-lid,"Engel, Joel","https://imslp.org/wiki/Wig-lid_(Engel,_Joel)",mixed chorus (SATB),,Early 20th century,,,Romantic,,817
Wiggle-Wag,"Meyer, George W.","https://imslp.org/wiki/Wiggle-Wag_(Meyer,_George_W.)",piano,C major,Early 20th century,,,Early 20th century,,18
Wiggy Waggy Rag,"Burgess, Mattie Harl","https://imslp.org/wiki/Wiggy_Waggy_Rag_(Burgess,_Mattie_Harl)",piano,B-flat major,Early 20th century,,1910,Early 20th century,3 minutes,24
Wigu,"Crasselt, Curt","https://imslp.org/wiki/Wigu_(Crasselt,_Curt)","piano, cine-orchestra",A major,Early 20th century,,1919,Early 20th century,,36
Wigwam,"Sanford, Harold","https://imslp.org/wiki/Wigwam_(Sanford,_Harold)",theatre orchestra,,Early 20th century,,,Early 20th century,,9
Wij knielen voor uw zetel neer,"Bomhof, Wim","https://imslp.org/wiki/Wij_knielen_voor_uw_zetel_neer_(Bomhof,_Wim)",organ,F major,Baroque,,1995,Modern,8-9 minutes,148
Wij zijn bereid,"Tinel, Jef","https://imslp.org/wiki/Wij_zijn_bereid_(Tinel,_Jef)",SATB,,Romantic,,1937,Modern,1 1/2 minutes,324
"Wij, alles omvattend","Hulle, Bernd Van","https://imslp.org/wiki/Wij,_alles_omvattend_(Hulle,_Bernd_Van)",Guitar,,Modern,,,Modern,,384
"Wijden I, Op.12","Loos, Edward","https://imslp.org/wiki/Wijden_I,_Op.12_(Loos,_Edward)",organ or harmonium,,Early 20th century,,,Early 20th century,,757
Wijut wikry,"Krogulski, Józef Władysław","https://imslp.org/wiki/Wijut_wikry_(Krogulski,_Józef_Władysław)",piano,G minor,Romantic,,,Romantic,,30
"Wikingerbalk, Op.34","Panny, Joseph","https://imslp.org/wiki/Wikingerbalk,_Op.34_(Panny,_Joseph)","tenor, male unison chorus, orchestra",E-flat major,Romantic,,,Romantic,,8
"Wikingerfahrt, Op.80","Poenitz, Franz","https://imslp.org/wiki/Wikingerfahrt,_Op.80_(Poenitz,_Franz)",2 harps,A-flat minor,Romantic,,,Romantic,,790
Wil mij genadig zijn,"Tinel, Jef","https://imslp.org/wiki/Wil_mij_genadig_zijn_(Tinel,_Jef)",organ,,Early 20th century,,,Modern,,58
"Wild Ashe Deer, Op.851","Grobe, Charles","https://imslp.org/wiki/Wild_Ashe_Deer,_Op.851_(Grobe,_Charles)",piano,F major,Romantic,,,Romantic,,13
Wild Bird Polka Redowa,"Ross, Jasper Hazen","https://imslp.org/wiki/Wild_Bird_Polka_Redowa_(Ross,_Jasper_Hazen)","Orchestra : piccolo, 2 clarinets (D, A) + 2 horns (D), 2 cornets (A), trombone, tuba + snare drum, bass drum, triangle + strings",,Romantic,,,Romantic,,15
Wild Cherries,"Snyder, Ted","https://imslp.org/wiki/Wild_Cherries_(Snyder,_Ted)",piano,,Early 20th century,,,Early 20th century,,28
Wild Flower,"Anastassopoulos, Costas","https://imslp.org/wiki/Wild_Flower_(Anastassopoulos,_Costas)",Piano,,Romantic,,2002,Modern,,626
Wild Flower,"Martens, George","https://imslp.org/wiki/Wild_Flower_(Martens,_George)",unknown for the original,,Early 20th century,,,Early 20th century,,5
Wild Flower Rag,"Williams, Clarence","https://imslp.org/wiki/Wild_Flower_Rag_(Williams,_Clarence)",piano,E-flat major,Early 20th century,,,Early 20th century,,36
Wild Flowers,"D'Alquen, Franz Maria","https://imslp.org/wiki/Wild_Flowers_(D'Alquen,_Franz_Maria)",piano,,Romantic,,,Romantic,,35
Wild Flowers,"Wallace, William Vincent","https://imslp.org/wiki/Wild_Flowers_(Wallace,_William_Vincent)","voice, piano",,Romantic,,,Romantic,,24
Wild Honey,"David, Lee","https://imslp.org/wiki/Wild_Honey_(David,_Lee)","voice, piano",C major,Early 20th century,,,Modern,,10
Wild Hyacinth,"Kinkel, Charles","https://imslp.org/wiki/Wild_Hyacinth_(Kinkel,_Charles)",Piano,G major,Romantic,,,Romantic,,102
"Wild Men's Dance, SO 54","Ornstein, Leo","https://imslp.org/wiki/Wild_Men's_Dance,_SO_54_(Ornstein,_Leo)",piano,,Modern,,1913 ca.,Early 20th century,,3280
Wild Nights,"Ferrari, Carlotta","https://imslp.org/wiki/Wild_Nights_(Ferrari,_Carlotta)",female chorus (SSAA); male chorus (TTBB); mixed chorus (SATB),,Modern,,2021,Modern,,179
Wild Rose,"Stanton, George","https://imslp.org/wiki/Wild_Rose_(Stanton,_George)",Piano,D major,Romantic,,,Romantic,,92
"Wild Rosebud, Op.511","Tobani, Theodore Moses","https://imslp.org/wiki/Wild_Rosebud,_Op.511_(Tobani,_Theodore_Moses)",theatre orchestra,D major,Early 20th century,,,Romantic,,13
Wild Roses,"Johnson, Nathaniel M.","https://imslp.org/wiki/Wild_Roses_(Johnson,_Nathaniel_M.)",unknown for the original,,Early 20th century,,,Early 20th century,,6
Wild Roses and Snow,"Akerman, R.F. Martin","https://imslp.org/wiki/Wild_Roses_and_Snow_(Akerman,_R.F._Martin)","3 voices (SSA), piano",E-flat major,Early 20th century,,,Early 20th century,,20
Wild Spanish Dances,"Norman, Turner","https://imslp.org/wiki/Wild_Spanish_Dances_(Norman,_Turner)","Piccolo, Flute, Oboe, Bassoon, Clarinet1;2, B. Clarinet, Alto Sax, Tenor Sax, Bari. Sax, Trumpet Bb1;2, F Horn, Trombone, Baritone,Tuba, Percussion, Keyboards, Guitars (optional)",C major,Modern,,2011,Modern,2 minutes,1448
Wild Wave,"Adams, M. F.","https://imslp.org/wiki/Wild_Wave_(Adams,_M._F.)",piano,E-flat major,Romantic,,,Romantic,,13
Wild West,"Wenrich, Percy","https://imslp.org/wiki/Wild_West_(Wenrich,_Percy)",piano,B-flat major,Early 20th century,,,Early 20th century,,17
Wild West Rag,"Simpson, Cameron Lee","https://imslp.org/wiki/Wild_West_Rag_(Simpson,_Cameron_Lee)",piano,C major,Jazz,,2022,Modern,3 minutes,44
Wild and Woolly,"Minot, Adolf","https://imslp.org/wiki/Wild_and_Woolly_(Minot,_Adolf)",Orchestra,,Early 20th century,,,Early 20th century,,606
"Wild-Rose Schottisch, Op.22","Southgate, Frederic","https://imslp.org/wiki/Wild-Rose_Schottisch,_Op.22_(Southgate,_Frederic)",piano,C major,Romantic,,,Romantic,,16
Wilde Fahrt,"Schultze-Biesantz, Clemens","https://imslp.org/wiki/Wilde_Fahrt_(Schultze-Biesantz,_Clemens)",piano,,Romantic,,,Early 20th century,,145
"Wilde Jagd - Scherzo, S.176a","Liszt, Franz","https://imslp.org/wiki/Wilde_Jagd_-_Scherzo,_S.176a_(Liszt,_Franz)",piano,D minor,Romantic,,1851,Romantic,16 minutes,618
"Wilde Rosen Walzer, Op.42","Strauss Jr., Johann","https://imslp.org/wiki/Wilde_Rosen_Walzer,_Op.42_(Strauss_Jr.,_Johann)",Orchestra,,Romantic,,,Romantic,,715
"Wilde Rosen, Op.13","Bohm, Carl","https://imslp.org/wiki/Wilde_Rosen,_Op.13_(Bohm,_Carl)",piano,,Romantic,,,Romantic,,77
"Wilde Rosen, Op.40","Horneman, Emil","https://imslp.org/wiki/Wilde_Rosen,_Op.40_(Horneman,_Emil)",piano,,Romantic,,,Romantic,,38
"Wildfeuer, Op.313","Strauss Jr., Johann","https://imslp.org/wiki/Wildfeuer,_Op.313_(Strauss_Jr.,_Johann)",Orchestra,,Romantic,,,Romantic,,856
Wildfire,"Rolfe, Walter","https://imslp.org/wiki/Wildfire_(Rolfe,_Walter)",piano,,Early 20th century,,,Early 20th century,,16
Wildfire March,"Prosho, Thomas","https://imslp.org/wiki/Wildfire_March_(Prosho,_Thomas)",piano,,Romantic,,,Romantic,,11
Wildfire Quadrille,"Rollinson, Thomas H.","https://imslp.org/wiki/Wildfire_Quadrille_(Rollinson,_Thomas_H.)","Orchestra (full): flute (or possibly piccolo), 2 clarinets + 2 horns, 2 cornets, trombone + drums + piano ( ad lib. ) + strings Orchestra (small): flute (or possibly piccolo), clarinet + 2 cornets, trombone + piano ( ad lib. ) + strings",,Romantic,,,Romantic,,6
Wildflower,"Goetz, Edward Ray","https://imslp.org/wiki/Wildflower_(Goetz,_Edward_Ray)",piano,G major,Early 20th century,,,Early 20th century,,17
Wildflower,Various,https://imslp.org/wiki/Wildflower_(Various),"voices, mixed chorus, orchestra",,Early 20th century,,,,,20
"Wildsang, Op.104","Gänschals, Carl","https://imslp.org/wiki/Wildsang,_Op.104_(Gänschals,_Carl)",piano,D major,Romantic,,,Romantic,,64
Wildwood Flower,"Webster, Joseph Philbrick","https://imslp.org/wiki/Wildwood_Flower_(Webster,_Joseph_Philbrick)","probably voice, piano",C major,Romantic,,,Romantic,3 minutes,216
"Wileika, Op.7","Chabrier, Emmanuel","https://imslp.org/wiki/Wileika,_Op.7_(Chabrier,_Emmanuel)",piano,C major,Romantic,,1852,Romantic,,35
Wilhelm Friedemann Bach,"Falck, Martin","https://imslp.org/wiki/Wilhelm_Friedemann_Bach_(Falck,_Martin)",,,Romantic,,,Romantic,,142
"Wilhelm Raabe Lieder, Op.83","Graener, Paul","https://imslp.org/wiki/Wilhelm_Raabe_Lieder,_Op.83_(Graener,_Paul)","high voice, piano",,Early 20th century,,,Early 20th century,,181
Wilhelm Tell,Anonymous,https://imslp.org/wiki/Wilhelm_Tell_(Anonymous),"2 flutes, 2 oboes, 2 clarinets, 2 bassoons, 2 trumpets, 2 horns, timpani, strings",,Classical,,,,,285
Wilhelm Tell,"Hassloch, Carl Theodor","https://imslp.org/wiki/Wilhelm_Tell_(Hassloch,_Carl_Theodor)","voices, orchestra",,Romantic,,,Romantic,,16
Wilhelm Tell,"Weber, Bernhard Anselm","https://imslp.org/wiki/Wilhelm_Tell_(Weber,_Bernhard_Anselm)","voices, chorus, orchestra",,Classical,,,Classical,,580
"Wilhelm Tell, Op.102","Reinecke, Carl","https://imslp.org/wiki/Wilhelm_Tell,_Op.102_(Reinecke,_Carl)","voices, male chorus (TTBB), orchestra",,Romantic,,,Romantic,,964
"Wilhelm Tell-Galopp, Op.29b","Strauss Sr., Johann","https://imslp.org/wiki/Wilhelm_Tell-Galopp,_Op.29b_(Strauss_Sr.,_Johann)",Orchestra,,Romantic,,,Romantic,,606
"Wilhelm Von Naff, TMA 185","Praetorius, Michael","https://imslp.org/wiki/Wilhelm_Von_Naff,_TMA_185_(Praetorius,_Michael)",4 instruments,,Renaissance,,,Renaissance,,422
Wilhelm-Polka,"Štěpán, Jindřich","https://imslp.org/wiki/Wilhelm-Polka_(Štěpán,_Jindřich)",piano,E-flat major,Romantic,,,Romantic,,11
"Wilhelm-Raabe-Musik, Op.58","Graener, Paul","https://imslp.org/wiki/Wilhelm-Raabe-Musik,_Op.58_(Graener,_Paul)",piano,"A major, A major, F major",Early 20th century,,,Early 20th century,,201
Wilhelmina,"Waldteufel, Léon","https://imslp.org/wiki/Wilhelmina_(Waldteufel,_Léon)",Piano,,Romantic,,,Romantic,,188
Wilhelmina Waltzes,"Hall, John T.","https://imslp.org/wiki/Wilhelmina_Waltzes_(Hall,_John_T.)",piano,G major,Early 20th century,,,Early 20th century,,23
"Wilhelmina-Galopp, Op.48","Kliegl, Franz Anton","https://imslp.org/wiki/Wilhelmina-Galopp,_Op.48_(Kliegl,_Franz_Anton)",piano,D major,Romantic,,1851,Romantic,4.5 minutes,9
Wilhelmine Polka,"Lumbye, Hans Christian","https://imslp.org/wiki/Wilhelmine_Polka_(Lumbye,_Hans_Christian)",orchestra,G major,Romantic,,1843,Romantic,,16
"Wilhelminen-Quadrille, Op.37","Strauss Jr., Johann","https://imslp.org/wiki/Wilhelminen-Quadrille,_Op.37_(Strauss_Jr.,_Johann)",Orchestra,,Romantic,,,Romantic,,216
Wilhelmus,"Valerius, Adrianus","https://imslp.org/wiki/Wilhelmus_(Valerius,_Adrianus)",cittern or lute,,Renaissance,,,Baroque,,3179
Wilhelmus van Nassauwe,"Kluyt, B.","https://imslp.org/wiki/Wilhelmus_van_Nassauwe_(Kluyt,_B.)","2 violins, viola, cello",D major,Classical,,,Classical,,471
Wilhelmus van Nassouwe,"Mertel, Elias","https://imslp.org/wiki/Wilhelmus_van_Nassouwe_(Mertel,_Elias)",lute,,Renaissance,,,Renaissance,,37
Wilhelmus van Nassouwen,"Tinel, Jef","https://imslp.org/wiki/Wilhelmus_van_Nassouwen_(Tinel,_Jef)",male choir (TTB),,Early 20th century,,,Modern,,653
"Wilhelmus, Op.200","Kontski, Anton de","https://imslp.org/wiki/Wilhelmus,_Op.200_(Kontski,_Anton_de)",piano,D-flat major,Romantic,,1861 or 1862,Romantic,,60
Will Give You the Keys of Heaven,"Broadwood, Lucy Etheldred","https://imslp.org/wiki/Will_Give_You_the_Keys_of_Heaven_(Broadwood,_Lucy_Etheldred)","voice, piano",G major,Romantic,,,Early 20th century,,17
Will Give You the Keys of Heaven,L. E. B.,https://imslp.org/wiki/Will_Give_You_the_Keys_of_Heaven_(L._E._B.),"voice, piano",G major,Romantic,,,Early 20th century,,17
Will He Come?,"Sullivan, Arthur","https://imslp.org/wiki/Will_He_Come?_(Sullivan,_Arthur)",voice piano,,Romantic,,,Romantic,,279
Will I Go to Heaven When I Die?,Quirk,https://imslp.org/wiki/Will_I_Go_to_Heaven_When_I_Die?_(Quirk),"voice, piano",F major,Early 20th century,,,Early 20th century,,4
Will Meisel im 3/4 Takt,"Meisel, Will","https://imslp.org/wiki/Will_Meisel_im_3/4_Takt_(Meisel,_Will)","violin, violin obbligato, cello, piano",,Romantic,,,Romantic,,0
Will My Dreams Come True,"Heltman, Fred","https://imslp.org/wiki/Will_My_Dreams_Come_True_(Heltman,_Fred)","voice, piano",E-flat major,Early 20th century,,,Early 20th century,,7
Will No Maiden Marry Me,"Kleber, Henry","https://imslp.org/wiki/Will_No_Maiden_Marry_Me_(Kleber,_Henry)","voice, piano",F major,Romantic,,,Romantic,3-4 minutes,68
Will Nobody Marry Me?,"Russell, Henry","https://imslp.org/wiki/Will_Nobody_Marry_Me?_(Russell,_Henry)","voice, piano",G major,Romantic,,,Romantic,3 minutes,48
Will O' the Wisp,"Haasz, Richard","https://imslp.org/wiki/Will_O'_the_Wisp_(Haasz,_Richard)",piano,C major,Early 20th century,,,Early 20th century,,22
Will O' the Wisp,"Morrison, Will B.","https://imslp.org/wiki/Will_O'_the_Wisp_(Morrison,_Will_B.)",piano,G major,Early 20th century,,,Early 20th century,,21
Will O' the Wisp,"Nevin, Gordon Balch","https://imslp.org/wiki/Will_O'_the_Wisp_(Nevin,_Gordon_Balch)",organ,G major,Romantic,,,Early 20th century,,130
Will O' the Wisp,"Spross, Charles Gilbert","https://imslp.org/wiki/Will_O'_the_Wisp_(Spross,_Charles_Gilbert)","voice, piano",,Early 20th century,,,Early 20th century,,19
Will Tell,"Rhys-Herbert, William","https://imslp.org/wiki/Will_Tell_(Rhys-Herbert,_William)","Voices, chorus, orchestra",,Romantic,,1921,Early 20th century,,56
Will Ye Gang to the Burn Side,"Guest, Jane Mary","https://imslp.org/wiki/Will_Ye_Gang_to_the_Burn_Side_(Guest,_Jane_Mary)","voice, piano",E ♭ major or C major,Classical,,,Classical,,84
Will Ye Not Come?,"Havergal, Frances Ridley","https://imslp.org/wiki/Will_Ye_Not_Come?_(Havergal,_Frances_Ridley)","voice, piano",C major,Romantic,,,Romantic,,5
Will You,"Mayo, Fred","https://imslp.org/wiki/Will_You_(Mayo,_Fred)","voice, piano",F major,Early 20th century,,,Early 20th century,,4
Will You Always Call Me Honey?,"Le Boy, Grace","https://imslp.org/wiki/Will_You_Always_Call_Me_Honey?_(Le_Boy,_Grace)","voice, piano",F major,Early 20th century,,,Modern,,12
Will You Come to My Mountain Home?,"Brown, Francis Henry","https://imslp.org/wiki/Will_You_Come_to_My_Mountain_Home?_(Brown,_Francis_Henry)",piano,A major,Romantic,,,Romantic,,29
Will You Dance for me Vashti?,"Fine, Elaine","https://imslp.org/wiki/Will_You_Dance_for_me_Vashti?_(Fine,_Elaine)",2-voice children's chorus,G major,Modern,,1995-2023,Modern,1 minutes,85
Will You Ever Be Mine?,"Pearson, Kevin","https://imslp.org/wiki/Will_You_Ever_Be_Mine?_(Pearson,_Kevin)",Piano,,Modern,,2012,Modern,,169
Will You Float Me?,"Southern, Agatha Cummings","https://imslp.org/wiki/Will_You_Float_Me?_(Southern,_Agatha_Cummings)","voice, piano",E-flat major,Early 20th century,,,Early 20th century,,6
Will You Forgive if I Forget?,"Selig, Gabriel","https://imslp.org/wiki/Will_You_Forgive_if_I_Forget?_(Selig,_Gabriel)","voice, piano",B-flat major,Early 20th century,,,Early 20th century,,14
Will You Love Me Then as Now?,"Arkwright, Frances","https://imslp.org/wiki/Will_You_Love_Me_Then_as_Now?_(Arkwright,_Frances)","voice, piano",E-flat major,Romantic,,,Classical,,5
Will You Love Me Then as Now?,"Glover, Charles William","https://imslp.org/wiki/Will_You_Love_Me_Then_as_Now?_(Glover,_Charles_William)","voice, piano",E-flat major,Romantic,,,Romantic,3 minutes,128
Will You Love Me in December as You Do in May?,"Ball, Ernest Roland","https://imslp.org/wiki/Will_You_Love_Me_in_December_as_You_Do_in_May?_(Ball,_Ernest_Roland)","voice, piano",A-flat major,Early 20th century,,,Romantic,,15
"Will You Love Me, Jennie Dear","Hewitt, John Hill","https://imslp.org/wiki/Will_You_Love_Me,_Jennie_Dear_(Hewitt,_John_Hill)","voice, piano",D major,Romantic,,,Romantic,2-3 minutes,67
Will You Remember,"Romberg, Sigmund","https://imslp.org/wiki/Will_You_Remember_(Romberg,_Sigmund)","voice, piano",E-flat major,Early 20th century,,,Early 20th century,,40
Will You Remember Me?,"Hays, William Shakespeare","https://imslp.org/wiki/Will_You_Remember_Me?_(Hays,_William_Shakespeare)","solo voice, SATB chorus, piano",F major,Romantic,,,Romantic,,30
Will You Remember Me?,"Santly, Henry W.","https://imslp.org/wiki/Will_You_Remember_Me?_(Santly,_Henry_W.)","voice, piano",C major,Early 20th century,,,Early 20th century,,9
Will You Say to My Dear Mammy,"Rahner, William","https://imslp.org/wiki/Will_You_Say_to_My_Dear_Mammy_(Rahner,_William)","voice, piano",F major,Early 20th century,,,Early 20th century,,10
Will You Take this Rose?,"Webb, Frank","https://imslp.org/wiki/Will_You_Take_this_Rose?_(Webb,_Frank)","voice, piano",G major,Early 20th century,,,Early 20th century,,7
Will Yow Walke the Woods soe Wylde,Anonymous,https://imslp.org/wiki/Will_Yow_Walke_the_Woods_soe_Wylde_(Anonymous),voice(s),,Renaissance,,,,,1193
"Will ich rechte Freude spüren, GWV 1118/15","Graupner, Christoph","https://imslp.org/wiki/Will_ich_rechte_Freude_spüren,_GWV_1118/15_(Graupner,_Christoph)","Soprano, 2 Oboes, Strings, Basso continuo",C major,Baroque,,1715,Baroque,,67
Will of the Bride,Anonymous,https://imslp.org/wiki/Will_of_the_Bride_(Anonymous),piano,B-flat major,Classical,,,,,4
Will the Angels Guard My Daddy Over There?,"Klickmann, Frank Henri","https://imslp.org/wiki/Will_the_Angels_Guard_My_Daddy_Over_There?_(Klickmann,_Frank_Henri)","voice, piano",C major,Early 20th century,,,Early 20th century,,7
Will the Angels Let Me In?,"Hays, William Shakespeare","https://imslp.org/wiki/Will_the_Angels_Let_Me_In?_(Hays,_William_Shakespeare)","voice, mixed chorus (SATB), piano",F major,Romantic,,,Romantic,3 minutes,29
Will the Angels Take Me Up?,"Webster, Joseph Philbrick","https://imslp.org/wiki/Will_the_Angels_Take_Me_Up?_(Webster,_Joseph_Philbrick)","voice, piano",D major,Romantic,,,Romantic,6 minutes,48
Will the Circle be Unbroken?,"Gabriel, Charles Hutchinson","https://imslp.org/wiki/Will_the_Circle_be_Unbroken?_(Gabriel,_Charles_Hutchinson)",mixed chorus (SATB),A-flat major,Romantic,,1907 or before,Romantic,,1101
Will the Roses Bloom in Heaven?,"Harris, Charles Kassell","https://imslp.org/wiki/Will_the_Roses_Bloom_in_Heaven?_(Harris,_Charles_Kassell)","voice, piano",A-flat major,Romantic,,,Romantic,,5
Will you Come to Meet Me Darling?,"Root, George Frederick","https://imslp.org/wiki/Will_you_Come_to_Meet_Me_Darling?_(Root,_George_Frederick)","voice, mixed chorus (SATB), piano",E-flat major,Romantic,,,Romantic,,6
Will you go to the Highlands,Anonymous,https://imslp.org/wiki/Will_you_go_to_the_Highlands_(Anonymous),piano,E-flat major,Romantic,,,,,7
Will you go to the fair?,"Atterbury, Luffman","https://imslp.org/wiki/Will_you_go_to_the_fair?_(Atterbury,_Luffman)",3 equal voices,C major,Classical,,,Classical,,11
Willard's Polka,"Strakosch, Maurice","https://imslp.org/wiki/Willard's_Polka_(Strakosch,_Maurice)",piano,D major,Romantic,,,Romantic,,17
Willeke's Violoncello Collection,"Willeke, Willem","https://imslp.org/wiki/Willeke's_Violoncello_Collection_(Willeke,_Willem)","Cello, piano",,Romantic,,,Early 20th century,,5087
"Willemoes, CNW 8","Nielsen, Carl","https://imslp.org/wiki/Willemoes,_CNW_8_(Nielsen,_Carl)","Voices: Vibeke (mezzo-soprano); male chorus (TTBB) Orchestra: flute, oboe, 2 clarinets (A), 2 horns (F), 2 trumpets (F), trombone, timpani, bass drum, piano, strings",,Early 20th century,,1907–1908,Romantic,,425
Willer March,"Bach, Christoph","https://imslp.org/wiki/Willer_March_(Bach,_Christoph)",orchestra,C major,Romantic,,1891,Romantic,,724
Willer Waltz,"Bach, Christoph","https://imslp.org/wiki/Willer_Waltz_(Bach,_Christoph)",piano,C major,Romantic,,1891,Romantic,,476
Willi's Home-Coming,"Stöhr, Richard","https://imslp.org/wiki/Willi's_Home-Coming_(Stöhr,_Richard)","violin, cello, piano",C major,Romantic,,1954,Early 20th century,,25
William,"Hanray, Lawrence","https://imslp.org/wiki/William_(Hanray,_Lawrence)","voice, piano",F major,Early 20th century,,1906,Early 20th century,,13
"William Ballet's Lute Book, IRL-Dtc MS 408","Ballet, William","https://imslp.org/wiki/William_Ballet's_Lute_Book,_IRL-Dtc_MS_408_(Ballet,_William)",lute (or lyra viol),,Renaissance,,,Renaissance,,839
William Calvert's Manuscript Tune Book,Various,https://imslp.org/wiki/William_Calvert's_Manuscript_Tune_Book_(Various),fiddle (suggested by fingering figures on a several tunes),,Classical,,,,,497
"William Dawson Armstrong, American Composer","Norton, Wilbur Theodore","https://imslp.org/wiki/William_Dawson_Armstrong,_American_Composer_(Norton,_Wilbur_Theodore)",Book,,Romantic,,,Romantic,,96
William Guisemann,"Bidgood, Thomas","https://imslp.org/wiki/William_Guisemann_(Bidgood,_Thomas)",3 violins,E-flat major,Romantic,,,Early 20th century,,13
William Ratcliff,"Cui, César","https://imslp.org/wiki/William_Ratcliff_(Cui,_César)",Voices with Orchestra,,Romantic,,1861-68,Romantic,,3452
William Ratcliff,"Leroux, Xavier","https://imslp.org/wiki/William_Ratcliff_(Leroux,_Xavier)","Vocal soloists, Chorus, Orchestra",,Romantic,,,Romantic,,125
"William Shakespeare, Op.74","Kuhlau, Friedrich","https://imslp.org/wiki/William_Shakespeare,_Op.74_(Kuhlau,_Friedrich)","voices, chorus, orchestra",,Classical,,1826,Romantic,,1082
William Taylor,English Folk Music,https://imslp.org/wiki/William_Taylor_(English_Folk_Music),voice,,Classical,,,,,10
William Tell,"Holland, Justin","https://imslp.org/wiki/William_Tell_(Holland,_Justin)",guitar,,Romantic,,,Romantic,,79
William Utermohlen,"Allard, Michel","https://imslp.org/wiki/William_Utermohlen_(Allard,_Michel)",piano,,Modern,,2012,Modern,9 minutes,193
William White,"Harris, Leslie","https://imslp.org/wiki/William_White_(Harris,_Leslie)","voice, piano",C major,Early 20th century,,1902,Early 20th century,,14
William and Ann,"Brooks, James","https://imslp.org/wiki/William_and_Ann_(Brooks,_James)","voice, 2 violins, continuo (or voice, keyboard)",E-flat major,Classical,,,Classical,,6
William's Duet,"Dyson, Peter","https://imslp.org/wiki/William's_Duet_(Dyson,_Peter)",Piano 4-hands,,Modern,,1979,Modern,1 minute,684
Williams Ghost,Anonymous,https://imslp.org/wiki/Williams_Ghost_(Anonymous),3 voices,B-flat major,Classical,,,,,6
Williams Hornpipe,Anonymous,https://imslp.org/wiki/Williams_Hornpipe_(Anonymous),Flute,D major,Romantic,,,,,2
Williamsburg Voluntary,"Ferrari, Carlotta","https://imslp.org/wiki/Williamsburg_Voluntary_(Ferrari,_Carlotta)",organ,,Modern,,2019,Modern,,278
Willie,"Andrews, John C.","https://imslp.org/wiki/Willie_(Andrews,_John_C.)","Voice, piano",G major,Romantic,,,Romantic,,39
Willie,"Wilson, Margaret Harries","https://imslp.org/wiki/Willie_(Wilson,_Margaret_Harries)","voice, piano",A major,Romantic,,,Romantic,,4
Willie Dear,"Barrett, B. Simeon","https://imslp.org/wiki/Willie_Dear_(Barrett,_B._Simeon)","voice, piano",F major,Romantic,,,Romantic,,23
Willie My Brave,"Foster, Stephen","https://imslp.org/wiki/Willie_My_Brave_(Foster,_Stephen)","voice, piano",B-flat major,Romantic,,,Romantic,,246
"Willie Schottisch, Polka, Mazurka","Bellak, James","https://imslp.org/wiki/Willie_Schottisch,_Polka,_Mazurka_(Bellak,_James)",piano,Various,Romantic,,,Romantic,,606
Willie and Fair Janet,Anonymous,https://imslp.org/wiki/Willie_and_Fair_Janet_(Anonymous),3 voices,B-flat major,Romantic,,,,,4
Willie has Gone to the War,"Foster, Stephen","https://imslp.org/wiki/Willie_has_Gone_to_the_War_(Foster,_Stephen)","Voice, chorus (STB), and piano",,Romantic,,,Romantic,,947
"Willie was a Wanton Wag, Hob.XXXIa:4","Haydn, Joseph","https://imslp.org/wiki/Willie_was_a_Wanton_Wag,_Hob.XXXIa:4_(Haydn,_Joseph)","voice, violin, keyboard (including figured bass)",C major,Classical,,,Classical,,2245
Willie's Gone to Heaven,"Foster, Stephen","https://imslp.org/wiki/Willie's_Gone_to_Heaven_(Foster,_Stephen)","2 voices, mixed chorus (SATB), piano",E-flat major,Romantic,,,Romantic,2 minutes,269
Willie's Last Words,"Hartshorn, W. Irving","https://imslp.org/wiki/Willie's_Last_Words_(Hartshorn,_W._Irving)","voice, mixed chorus (SATB), piano",G major,Romantic,,,Romantic,,0
Willie's Ship,"Tours, Berthold","https://imslp.org/wiki/Willie's_Ship_(Tours,_Berthold)","voice, piano",G major,Romantic,,,Romantic,4 minutes,2
Willie's o the Dark Blue Sea,"Grobe, Charles","https://imslp.org/wiki/Willie's_o_the_Dark_Blue_Sea_(Grobe,_Charles)",piano,E-flat major,Early 20th century,,,Romantic,,18
"Willie, We Have Missed You","Foster, Stephen","https://imslp.org/wiki/Willie,_We_Have_Missed_You_(Foster,_Stephen)","voice, piano",F major,Romantic,,,Romantic,,885
"Willig und treu, LV 464","Lassus, Orlande de","https://imslp.org/wiki/Willig_und_treu,_LV_464_(Lassus,_Orlande_de)",5 voices,,Renaissance,,,Renaissance,,10
"Willkomm' du Licht aus Licht geboren, FaWV deest","Fasch, Johann Friedrich","https://imslp.org/wiki/Willkomm'_du_Licht_aus_Licht_geboren,_FaWV_deest_(Fasch,_Johann_Friedrich)","Voices: soprano, tenor, bass; mixed chorus (SATB) Orchestra: 2 oboes, 2 horns, strings, continuo",,Baroque,,,Baroque,,784
"Willkomm' mein Prinz, MWV 2.13","Molter, Johann Melchior","https://imslp.org/wiki/Willkomm'_mein_Prinz,_MWV_2.13_(Molter,_Johann_Melchior)","Voices, mixed chorus, orchestra",,Baroque,,,Baroque,,180
Willkommen du lieblicher Mai,"Kücken, Friedrich Wilhelm","https://imslp.org/wiki/Willkommen_du_lieblicher_Mai_(Kücken,_Friedrich_Wilhelm)",mixed chorus (SATB),C major,Romantic,,,Romantic,,11
"Willkommen und Abschied, D.767","Schubert, Franz","https://imslp.org/wiki/Willkommen_und_Abschied,_D.767_(Schubert,_Franz)","voice, piano",D major - 1st version C major - 2nd version,Romantic,,1822 (December),Romantic,,4682
"Willkommen und Abschied, Op.9","Henderson-Sellers, Brian","https://imslp.org/wiki/Willkommen_und_Abschied,_Op.9_(Henderson-Sellers,_Brian)","alto (or tenor), piano",E major,Classical,,1970-71,Modern,6 minutes,67
Willkommen!,"Menager, Laurent","https://imslp.org/wiki/Willkommen!_(Menager,_Laurent)",,,,,,,,0
"Willkommen, Erlöser der Erden, NesF A74","Freislich, Johann Balthasar Christian","https://imslp.org/wiki/Willkommen,_Erlöser_der_Erden,_NesF_A74_(Freislich,_Johann_Balthasar_Christian)","Vocal - Soloists (SB), Chorus I (SATB), Chorus II Orchestra I - 2 trumpets, timpani, strings, continuo (bombard, cello, organ) Orchestra II - oboe, 2 trumpets, timpani, strings, continuo (cello, great organ)",D major,Baroque,,,Baroque,,1385
"Willkommen, Erlöser der Erden, NesF A74","Freisslich, Johann Balthasar Christian","https://imslp.org/wiki/Willkommen,_Erlöser_der_Erden,_NesF_A74_(Freisslich,_Johann_Balthasar_Christian)","Vocal - Soloists (SB), Chorus I (SATB), Chorus II Orchestra I - 2 trumpets, timpani, strings, continuo (bombard, cello, organ) Orchestra II - oboe, 2 trumpets, timpani, strings, continuo (cello, great organ)",D major,Baroque,,,Baroque,,1385
"Willkommen, O süsser Bräutigam","Geisthirt, Johann Konrad","https://imslp.org/wiki/Willkommen,_O_süsser_Bräutigam_(Geisthirt,_Johann_Konrad)",2 mixed choruses (SATB/SATB),A minor,Baroque,,,Baroque,1-2 minutes,132
"Willkommen, Op.23 No.5","Menkveld, Jan Willem","https://imslp.org/wiki/Willkommen,_Op.23_No.5_(Menkveld,_Jan_Willem)",violin,B major,Modern,,2017,Modern,2 minutes,58
"Willkommen, ihr herrschenden Götter der Erden, BWV 1161","Bach, Johann Sebastian","https://imslp.org/wiki/Willkommen,_ihr_herrschenden_Götter_der_Erden,_BWV_1161_(Bach,_Johann_Sebastian)",unknown,,Baroque,,1738,Baroque,,396
"Willkommen, lieber schöner Mai, D.244","Schubert, Franz","https://imslp.org/wiki/Willkommen,_lieber_schöner_Mai,_D.244_(Schubert,_Franz)",3 voices,,Romantic,,1815 August?,Romantic,2-3 minutes,2348
"Willkommen, o seliger Abend","Becker, Wilhelm Gottlieb","https://imslp.org/wiki/Willkommen,_o_seliger_Abend_(Becker,_Wilhelm_Gottlieb)",Voice,,Romantic,,1798,Classical,,366
"Willkommen, segenvolles Fest, TWV 1:1652","Telemann, Georg Philipp","https://imslp.org/wiki/Willkommen,_segenvolles_Fest,_TWV_1:1652_(Telemann,_Georg_Philipp)","Voices: alto, tenor, bass; mixed chorus (SSATB) Orchestra: (2 oboes, 2 flutes and violino piccolo ad lib.) 4 trumpets, timpani, strings, continuo",D major,Baroque,,1711,Baroque,15 minutes,171
"Willkommen, süßer Bräutigam","Lübeck, Vincent","https://imslp.org/wiki/Willkommen,_süßer_Bräutigam_(Lübeck,_Vincent)",Voices: 2 sopranos (+ bass ad lib. ) Orchestra: 2 violins + continuo,,Baroque,,,Baroque,,9412
"Willkommen-Rufe, Op.168","Strauss Sr., Johann","https://imslp.org/wiki/Willkommen-Rufe,_Op.168_(Strauss_Sr.,_Johann)",Orchestra,,Romantic,,,Romantic,,105
Willminnett,"Kimmell, Abram","https://imslp.org/wiki/Willminnett_(Kimmell,_Abram)",Piano,A-flat major,Romantic,,,Romantic,,113
Willoughby Lute Book,"Willoughby, Francis","https://imslp.org/wiki/Willoughby_Lute_Book_(Willoughby,_Francis)",lute; 2 lutes; cittern; virginal (keyboard),,Renaissance,,,Renaissance,,19
Willow Bank Waltz,"Chadwick, L. Thayer","https://imslp.org/wiki/Willow_Bank_Waltz_(Chadwick,_L._Thayer)",piano,A-flat major,Romantic,,,Romantic,,179
Willow Brook,"Lowell, Oscar","https://imslp.org/wiki/Willow_Brook_(Lowell,_Oscar)",Piano,F major,Romantic,,,Romantic,,123
Willow Dell,"Tucker, Henry L.","https://imslp.org/wiki/Willow_Dell_(Tucker,_Henry_L.)",piano,D major,Romantic,,,Romantic,2-3 minutes,119
Willow Grove March,"Sorrentino, Eugenio","https://imslp.org/wiki/Willow_Grove_March_(Sorrentino,_Eugenio)",piano,,Romantic,,,Early 20th century,,12
Willow Leaf Rag,"Simpson, Cameron Lee","https://imslp.org/wiki/Willow_Leaf_Rag_(Simpson,_Cameron_Lee)",piano,E major,Jazz,,2020,Modern,2-3 minutes,22
Willow Tree,Various,https://imslp.org/wiki/Willow_Tree_(Various),"voice, piano",B-flat major,Early 20th century,,,,3 minutes,0
Willow Waltz,"Finlay McAuliffe, Kass","https://imslp.org/wiki/Willow_Waltz_(Finlay_McAuliffe,_Kass)","soprano recorder, 2 alto recorder, tenor recorder",C major,Modern,,1976,Modern,2 minutes,295
Willow Wand,"Woodforde-Finden, Amy","https://imslp.org/wiki/Willow_Wand_(Woodforde-Finden,_Amy)","voice, piano",,Romantic,,,Romantic,,47
"Willow, Willow","Grainger, Percy","https://imslp.org/wiki/Willow,_Willow_(Grainger,_Percy)","voice, piano",,Early 20th century,,,Early 20th century,,445
Willow-Blossoms,"Sousa, John Philip","https://imslp.org/wiki/Willow-Blossoms_(Sousa,_John_Philip)",Wind Band,F major,Romantic,,,Romantic,,32
Willow-Wood,"Vaughan Williams, Ralph","https://imslp.org/wiki/Willow-Wood_(Vaughan_Williams,_Ralph)","baritone solo, female chorus (SA), orchestra",,Early 20th century,,,Early 20th century,,13
Willows,"Bainton, Edgar Leslie","https://imslp.org/wiki/Willows_(Bainton,_Edgar_Leslie)",piano,D-flat major,Early 20th century,,1927,Early 20th century,,0
"Willows, Op.17","Erenberg, Vladimir","https://imslp.org/wiki/Willows,_Op.17_(Erenberg,_Vladimir)","voice, piano",C major,Romantic,,,Romantic,,10
Willson's wilde,Anonymous,https://imslp.org/wiki/Willson's_wilde_(Anonymous),lute,,Renaissance,,,,,498
"Willst du Liebe lernen?, Op.174","Fetrás, Oscar","https://imslp.org/wiki/Willst_du_Liebe_lernen?,_Op.174_(Fetrás,_Oscar)",orchestra,,Romantic,,,Romantic,,14
"Willst du dein Herz mir schenken, BWV 518","Bach, Johann Sebastian","https://imslp.org/wiki/Willst_du_dein_Herz_mir_schenken,_BWV_518_(Bach,_Johann_Sebastian)","voice, continuo",E-flat major,Baroque,,,Baroque,,136
Willst du immer weiter schweifen?,"Haydn, Joseph","https://imslp.org/wiki/Willst_du_immer_weiter_schweifen?_(Haydn,_Joseph)",5 equal voices,C minor,Classical,,,Classical,,382
Willst du mein sein,"Meyer-Helmund, Erik","https://imslp.org/wiki/Willst_du_mein_sein_(Meyer-Helmund,_Erik)","voice, piano",,Romantic,,,Romantic,,20
Willst du singen?,"Randhartinger, Benedict","https://imslp.org/wiki/Willst_du_singen?_(Randhartinger,_Benedict)",male chorus TTBB,D major,Romantic,,1874,Romantic,2.5 minutes,26
"Willy's Rare, Hob.XXXIa:82","Haydn, Joseph","https://imslp.org/wiki/Willy's_Rare,_Hob.XXXIa:82_(Haydn,_Joseph)","voice, violin, keyboard (including figured bass)",B-flat major,Classical,,,Classical,,2366
Willyum Wilson,"Spink, George A.","https://imslp.org/wiki/Willyum_Wilson_(Spink,_George_A.)","voice, piano",G major,Early 20th century,,,Early 20th century,,6
"Wilmington Schottisch, Op.14","Schreiner, Hermann L.","https://imslp.org/wiki/Wilmington_Schottisch,_Op.14_(Schreiner,_Hermann_L.)",piano,A major,Romantic,,,Romantic,1-2 minutes,104
Wilson Polka Mazurka,"Fox, Eddie","https://imslp.org/wiki/Wilson_Polka_Mazurka_(Fox,_Eddie)","Orchestra (full): flute, 2 clarinets (B ♭ ) + 2 horns (F), 2 cornets (B ♭ ), trombone + drums, triangle + piano ( ad lib. ) + strings Orchestra (small): flute, clarinet + 2 cornets, trombone + piano ( ad lib. ) + strings",,Romantic,,,Romantic,,5
Wilson's Funeral March,"Ryder, Thomas Philando","https://imslp.org/wiki/Wilson's_Funeral_March_(Ryder,_Thomas_Philando)",Piano,D minor,Romantic,,1875,Romantic,,498
"Wilson, Op.19","Eckhardt Sobrinho, Carlos","https://imslp.org/wiki/Wilson,_Op.19_(Eckhardt_Sobrinho,_Carlos)",piano,B-flat minor,Early 20th century,,,Romantic,,18
"Wilt Thou Be Gone, Love","Foster, Stephen","https://imslp.org/wiki/Wilt_Thou_Be_Gone,_Love_(Foster,_Stephen)","soprano, tenor, piano",E-flat major,Romantic,,,Romantic,3 minutes,1261
Wilt Thou Be True?,"Foster, Stephen","https://imslp.org/wiki/Wilt_Thou_Be_True?_(Foster,_Stephen)","voice, piano",F major,Romantic,,,Romantic,3 minutes,970
Wilt Thou Bring My Baby Home?,"Wiggins, Thomas ""Blind Tom""","https://imslp.org/wiki/Wilt_Thou_Bring_My_Baby_Home?_(Wiggins,_Thomas_""Blind_Tom"")","voice, piano",,Romantic,,,Romantic,,14
Wilt Thou Change Too?,"Harraden, Ethel Rosalie","https://imslp.org/wiki/Wilt_Thou_Change_Too?_(Harraden,_Ethel_Rosalie)","voice, piano",A major,Romantic,,,Romantic,,15
Wilt heden nu treden,"Valerius, Adrianus","https://imslp.org/wiki/Wilt_heden_nu_treden_(Valerius,_Adrianus)",Voices,,Baroque,,,Baroque,,1431
"Wilt thou meet me there, Love?","Hime, Benjamin","https://imslp.org/wiki/Wilt_thou_meet_me_there,_Love?_(Hime,_Benjamin)","voice, piano",C major,Romantic,,,Romantic,,13
Win Her in the Old-Fashioned Way,"Ager, Milton","https://imslp.org/wiki/Win_Her_in_the_Old-Fashioned_Way_(Ager,_Milton)","voice, piano",B-flat major,Romantic,,,Early 20th century,,23
Wincy Lucy Cake Walkin',"Durlo, Andrea","https://imslp.org/wiki/Wincy_Lucy_Cake_Walkin'_(Durlo,_Andrea)",Piano,A-flat major,Modern,,,Modern,,631
Wind,"Rolock, Reiny","https://imslp.org/wiki/Wind_(Rolock,_Reiny)",Clarinet and Piano,F minor,Modern,,2012,Modern,1 minute,965
Wind Bags,"Drehmer, Earl Richard","https://imslp.org/wiki/Wind_Bags_(Drehmer,_Earl_Richard)",EPS sampled mouth sound Wind Sustained,,Modern,,2006 ca.,Modern,7.1 minutes,23
Wind Chime,"Toyofuku, Masashi","https://imslp.org/wiki/Wind_Chime_(Toyofuku,_Masashi)",piano,C major,Modern,,2024,Modern,3 minutes,57
Wind Chimes,"Drehmer, Earl Richard","https://imslp.org/wiki/Wind_Chimes_(Drehmer,_Earl_Richard)","keyboard (various EPS samples): woodwinds, tam tam, suspended cymbal, mallet Instruments",,Modern,,1985 ca.,Modern,3.1 minutes,0
Wind Fanfare,"Catt, Gavin William","https://imslp.org/wiki/Wind_Fanfare_(Catt,_Gavin_William)","Wind Ensemble: flute, 3 clarinets (B ♭ ), bass clarinet (B ♭ ), 4 saxophones (2 altos (E ♭ ), tenor (B ♭ ), baritone (E ♭ )) 2 horns (F, G), 4 trumpets (B ♭ ), 2 euphoniums (T.C., B.C.), 3 trombones, tuba",C major,Modern,,,Modern,,1675
Wind Flowers,"Somervell, Arthur","https://imslp.org/wiki/Wind_Flowers_(Somervell,_Arthur)","4 Vocal soloists (SATB - in various combinations), Piano",,Romantic,,,Romantic,,668
Wind Memory,"Tokubi, Yasuzumi","https://imslp.org/wiki/Wind_Memory_(Tokubi,_Yasuzumi)",fl/ob/cl/fg/hr/pf/vn2/va/vc/cb,,Modern,,2008 (December),Modern,,369
Wind Octet,"Wailly, Paul de","https://imslp.org/wiki/Wind_Octet_(Wailly,_Paul_de)","flute, oboe, 2 clarinets, trumpet, horn, 2 bassoons",E-flat major,Romantic,,,Romantic,,1066
"Wind Octet in E-flat major, Op.103","Beethoven, Ludwig van","https://imslp.org/wiki/Wind_Octet_in_E-flat_major,_Op.103_(Beethoven,_Ludwig_van)","2 oboes, 2 clarinets, 2 bassoons, 2 horns",E-flat major,Classical,,1792-93,Classical,20-25 minutes,37605
Wind Octet in F major,"Soares, Artur Penha","https://imslp.org/wiki/Wind_Octet_in_F_major_(Soares,_Artur_Penha)","2 oboes, 2 clarinets, 2 horns, 2 bassoons",F major,Modern,,2009,Modern,,2479
"Wind Octet, Op.20","Lazzari, Sylvio","https://imslp.org/wiki/Wind_Octet,_Op.20_(Lazzari,_Sylvio)","flute, oboe, English horn, clarinet, 2 bassoons, 2 horns",F major,Romantic,,1889,Romantic,18 minutes,3454
Wind Performer's Guide to Increasing Endurance,"Ewell, Terry B.","https://imslp.org/wiki/Wind_Performer's_Guide_to_Increasing_Endurance_(Ewell,_Terry_B.)",Bassoon,,Classical,,2013,Modern,,0
Wind Quartet,"Dawson, Jacob","https://imslp.org/wiki/Wind_Quartet_(Dawson,_Jacob)","flute, oboe, clarinet (also bass clarinet), bassoon",,Modern,,2018-19,Modern,15 minutes,236
Wind Quartet,"Françaix, Jean","https://imslp.org/wiki/Wind_Quartet_(Françaix,_Jean)","flute, oboe, clarinet, bassoon",,Early 20th century,,1933,Modern,10 minutes,1500
Wind Quartet,"Verbalis, Anthony","https://imslp.org/wiki/Wind_Quartet_(Verbalis,_Anthony)","flute, oboe, clarinet, bassoon",E-flat major,Modern,,2012 (October),Modern,6 minutes,5096
Wind Quartet No.1,"Chase, Alex","https://imslp.org/wiki/Wind_Quartet_No.1_(Chase,_Alex)","Flute, Oboe, Bass Clarinet (B ♭ ), Contrabassoon",F major,Modern,,March 5 2011,Modern,6 minutes,3322
Wind Quartet No.1,"Queipo de Llano, Pablo","https://imslp.org/wiki/Wind_Quartet_No.1_(Queipo_de_Llano,_Pablo)","2 oboes, 2 bassoons",D minor,Baroque,,2024,Modern,,50
"Wind Quartet No.1, Op.103","Nikmaram, Ryan","https://imslp.org/wiki/Wind_Quartet_No.1,_Op.103_(Nikmaram,_Ryan)","flute, oboe, clarinet, bassoon",A major,Classical,,2020-21,Modern,1 minutes,0
"Wind Quartet No.1, Op.144","Plante, Cyril","https://imslp.org/wiki/Wind_Quartet_No.1,_Op.144_(Plante,_Cyril)","oboe, clarinet, bassoon, horn",,Early 20th century,,2011,Modern,,5610
"Wind Quartet No.1, Op.9","Ya-bookie, Sir","https://imslp.org/wiki/Wind_Quartet_No.1,_Op.9_(Ya-bookie,_Sir)","flute, oboe, clarinet, bassoon",D minor,Early 20th century,,2020,Modern,14 minutes,341
Wind Quartet No.2,"Queipo de Llano, Pablo","https://imslp.org/wiki/Wind_Quartet_No.2_(Queipo_de_Llano,_Pablo)","transverse flute, oboe, clarinet, bassoon",D major,Baroque,,2024,Modern,,39
Wind Quartet No.3,"Queipo de Llano, Pablo","https://imslp.org/wiki/Wind_Quartet_No.3_(Queipo_de_Llano,_Pablo)","transverse flute, oboe, clarinet, bassoon",D minor,Baroque,,2024,Modern,,29
Wind Quartet No.4,"Queipo de Llano, Pablo","https://imslp.org/wiki/Wind_Quartet_No.4_(Queipo_de_Llano,_Pablo)","2 oboes, clarinet, bassoon",F major,Baroque,,2024,Modern,,18
"Wind Quartet No.4, Op.48","Walckiers, Eugène","https://imslp.org/wiki/Wind_Quartet_No.4,_Op.48_(Walckiers,_Eugène)","flute, clarinet (B ♭ ), horn (F), bassoon",B-flat major,Romantic,,,Romantic,31 minutes,418
Wind Quartet No.5,"Queipo de Llano, Pablo","https://imslp.org/wiki/Wind_Quartet_No.5_(Queipo_de_Llano,_Pablo)","transverse flute, oboe, clarinet, bassoon",A minor,Baroque,,2024,Modern,,23
Wind Quartet No.5,"Tavares, Luciano","https://imslp.org/wiki/Wind_Quartet_No.5_(Tavares,_Luciano)","flute, oboe, clarinet, bassoon",,Modern,,2026,Modern,21 minutes,28
Wind Quartet No.6,"Queipo de Llano, Pablo","https://imslp.org/wiki/Wind_Quartet_No.6_(Queipo_de_Llano,_Pablo)","2 oboes, clarinet, bassoon",F major,Baroque,,2024,Modern,,22
Wind Quartet No.6,"Tavares, Luciano","https://imslp.org/wiki/Wind_Quartet_No.6_(Tavares,_Luciano)","flute, oboe, clarinet, bassoon",,Modern,,2026,Modern,16 minutes,39
"Wind Quartet, Op.19","Egidi, Arthur","https://imslp.org/wiki/Wind_Quartet,_Op.19_(Egidi,_Arthur)","flute, oboe, clarinet, bassoon",G major,Early 20th century,,1919,Romantic,,6
"Wind Quartet, Op.4","Mantione, Carmelo","https://imslp.org/wiki/Wind_Quartet,_Op.4_(Mantione,_Carmelo)","flute, oboe, clarinet, bassoon",,Modern,,,,,0
"Wind Quartet, Op.93","Goepfart, Karl Eduard","https://imslp.org/wiki/Wind_Quartet,_Op.93_(Goepfart,_Karl_Eduard)","flute, oboe, clarinet, bassoon",D minor,Romantic,,,Romantic,15 minutes,11420
Wind Quintet,"Arakelian, Grigor","https://imslp.org/wiki/Wind_Quintet_(Arakelian,_Grigor)","flute, oboe, clarinet (B ♭ ), bassoon, horn (F)",,Modern,,2016,Modern,11-12 minutes,1062
Wind Quintet,"Bacewicz, Grażyna","https://imslp.org/wiki/Wind_Quintet_(Bacewicz,_Grażyna)","flute, oboe, clarinet, bassoon, horn",,Early 20th century,,1932,Early 20th century,13 minutes,0
Wind Quintet,"Beischer-Matyó, Tamás","https://imslp.org/wiki/Wind_Quintet_(Beischer-Matyó,_Tamás)","flute, oboe, clarinet, horn, bassoon",,Modern,,1997-98/2009,Modern,20 minutes,8086
Wind Quintet,"Chrétien, Hedwige","https://imslp.org/wiki/Wind_Quintet_(Chrétien,_Hedwige)","flute, oboe, clarinet, horn (valved or alto in F), bassoon",G minor,Romantic,,,Romantic,,498
Wind Quintet,"Françaix, Jean","https://imslp.org/wiki/Wind_Quintet_(Françaix,_Jean)","flute, oboe, clarinet (A), bassoon, horn",,Modern,,,Modern,,601
Wind Quintet,"Gerhard, Roberto","https://imslp.org/wiki/Wind_Quintet_(Gerhard,_Roberto)","flute, oboe, clarinet, horn, bassoon",,Early 20th century,,1928,Early 20th century,15 minutes,0
Wind Quintet,"Green, Anthony","https://imslp.org/wiki/Wind_Quintet_(Green,_Anthony)","flute, oboe, clarinet, horn, bassoon",,Modern,,2016,Modern,12 minutes,10
Wind Quintet,"Heim, Max","https://imslp.org/wiki/Wind_Quintet_(Heim,_Max)","flute, oboe, clarinet (B ♭ ), bassoon, horn (E ♭ )",E-flat major,Romantic,,,Romantic,,3736
Wind Quintet,"Huybrechts, Albert","https://imslp.org/wiki/Wind_Quintet_(Huybrechts,_Albert)","flute, oboe, clarinet, bassoon, horn",,Early 20th century,,1936,Early 20th century,13 minutes,0
Wind Quintet,"Ingenhoven, Jan","https://imslp.org/wiki/Wind_Quintet_(Ingenhoven,_Jan)","Flute, Oboe, Clarinet in A, Horn in F, Bassoon",,Early 20th century,,"1911, Munich",Romantic,,2985
Wind Quintet,"Pandolfo, Paolo","https://imslp.org/wiki/Wind_Quintet_(Pandolfo,_Paolo)","flute, oboe, clarinet, horn, bassoon",,Modern,,2021,Modern,15 minutes,108
Wind Quintet,"Rasmussen, Peter","https://imslp.org/wiki/Wind_Quintet_(Rasmussen,_Peter)","Flute, Oboe, Clarinet, Bassoon, Horn",F major,Romantic,,1896,Romantic,,3394
Wind Quintet,"Sanchis, Salvador","https://imslp.org/wiki/Wind_Quintet_(Sanchis,_Salvador)","wind quintet (flute, oboe, clarinet, bassoon, horn)",,Modern,,,Modern,20 minutes,2336
Wind Quintet,"Saral, Ali Riza","https://imslp.org/wiki/Wind_Quintet_(Saral,_Ali_Riza)","Flute, oboe, clarinet, bassoon, horn",,Modern,,"1989, 2022",Modern,9 minutes,792
Wind Quintet,"Taffanel, Paul","https://imslp.org/wiki/Wind_Quintet_(Taffanel,_Paul)","flute, oboe, clarinet, bassoon, horn",,Romantic,,1876,Romantic,,39174
Wind Quintet,"Tomasi, Henri","https://imslp.org/wiki/Wind_Quintet_(Tomasi,_Henri)","Flute, oboe, clarinet, horn, and bassoon",,Early 20th century,,1952,Early 20th century,19 minutes,0
Wind Quintet,"Vilarroig, Pedro","https://imslp.org/wiki/Wind_Quintet_(Vilarroig,_Pedro)","Flute, Oboe, Clarinet in B ♭ , Horn in F, Bassoon",,Modern,,,Modern,,2331
Wind Quintet,"Weber, Joseph Miroslav","https://imslp.org/wiki/Wind_Quintet_(Weber,_Joseph_Miroslav)","flute, oboe, clarinet, bassoon, horn",F major,Romantic,,1900,Romantic,,53
Wind Quintet,"Weber, Ludwig","https://imslp.org/wiki/Wind_Quintet_(Weber,_Ludwig)","flute, oboe, clarinet, bassoon, horn",,Early 20th century,,1923,Early 20th century,16 minutes,0
Wind Quintet,"Ørskov, Rasmus","https://imslp.org/wiki/Wind_Quintet_(Ørskov,_Rasmus)","Flute, Oboe, Clarinet (A), Horn (F) and Bassoon",A minor,Modern,,2009,Modern,2 minutes,1472
Wind Quintet No.1,"Deshayes, Jean","https://imslp.org/wiki/Wind_Quintet_No.1_(Deshayes,_Jean)","flute, oboe, clarinet, bassoon, horn",,Romantic,,,Romantic,,18
Wind Quintet No.1,"Domansky, Alfred","https://imslp.org/wiki/Wind_Quintet_No.1_(Domansky,_Alfred)","flute, oboe, clarinet, bassoon, horn",F major,Early 20th century,,,Early 20th century,,1603
Wind Quintet No.1,"Li, Cheng-Shiun","https://imslp.org/wiki/Wind_Quintet_No.1_(Li,_Cheng-Shiun)","flute, oboe, clarinet (B ♭ ), bassoon, horn (F)",,Modern,,2012,Modern,4~6 minutes,1721
Wind Quintet No.1,"Rosaria, Danielle","https://imslp.org/wiki/Wind_Quintet_No.1_(Rosaria,_Danielle)","flute, oboe, clarinet (B ♭ ), bassoon, horn (F)",B-flat major,Modern,,2015,Modern,11 minutes,1103
Wind Quintet No.1 in B-flat major,"Cambini, Giuseppe Maria","https://imslp.org/wiki/Wind_Quintet_No.1_in_B-flat_major_(Cambini,_Giuseppe_Maria)","Wind Quintet flute, oboe, clarinet (B ♭ ), bassoon, horn (E ♭ )",B-flat major,Classical,,,Classical,,48880
Wind Quintet No.1 in E-flat major,"Müller, Peter","https://imslp.org/wiki/Wind_Quintet_No.1_in_E-flat_major_(Müller,_Peter)","flute, oboe, clarinet (B ♭ - Nos.1&2/A - No.3), bassoon, horn (E ♭ - Nos.1&2/E - No.3)",E-flat major; C minor; A major,Romantic,,,Romantic,,14309
"Wind Quintet No.1, Op.124","Briccialdi, Giulio","https://imslp.org/wiki/Wind_Quintet_No.1,_Op.124_(Briccialdi,_Giulio)","flute, oboe, clarinet, bassoon, horn",D major,Romantic,,,Romantic,,18861
"Wind Quintet No.1, Op.163","Plante, Cyril","https://imslp.org/wiki/Wind_Quintet_No.1,_Op.163_(Plante,_Cyril)","flute, oboe, clarinet (B ♭ ), 2 bassoons",,Early 20th century,,2012,Modern,,840
"Wind Quintet No.1, Op.9","Sobeck, Johann","https://imslp.org/wiki/Wind_Quintet_No.1,_Op.9_(Sobeck,_Johann)","flute, oboe, clarinet, bassoon, horn",F major,Romantic,,,Romantic,,6713
Wind Quintet No.10,"Li, Cheng-Shiun","https://imslp.org/wiki/Wind_Quintet_No.10_(Li,_Cheng-Shiun)","flute, oboe, clarinet (B ♭ ), bassoon, horn (F)",E-flat major,Modern,,2017,Modern,5 minutes,381
Wind Quintet No.11,"Li, Cheng-Shiun","https://imslp.org/wiki/Wind_Quintet_No.11_(Li,_Cheng-Shiun)","flute, oboe, clarinet (B ♭ ), bassoon, horn (F)",F major,Modern,,2018,Modern,5 minutes,340
Wind Quintet No.12,"Li, Cheng-Shiun","https://imslp.org/wiki/Wind_Quintet_No.12_(Li,_Cheng-Shiun)","flute, oboe, clarinet (B ♭ ), bassoon, horn (F)",G-flat major,Modern,,2019,Modern,5 minutes,288
Wind Quintet No.13,"Li, Cheng-Shiun","https://imslp.org/wiki/Wind_Quintet_No.13_(Li,_Cheng-Shiun)","flute, oboe, clarinet, bassoon, horn",G major,Modern,,2020,Modern,5 minutes,291
Wind Quintet No.14,"Li, Cheng-Shiun","https://imslp.org/wiki/Wind_Quintet_No.14_(Li,_Cheng-Shiun)","flute, oboe, clarinet, bassoon, horn",E-flat major,Modern,,2022,Modern,5 minutes,172
Wind Quintet No.15,"Li, Cheng-Shiun","https://imslp.org/wiki/Wind_Quintet_No.15_(Li,_Cheng-Shiun)","flute, oboe, clarinet, bassoon, horn",G major,Modern,,2024,Modern,8 minutes,112
Wind Quintet No.2,"Deshayes, Jean","https://imslp.org/wiki/Wind_Quintet_No.2_(Deshayes,_Jean)","flute, oboe, clarinet, bassoon, horn",,Romantic,,,Romantic,,14
Wind Quintet No.2,"Domansky, Alfred","https://imslp.org/wiki/Wind_Quintet_No.2_(Domansky,_Alfred)","flute, 2 clarinets, horn, bassoon",B-flat major,Early 20th century,,,Early 20th century,,917
Wind Quintet No.2,"Fine, Elaine","https://imslp.org/wiki/Wind_Quintet_No.2_(Fine,_Elaine)","flute, oboe, clarinet (B ♭ ), bassoon, horn (F)",,Modern,,2017 ca.,Modern,10 minutes,1911
Wind Quintet No.2,"Gebauer, François René","https://imslp.org/wiki/Wind_Quintet_No.2_(Gebauer,_François_René)","flute, oboe, clarinet, bassoon, horn",E-flat major,Classical,,,Classical,,0
Wind Quintet No.2,"Hansen, William Bunker","https://imslp.org/wiki/Wind_Quintet_No.2_(Hansen,_William_Bunker)","flute, oboe, clarinet (B ♭ ), bassoon, horn (F)",,Modern,,2019-20,Modern,18 minutes,396
Wind Quintet No.2,"Li, Cheng-Shiun","https://imslp.org/wiki/Wind_Quintet_No.2_(Li,_Cheng-Shiun)","flute, oboe, clarinet, bassoon, horn",B-flat major,Modern,,2014 or before,Modern,7-8 minutes,967
Wind Quintet No.2,"Sulzenbacher, Rudolf","https://imslp.org/wiki/Wind_Quintet_No.2_(Sulzenbacher,_Rudolf)","flute, oboe, clarinet, bassoon, horn",,Modern,,2022,Modern,20 minutes,28
Wind Quintet No.2 in C minor,"Müller, Peter","https://imslp.org/wiki/Wind_Quintet_No.2_in_C_minor_(Müller,_Peter)","flute, oboe, clarinet (B ♭ - Nos.1&2/A - No.3), bassoon, horn (E ♭ - Nos.1&2/E - No.3)",E-flat major; C minor; A major,Romantic,,,Romantic,,14309
Wind Quintet No.2 in D minor,"Cambini, Giuseppe Maria","https://imslp.org/wiki/Wind_Quintet_No.2_in_D_minor_(Cambini,_Giuseppe_Maria)","Wind Quintet flute, oboe, clarinet, bassoon, horn",D minor,Classical,,,Classical,,30403
"Wind Quintet No.2, Op.11","Sobeck, Johann","https://imslp.org/wiki/Wind_Quintet_No.2,_Op.11_(Sobeck,_Johann)","flute, oboe, clarinet, bassoon, horn",,Romantic,,,Romantic,,4202
"Wind Quintet No.2, Op.204","Plante, Cyril","https://imslp.org/wiki/Wind_Quintet_No.2,_Op.204_(Plante,_Cyril)","flute, oboe, clarinet (B ♭ ), bassoon, horn (F)",D major,Modern,,2015 (October),Modern,,1016
Wind Quintet No.3,"Li, Cheng-Shiun","https://imslp.org/wiki/Wind_Quintet_No.3_(Li,_Cheng-Shiun)","flute, oboe, clarinet, bassoon, horn",G major,Modern,,2014,Modern,6 minutes,783
Wind Quintet No.3,"Sulzenbacher, Rudolf","https://imslp.org/wiki/Wind_Quintet_No.3_(Sulzenbacher,_Rudolf)","flute, oboe, clarinet, bassoon, horn",,Modern,,2025,Modern,,68
Wind Quintet No.3 in A major,"Müller, Peter","https://imslp.org/wiki/Wind_Quintet_No.3_in_A_major_(Müller,_Peter)","flute, oboe, clarinet (B ♭ - Nos.1&2/A - No.3), bassoon, horn (E ♭ - Nos.1&2/E - No.3)",E-flat major; C minor; A major,Romantic,,,Romantic,,14309
Wind Quintet No.3 in F major,"Cambini, Giuseppe Maria","https://imslp.org/wiki/Wind_Quintet_No.3_in_F_major_(Cambini,_Giuseppe_Maria)","Wind Quintet flute, oboe, clarinet, bassoon, horn",F major,Classical,,,Classical,,29991
"Wind Quintet No.3, Op.14","Sobeck, Johann","https://imslp.org/wiki/Wind_Quintet_No.3,_Op.14_(Sobeck,_Johann)","flute, oboe, clarinet, bassoon, horn",,Romantic,,,Romantic,,4678
Wind Quintet No.4,"Li, Cheng-Shiun","https://imslp.org/wiki/Wind_Quintet_No.4_(Li,_Cheng-Shiun)","Flute, Oboe, Clarinet, Basson and Horn",B-flat major,Modern,,,Modern,6 minutes,867
"Wind Quintet No.4, Op.23","Sobeck, Johann","https://imslp.org/wiki/Wind_Quintet_No.4,_Op.23_(Sobeck,_Johann)","flute, oboe, clarinet, bassoon, horn",,Romantic,,,Romantic,,4129
Wind Quintet No.5,"Li, Cheng-Shiun","https://imslp.org/wiki/Wind_Quintet_No.5_(Li,_Cheng-Shiun)","Flute, Oboe, Clarinet, Basson and Horn",,Modern,,,Modern,6 minutes,676
Wind Quintet No.6,"Li, Cheng-Shiun","https://imslp.org/wiki/Wind_Quintet_No.6_(Li,_Cheng-Shiun)","flute, oboe, clarinet (B ♭ ), bassoon, horn (F)",,Modern,,2016,Modern,5 minutes,581
Wind Quintet No.7,"Li, Cheng-Shiun","https://imslp.org/wiki/Wind_Quintet_No.7_(Li,_Cheng-Shiun)","flute, oboe, clarinet (B ♭ ), bassoon, horn (F)",G major,Modern,,,Modern,6 minutes,129
Wind Quintet No.8,"Li, Cheng-Shiun","https://imslp.org/wiki/Wind_Quintet_No.8_(Li,_Cheng-Shiun)","flute, oboe, clarinet (B ♭ ), bassoon, horn (F)",B-flat major,Modern,,2016,Modern,5 minutes,447
Wind Quintet No.9,"Li, Cheng-Shiun","https://imslp.org/wiki/Wind_Quintet_No.9_(Li,_Cheng-Shiun)","flute, oboe, clarinet (B ♭ ), bassoon, horn (F)",B-flat major,Modern,,2017,Modern,5 minutes,367
Wind Quintet in B-flat major,"Sampson, David M.","https://imslp.org/wiki/Wind_Quintet_in_B-flat_major_(Sampson,_David_M.)","flute, oboe, clarinet, bassoon, horn",B-flat major,Classical,,2014,Modern,13 minutes,224
"Wind Quintet in B-flat major, Op.61","Fuchs-Schönbach, Ernst","https://imslp.org/wiki/Wind_Quintet_in_B-flat_major,_Op.61_(Fuchs-Schönbach,_Ernst)","flute, oboe, clarinet (B ♭ ), horn, bassoon",B-flat major,Early 20th century,,,Early 20th century,,13712
Wind Quintet in C major,"Verbalis, Anthony","https://imslp.org/wiki/Wind_Quintet_in_C_major_(Verbalis,_Anthony)","flute, oboe, clarinet (B ♭ ), bassoon, horn (F)",C major,Modern,,2014-03-14,Modern,10 minutes,3731
"Wind Quintet in E-flat major, Hess 19","Beethoven, Ludwig van","https://imslp.org/wiki/Wind_Quintet_in_E-flat_major,_Hess_19_(Beethoven,_Ludwig_van)","oboe, bassoon, 3 horns",E-flat major,Classical,,,Classical,,2338
Wind Quintet in F Major,"Low, Ian","https://imslp.org/wiki/Wind_Quintet_in_F_Major_(Low,_Ian)","flute, oboe, bassoon, horn (F), trombone",F major,Romantic,,2003,Romantic,5 minutes,200
Wind Quintet in F major,"Anzoletti, Marco","https://imslp.org/wiki/Wind_Quintet_in_F_major_(Anzoletti,_Marco)","flute, oboe, clarinet, bassoon, horn",F major,Romantic,,1906/05/15,Romantic,,252
Wind Quintet in F major,"Wood, Charles","https://imslp.org/wiki/Wind_Quintet_in_F_major_(Wood,_Charles)","flute, oboe, clarinet, bassoon, horn",F major,Early 20th century,,,Romantic,,0
"Wind Quintet in F major, Op.132","Zoeller, Carli","https://imslp.org/wiki/Wind_Quintet_in_F_major,_Op.132_(Zoeller,_Carli)","flute, oboe, clarinet, horn, bassoon",F major,Romantic,,,Romantic,,1032
"Wind Quintet, Op.10","Haas, Pavel","https://imslp.org/wiki/Wind_Quintet,_Op.10_(Haas,_Pavel)","flute (also piccolo), oboe, clarinet, bassoon, horn",,Early 20th century,,1929,Early 20th century,14 minutes,0
"Wind Quintet, Op.100 No.1","Reicha, Anton","https://imslp.org/wiki/Wind_Quintet,_Op.100_No.1_(Reicha,_Anton)","Flute, Oboe, Clarinet, Bassoon, Horn",F major,Romantic,,,Classical,,5427
"Wind Quintet, Op.100 No.2","Reicha, Anton","https://imslp.org/wiki/Wind_Quintet,_Op.100_No.2_(Reicha,_Anton)","flute, oboe, clarinet, bassoon, horn",D minor,Romantic,,,Classical,,3624
"Wind Quintet, Op.100 No.3","Reicha, Anton","https://imslp.org/wiki/Wind_Quintet,_Op.100_No.3_(Reicha,_Anton)","flute, oboe, clarinet, bassoon, horn",E-flat major,Romantic,,,Classical,,3003
"Wind Quintet, Op.100 No.4","Reicha, Anton","https://imslp.org/wiki/Wind_Quintet,_Op.100_No.4_(Reicha,_Anton)","Flute, Oboe, Clarinet, Bassoon, Horn",E minor,Romantic,,,Classical,,1926
"Wind Quintet, Op.100 No.5","Reicha, Anton","https://imslp.org/wiki/Wind_Quintet,_Op.100_No.5_(Reicha,_Anton)","flute, oboe, clarinet, bassoon, horn",A minor,Romantic,,,Classical,,5859
"Wind Quintet, Op.100 No.6","Reicha, Anton","https://imslp.org/wiki/Wind_Quintet,_Op.100_No.6_(Reicha,_Anton)","Flute, Oboe, Clarinet, Bassoon, Horn",,Romantic,,,Classical,,4806
"Wind Quintet, Op.161","Peters, Rob","https://imslp.org/wiki/Wind_Quintet,_Op.161_(Peters,_Rob)","flute, oboe, clarinet (B ♭ ), bassoon, horn (F)",F major,Modern,,2015,Modern,,860
"Wind Quintet, Op.21","López Carbonero, Juan Ignacio","https://imslp.org/wiki/Wind_Quintet,_Op.21_(López_Carbonero,_Juan_Ignacio)","flute, oboe, clarinet, bassoon, horn",,Classical,,2011,Modern,10 minutes,2717
"Wind Quintet, Op.23","Lendvai, Erwin","https://imslp.org/wiki/Wind_Quintet,_Op.23_(Lendvai,_Erwin)","flute, oboe, clarinet, bassoon, horn",A-flat major,Early 20th century,,,Early 20th century,,1959
"Wind Quintet, Op.26","Schoenberg, Arnold","https://imslp.org/wiki/Wind_Quintet,_Op.26_(Schoenberg,_Arnold)","flute (also piccolo), oboe, clarinet, bassoon, horn",,Early 20th century,,1923 April-1924 August,Early 20th century,,26895
"Wind Quintet, Op.28","Schmid, Heinrich Kaspar","https://imslp.org/wiki/Wind_Quintet,_Op.28_(Schmid,_Heinrich_Kaspar)","flute, oboe, clarinet, horn, bassoon",B-flat major,Early 20th century,,,Romantic,20 minutes,4102
"Wind Quintet, Op.30","Karg-Elert, Sigfrid","https://imslp.org/wiki/Wind_Quintet,_Op.30_(Karg-Elert,_Sigfrid)","Oboe, 2 Klarinetten, Horn, Fagott",C minor,Romantic,,,Early 20th century,16-19 minutes,6114
"Wind Quintet, Op.40","Kauffmann, Fritz","https://imslp.org/wiki/Wind_Quintet,_Op.40_(Kauffmann,_Fritz)","flute, oboe, clarinet (B ♭ ), horn (E ♭ ), bassoon",E-flat major,Romantic,,1904,Romantic,,6720
"Wind Quintet, Op.41","Moritz, Edvard","https://imslp.org/wiki/Wind_Quintet,_Op.41_(Moritz,_Edvard)","flute, oboe, clarinet (B ♭ ), bassoon, horn (F)",,Early 20th century,,,Early 20th century,,262
"Wind Quintet, Op.43","Nielsen, Carl","https://imslp.org/wiki/Wind_Quintet,_Op.43_(Nielsen,_Carl)","flute, oboe (also English horn), clarinet (A), bassoon, horn (F)",,Early 20th century,,1922,Romantic,,110349
"Wind Quintet, Op.44","Stark, Robert","https://imslp.org/wiki/Wind_Quintet,_Op.44_(Stark,_Robert)","flute, oboe, clarinet, bassoon, horn",,Romantic,,1910 ca.,Romantic,,7799
"Wind Quintet, Op.52","Blumer, Theodor Anton","https://imslp.org/wiki/Wind_Quintet,_Op.52_(Blumer,_Theodor_Anton)","flute, oboe, clarinet, bassoon, horn",,Early 20th century,,,Early 20th century,,174
"Wind Quintet, Op.58","Rorich, Karl","https://imslp.org/wiki/Wind_Quintet,_Op.58_(Rorich,_Karl)","Flute, Oboe, Clarinets in A/B ♭ , Horn in F, Bassoon",E minor,Early 20th century,,,Romantic,,4397
"Wind Quintet, Op.6","Dovicchi, João Cândido","https://imslp.org/wiki/Wind_Quintet,_Op.6_(Dovicchi,_João_Cândido)","flute, oboe, clarinet, horn, bassoon",,Modern,,1999-2003 ca.,Modern,12.5 minutes,191
"Wind Quintet, Op.79","Klughardt, August","https://imslp.org/wiki/Wind_Quintet,_Op.79_(Klughardt,_August)","flute, oboe, clarinet (B ♭ ), horn (F), bassoon",C major,Romantic,,1898 ca.,Romantic,20–23 minutes,30491
"Wind Quintet, Op.81","Onslow, George","https://imslp.org/wiki/Wind_Quintet,_Op.81_(Onslow,_George)","flute, oboe, clarinet (B ♭ ), horn (F), bassoon",F major,Romantic,,1850?,Romantic,,7965
"Wind Quintet, Op.88 No.1","Reicha, Anton","https://imslp.org/wiki/Wind_Quintet,_Op.88_No.1_(Reicha,_Anton)","flute, oboe, clarinet, bassoon, horn",E minor,Classical,,,Classical,,20129
"Wind Quintet, Op.88 No.2","Reicha, Anton","https://imslp.org/wiki/Wind_Quintet,_Op.88_No.2_(Reicha,_Anton)","flute, oboe, clarinet, bassoon, horn",E-flat major,Classical,,,Classical,,39883
"Wind Quintet, Op.88 No.3","Reicha, Anton","https://imslp.org/wiki/Wind_Quintet,_Op.88_No.3_(Reicha,_Anton)","flute, oboe (or 2nd flute), clarinet, bassoon, horn",G major,Classical,,,Classical,22 minutes,4547
"Wind Quintet, Op.88 No.4","Reicha, Anton","https://imslp.org/wiki/Wind_Quintet,_Op.88_No.4_(Reicha,_Anton)","flute, oboe, clarinet, bassoon, horn",D minor,Romantic,,,Classical,,66
"Wind Quintet, Op.88 No.5","Reicha, Anton","https://imslp.org/wiki/Wind_Quintet,_Op.88_No.5_(Reicha,_Anton)","flute, oboe (or 2nd flute), clarinet, bassoon, horn",B-flat major,Classical,,,Classical,,1330
"Wind Quintet, Op.88 No.6","Reicha, Anton","https://imslp.org/wiki/Wind_Quintet,_Op.88_No.6_(Reicha,_Anton)","flute, oboe (or 2nd flute), clarinet, bassoon, horn",F major,Classical,,,Classical,,6947
"Wind Quintet, Op.91","Zilcher, Hermann","https://imslp.org/wiki/Wind_Quintet,_Op.91_(Zilcher,_Hermann)","flute, oboe, clarinet, horn, bassoon",,Early 20th century,,,Early 20th century,,197
"Wind Quintet, Op.91 No.1","Reicha, Anton","https://imslp.org/wiki/Wind_Quintet,_Op.91_No.1_(Reicha,_Anton)","flute, oboe, clarinet, bassoon, horn",C major,Classical,,ca.1815,Classical,26 minutes,5991
"Wind Quintet, Op.91 No.2","Reicha, Anton","https://imslp.org/wiki/Wind_Quintet,_Op.91_No.2_(Reicha,_Anton)","flute, oboe (or 2nd flute), clarinet, bassoon, horn",A minor,Classical,,1817-1819,Classical,,5254
"Wind Quintet, Op.91 No.3","Reicha, Anton","https://imslp.org/wiki/Wind_Quintet,_Op.91_No.3_(Reicha,_Anton)","flute, oboe, clarinet, bassoon, horn",D major,Classical,,,Classical,21 minutes,9373
"Wind Quintet, Op.91 No.4","Reicha, Anton","https://imslp.org/wiki/Wind_Quintet,_Op.91_No.4_(Reicha,_Anton)","flute, oboe, clarinet, horn, bassoon",G minor,Romantic,,,Classical,,4419
"Wind Quintet, Op.91 No.5","Reicha, Anton","https://imslp.org/wiki/Wind_Quintet,_Op.91_No.5_(Reicha,_Anton)","flute, oboe (or 2nd flute), clarinet, bassoon, horn",A major,Classical,,1817-1819,Classical,,5342
"Wind Quintet, Op.91 No.6","Reicha, Anton","https://imslp.org/wiki/Wind_Quintet,_Op.91_No.6_(Reicha,_Anton)","Flute, Oboe (or 2nd flute), Clarinet, Bassoon, Horn",C minor,Classical,,1817-1819,Classical,28 minutes,5687
"Wind Quintet, Op.95","Foerster, Josef Bohuslav","https://imslp.org/wiki/Wind_Quintet,_Op.95_(Foerster,_Josef_Bohuslav)","Wind Quintet (flute, oboe, clarinet, horn, bassoon)",D major,Romantic,,1909?,Romantic,20 minutes,14187
"Wind Quintet, Op.99 No.1","Reicha, Anton","https://imslp.org/wiki/Wind_Quintet,_Op.99_No.1_(Reicha,_Anton)","Flute, Oboe (or 2nd flute), Clarinet, Bassoon, Horn",C major,Romantic,,1819,Classical,,4619
"Wind Quintet, Op.99 No.2","Reicha, Anton","https://imslp.org/wiki/Wind_Quintet,_Op.99_No.2_(Reicha,_Anton)","flute, oboe, clarinet, bassoon, horn",F minor,Classical,,,Classical,,5409
"Wind Quintet, Op.99 No.3","Reicha, Anton","https://imslp.org/wiki/Wind_Quintet,_Op.99_No.3_(Reicha,_Anton)","Flute, Oboe (or 2nd flute), Clarinet, Bassoon, Horn",A major,Romantic,,1819,Classical,,3897
"Wind Quintet, Op.99 No.4","Reicha, Anton","https://imslp.org/wiki/Wind_Quintet,_Op.99_No.4_(Reicha,_Anton)","Flute, Oboe, Clarinet, Bassoon, Horn",D major,Classical,,,Classical,,2775
"Wind Quintet, Op.99 No.5","Reicha, Anton","https://imslp.org/wiki/Wind_Quintet,_Op.99_No.5_(Reicha,_Anton)","Flute, Oboe, Clarinet, Bassoon, Horn",B minor,Classical,,,Classical,,2598
"Wind Quintet, Op.99 No.6","Reicha, Anton","https://imslp.org/wiki/Wind_Quintet,_Op.99_No.6_(Reicha,_Anton)","Flute, Oboe, Clarinet, Bassoon, Horn",G major,Classical,,ca.1819?,Classical,,3977
"Wind Quintets Opp.56, 67, 68","Danzi, Franz","https://imslp.org/wiki/Wind_Quintets_Opp.56,_67,_68_(Danzi,_Franz)","flute, oboe, clarinet, horn, bassoon",,Classical,,,Classical,,39183
Wind Sextet,"Mirzazade, Khayyam","https://imslp.org/wiki/Wind_Sextet_(Mirzazade,_Khayyam)","flute, oboe, 2 clarinets, bassoon, horn",,Modern,,,Modern,,567
Wind Sextet,"Simon, James","https://imslp.org/wiki/Wind_Sextet_(Simon,_James)","flute, oboe, clarinet (A), bassoon, horn (F), piano",A major,Early 20th century,,1920-30 ca.,Early 20th century,23 minutes,1176
"Wind Sextet in D minor, Op.3","Keyes, Zac","https://imslp.org/wiki/Wind_Sextet_in_D_minor,_Op.3_(Keyes,_Zac)","flute, alto flute, 2 clarinets, 2 bass clarinets",D minor,Modern,,2024,Modern,3-4 minutes,135
"Wind Sextet, Op.271","Reinecke, Carl","https://imslp.org/wiki/Wind_Sextet,_Op.271_(Reinecke,_Carl)","flute, oboe, clarinet, bassoon, 2 horns",B-flat major,Romantic,,,Romantic,20 minutes,3395
Wind Sonata and Quartet,"Kelly, Ian Donald Killeen","https://imslp.org/wiki/Wind_Sonata_and_Quartet_(Kelly,_Ian_Donald_Killeen)","clarinet, 2 alto saxophone (E ♭ ), tenor saxophone (B ♭ ), 2 violins, viola, cello",B minor,Early 20th century,,2017,Modern,,198
Wind Song,"Rogers, James Hotchkiss","https://imslp.org/wiki/Wind_Song_(Rogers,_James_Hotchkiss)","Voice, piano",,Romantic,,,Early 20th century,,125
"Wind Thy Horn, My Hunter Boy","Bishop, Henry Rowley","https://imslp.org/wiki/Wind_Thy_Horn,_My_Hunter_Boy_(Bishop,_Henry_Rowley)","solo voice, piano",E-flat major,Romantic,,,Romantic,1-2 minutes,48
Wind Tjing,"Cecchetti, Paul","https://imslp.org/wiki/Wind_Tjing_(Cecchetti,_Paul)","4 flutes, 3 clarinets (in B ♭ ), bass clarinet (in B ♭ ), 3 horns {in F), 3 trumpets in C, snare drum, tom toms, cymbal",,Modern,,2009,Modern,,602
Wind Trio,"Hill, Malcolm","https://imslp.org/wiki/Wind_Trio_(Hill,_Malcolm)","flute (doubling piccolo and alto flute), English horn, bass clarinet",,Modern,,1994,Modern,14 minutes,286
Wind Trio,"Saral, Ali Riza","https://imslp.org/wiki/Wind_Trio_(Saral,_Ali_Riza)","flute, oboe, bassoon",,Modern,,1998,Modern,5 minutes,2161
Wind Trio,"Schissel, Eric","https://imslp.org/wiki/Wind_Trio_(Schissel,_Eric)","1 oboe, 1 clarinet, 1 bassoon",F major,Modern,,September 1989,Modern,4 minutes 20 seconds,6621
Wind Trio No.2,"Saral, Ali Riza","https://imslp.org/wiki/Wind_Trio_No.2_(Saral,_Ali_Riza)","clarinet (B ♭ ), horn (F), trombone",,Modern,,,Modern,7 minutes,330
Wind Trio in A major,"Verschäupen, Anton","https://imslp.org/wiki/Wind_Trio_in_A_major_(Verschäupen,_Anton)","Clarinet (B ♭ ), Horn (F), Bassoon",A major,Modern,,2013,Modern,4 minutes,2008
Wind Trio in C major,"Simpson, Daniel Léo","https://imslp.org/wiki/Wind_Trio_in_C_major_(Simpson,_Daniel_Léo)","flute, clarinet, bassoon",C major,Classical,,2024-04,Modern,16 minutes,460
Wind Trio in G major,"Verschäupen, Anton","https://imslp.org/wiki/Wind_Trio_in_G_major_(Verschäupen,_Anton)","Oboe d'amore, Horn (F), Bassoon",G major,Modern,,"4-5 February, 2013",Modern,3 minutes,671
"Wind Trio, Op.154","Melartin, Erkki","https://imslp.org/wiki/Wind_Trio,_Op.154_(Melartin,_Erkki)","flute, clarinet, bassoon",,Romantic,,1929,Romantic,,5
Wind Vessel for 2 Shakuhachi,"Endo, Masao","https://imslp.org/wiki/Wind_Vessel_for_2_Shakuhachi_(Endo,_Masao)",2 shakuhachi,,Modern,,,Modern,11 minutes,73
Wind and Lyre,"Ware, Harriet","https://imslp.org/wiki/Wind_and_Lyre_(Ware,_Harriet)",male chorus,,Early 20th century,,,Early 20th century,,8
Wind and Rain Variations,"Tonsing, Evan Alva","https://imslp.org/wiki/Wind_and_Rain_Variations_(Tonsing,_Evan_Alva)",4 cellos,,Modern,,1978,Modern,3 minutes,237
Wind and Sea,"Cauffman, Frank Guernsey","https://imslp.org/wiki/Wind_and_Sea_(Cauffman,_Frank_Guernsey)","Mixed Chorus, Piano",G major,Romantic,,,Romantic,,256
Wind and Water in Triple Movement,"Dikker, Loek","https://imslp.org/wiki/Wind_and_Water_in_Triple_Movement_(Dikker,_Loek)",fanfare band with saxophones,,Modern,,1997,Modern,12 minutes,978
"Wind from the West, EG 174","Grieg, Edvard","https://imslp.org/wiki/Wind_from_the_West,_EG_174_(Grieg,_Edvard)",male chorus,A minor,Romantic,,,Romantic,,1166
Wind of Freedom,"Dunayevsky, Isaak","https://imslp.org/wiki/Wind_of_Freedom_(Dunayevsky,_Isaak)","voices, mixed chorus (SATB), orchestra",,Early 20th century,,1947,Early 20th century,,25
Wind of My Dreams,"Fried, Joseph Nicholas","https://imslp.org/wiki/Wind_of_My_Dreams_(Fried,_Joseph_Nicholas)","soprano, clarinet, piano; flute, clarinet, piano; 2 clarinets, piano",C minor,Romantic,,2020,Modern,4 minutes,2772
Wind of the Western Sea,"Harris, Victor","https://imslp.org/wiki/Wind_of_the_Western_Sea_(Harris,_Victor)",voice and piano,,Early 20th century,,,Romantic,,64
Wind of the Western Sea,"Peel, Graham","https://imslp.org/wiki/Wind_of_the_Western_Sea_(Peel,_Graham)","voice, piano",,Romantic,,,Early 20th century,,38
Wind of the Western Sea!,"Thomas, Harold","https://imslp.org/wiki/Wind_of_the_Western_Sea!_(Thomas,_Harold)","Voice, Piano",A major,Romantic,,,Romantic,,235
Wind of the Winter Night,"Russell, Henry","https://imslp.org/wiki/Wind_of_the_Winter_Night_(Russell,_Henry)","voice, piano",E-flat major,Romantic,,,Romantic,8 minutes,71
Wind quintett,"Reinecke, Carl","https://imslp.org/wiki/Wind_quintett_(Reinecke,_Carl)","flute, oboe, clarinet, bassoon, 2 horns",B-flat major,Romantic,,,Romantic,20 minutes,3395
Wind's Corridor for Alto Recorder and Guitar,"Endo, Masao","https://imslp.org/wiki/Wind's_Corridor_for_Alto_Recorder_and_Guitar_(Endo,_Masao)","alto recorder, guitar",,Modern,,,Modern,8 minutes,666
"Wind, Gentle Evergreen","Hayes, William","https://imslp.org/wiki/Wind,_Gentle_Evergreen_(Hayes,_William)",3 equal voices,G major,Classical,,,Baroque,,252
"Wind, Wind, Op.62","Lutter, Wilhelm","https://imslp.org/wiki/Wind,_Wind,_Op.62_(Lutter,_Wilhelm)","3 (or 6) equal or mixed voices, piano",G minor,Early 20th century,,1990 ca.,Early 20th century,1-2 minutes,179
Wind-Swept Pastures,"Wot, Felix Firmiana","https://imslp.org/wiki/Wind-Swept_Pastures_(Wot,_Felix_Firmiana)","2 Violins, Cello, Piano",,Modern,,2013-04-15,Modern,5 minutes,1236
Wind-Up Toy,"Boden, Andrew David","https://imslp.org/wiki/Wind-Up_Toy_(Boden,_Andrew_David)",3 mandolins,G major,Classical,,2014,Modern,2-3 minutes,369
Windchill,"Carlotta, Ferrari","https://imslp.org/wiki/Windchill_(Carlotta,_Ferrari)",Piano,E-flat major,Romantic,,,Romantic,,1
Windchill,"Ferrari, Carlotta","https://imslp.org/wiki/Windchill_(Ferrari,_Carlotta)","2 flutes, alto saxophone (E ♭ ), trombone",,Modern,,2017,Modern,,400
Windella,"Baker, Dorothea","https://imslp.org/wiki/Windella_(Baker,_Dorothea)","soprano, alto, tenor, bass, keyboard",E major,Modern,,2016,Modern,,112
"Windhaager Messe, WAB 25","Bruckner, Anton","https://imslp.org/wiki/Windhaager_Messe,_WAB_25_(Bruckner,_Anton)","alto, 2 horns, organ",C major,Romantic,,1842 ca. in Windhaag,Romantic,8-12 minutes,5603
Winding paths,"French, Gordon","https://imslp.org/wiki/Winding_paths_(French,_Gordon)",piano,F major,Early 20th century,,,Early 20th century,,24
Windlass Song,"Elgar, Edward","https://imslp.org/wiki/Windlass_Song_(Elgar,_Edward)",mixed chorus (SATB),C major,Romantic,,1913 ca.,Romantic,1 minute,44
Windmill Rag,"Simpson, Cameron Lee","https://imslp.org/wiki/Windmill_Rag_(Simpson,_Cameron_Lee)",piano,G major,Jazz,,2023,Modern,2 minutes,60
Windows – Fenêtres – Ventanas,"Torre, Salvador","https://imslp.org/wiki/Windows_–_Fenêtres_–_Ventanas_(Torre,_Salvador)",Symphony Orchestra (Large),,Modern,,2010,Modern,15 minutes,195
Windräder,"Marx, Joseph","https://imslp.org/wiki/Windräder_(Marx,_Joseph)","voice, piano",,Romantic,,1906,Early 20th century,4 minutes,16
Winds in the Trees,"Thomas, Arthur Goring","https://imslp.org/wiki/Winds_in_the_Trees_(Thomas,_Arthur_Goring)","voice, piano",,Romantic,,,Romantic,,13
Winds of Change,"Shuey, Michael Gabriel Edouard","https://imslp.org/wiki/Winds_of_Change_(Shuey,_Michael_Gabriel_Edouard)",piano,G minor,Romantic,,1995-96,Modern,4 minutes,209
Winds of Disaster,"Buchheit, Joseph Chen","https://imslp.org/wiki/Winds_of_Disaster_(Buchheit,_Joseph_Chen)",Solo Piano,,Modern,,"September 16, 2008",Modern,,198
"Winds, Gently Whisper","Whitaker, John","https://imslp.org/wiki/Winds,_Gently_Whisper_(Whitaker,_John)",3 voices (SAB),E major,Classical,,,Classical,,10
Windsor Castle,"Salomon, Johann Peter","https://imslp.org/wiki/Windsor_Castle_(Salomon,_Johann_Peter)","voices, chorus, orchestra",,Classical,,1795,Classical,,111
Windsor Forest,"Rawlings, Thomas Augustus","https://imslp.org/wiki/Windsor_Forest_(Rawlings,_Thomas_Augustus)","piano, flute ad lib.",D major,Romantic,,,Romantic,,11
"Windsor-Klänge Walzer, Op.104","Strauss Jr., Johann","https://imslp.org/wiki/Windsor-Klänge_Walzer,_Op.104_(Strauss_Jr.,_Johann)",Orchestra,,Romantic,,,Romantic,,336
Windtanz,"Kim, Hee Cheol","https://imslp.org/wiki/Windtanz_(Kim,_Hee_Cheol)",piano,C major,Modern,,2017,Modern,1-2 minutes,98
Windy Nights,"Goodhart, Arthur Murray","https://imslp.org/wiki/Windy_Nights_(Goodhart,_Arthur_Murray)","unison voices, piano",D minor,Early 20th century,,,Romantic,,11
Windynesstest,"Young, Mike","https://imslp.org/wiki/Windynesstest_(Young,_Mike)",wind band,,Modern,,2025,Modern,8 minutes,0
Wine Party,"Feng, H.J.","https://imslp.org/wiki/Wine_Party_(Feng,_H.J.)",orchestra,E major,Modern,,2022,Modern,5 minutes,30
"Wine and Water, Op.40","Lang, Craig Sellar","https://imslp.org/wiki/Wine_and_Water,_Op.40_(Lang,_Craig_Sellar)",mixed chorus (SATB) a cappella,,Early 20th century,,1941/4 Polzeath,Early 20th century,,0
"Wine in a Morning, Z.289","Purcell, Henry","https://imslp.org/wiki/Wine_in_a_Morning,_Z.289_(Purcell,_Henry)",3 voices,C major,Baroque,,1686,Baroque,,22
"Wine, Wife and Song Waltz","Hayden, Winslow Lewis","https://imslp.org/wiki/Wine,_Wife_and_Song_Waltz_(Hayden,_Winslow_Lewis)",guitar,,Romantic,,,Romantic,,207
"Winfried, Op.30","Lorenz, Karl Adolf","https://imslp.org/wiki/Winfried,_Op.30_(Lorenz,_Karl_Adolf)","Voices: soprano, tenor, baritone, bass + mixed chorus (SATB) Orchestra",,Romantic,,,Romantic,,19
Winged Echoes,"Tosti, Francesco Paolo","https://imslp.org/wiki/Winged_Echoes_(Tosti,_Francesco_Paolo)","Voice, Piano",,Romantic,,,Romantic,,208
Winged Nightengale,"Cummings, Robert","https://imslp.org/wiki/Winged_Nightengale_(Cummings,_Robert)","soprano, strings",,Modern,,2012,Modern,,16
Wings,"Caliò, Paolo","https://imslp.org/wiki/Wings_(Caliò,_Paolo)",piano,C major,Modern,,2020,Modern,,52
Wings,"Hardelot, Guy d'","https://imslp.org/wiki/Wings_(Hardelot,_Guy_d')","voice, piano",,Romantic,,,Romantic,,40
Wings,"Zamecnik, John Stepan","https://imslp.org/wiki/Wings_(Zamecnik,_John_Stepan)",orchestra,,Early 20th century,,,Early 20th century,,15
"Wings Unfolding, Wings Unfolded","Besset, Julian Raoul","https://imslp.org/wiki/Wings_Unfolding,_Wings_Unfolded_(Besset,_Julian_Raoul)",piano,,Romantic,,"1985-1990 ca. (improvisation). 2016 (Toccata), 2016 (Burlesque)",Modern,,405
Wings of a Dove,"English, Granville","https://imslp.org/wiki/Wings_of_a_Dove_(English,_Granville)","voice, piano",,Early 20th century,,1946,Early 20th century,"2 minutes, 50 seconds",8
Wings of the Angels,"Lim, Jackson","https://imslp.org/wiki/Wings_of_the_Angels_(Lim,_Jackson)",piano,E-flat major,Romantic,,2015-16,Modern,5 minutes,8
Winkelried,"Lacombe, Louis","https://imslp.org/wiki/Winkelried_(Lacombe,_Louis)","Vocal soloists, Chorus, Orchestra",,Romantic,,1876-81,Romantic,,292
Winner's New School for the Flute,"Winner, Septimus","https://imslp.org/wiki/Winner's_New_School_for_the_Flute_(Winner,_Septimus)",flute,,Romantic,,,Romantic,,1047
Winnie Davis Waltz,"Baseler, John","https://imslp.org/wiki/Winnie_Davis_Waltz_(Baseler,_John)",piano,,Romantic,,,Romantic,,17
Winnie Dell,"Towne, T. Martin","https://imslp.org/wiki/Winnie_Dell_(Towne,_T._Martin)","mixed chorus (SATB), piano",D-flat major,Romantic,,,Romantic,10 minutes,25
Winnie Waters,"Armonia, H.","https://imslp.org/wiki/Winnie_Waters_(Armonia,_H.)","Voice and four-parts chorus, with piano",G major,Romantic,,,Romantic,,158
Winnifred Waltz,"Lee, John H.","https://imslp.org/wiki/Winnifred_Waltz_(Lee,_John_H.)","banjo, piano",,Romantic,,,Romantic,,4
Winnsboro Cotton Mill Blues,"Rzewski, Frederic","https://imslp.org/wiki/Winnsboro_Cotton_Mill_Blues_(Rzewski,_Frederic)",2 Pianos,,Modern,,1980,Modern,,12390
Winona,"Cranmer, Edward L.","https://imslp.org/wiki/Winona_(Cranmer,_Edward_L.)",piano,,Romantic,,,Romantic,,11
Winsome Winnie,"Kerker, Gustave","https://imslp.org/wiki/Winsome_Winnie_(Kerker,_Gustave)","vocal soloists, chorus, orchestra",,Romantic,,,Romantic,,129
Winsome Winnie of the Mill,"Thomas, John Rogers","https://imslp.org/wiki/Winsome_Winnie_of_the_Mill_(Thomas,_John_Rogers)","voice, piano",E-flat major,Romantic,,,Romantic,4-5 minutes,182
Winter,"Goosen, Luc","https://imslp.org/wiki/Winter_(Goosen,_Luc)",Mixed chorus,,Modern,,,Modern,,751
Winter,"Gumble, Albert","https://imslp.org/wiki/Winter_(Gumble,_Albert)","voice, piano",E-flat major,Early 20th century,,,Early 20th century,,27
Winter,"Jürgens, Karl","https://imslp.org/wiki/Winter_(Jürgens,_Karl)","voice, piano",,Romantic,,1905-10 ca.,Early 20th century,,19
Winter,"La Hache, Theodor von","https://imslp.org/wiki/Winter_(La_Hache,_Theodor_von)",Piano,,Romantic,,,Romantic,,149
Winter,"Lawrence, James","https://imslp.org/wiki/Winter_(Lawrence,_James)","viola, piano",,Classical,,2022,Modern,3 minutes,225
Winter Ade,"Beyer, Johanna","https://imslp.org/wiki/Winter_Ade_(Beyer,_Johanna)",piano,,Modern,,1936,Modern,,22
Winter And Spring,"Friml, Rudolf","https://imslp.org/wiki/Winter_And_Spring_(Friml,_Rudolf)","voice, piano",D major,Early 20th century,,1930,Early 20th century,3 minutes,6
"Winter Bonfire, Op.122","Prokofiev, Sergey","https://imslp.org/wiki/Winter_Bonfire,_Op.122_(Prokofiev,_Sergey)","narrator, children's chorus, orchestra",,Early 20th century,,1949-50,Early 20th century,15-20 minutes,0
Winter Cherry Blossoms,"Chino, Yoshio","https://imslp.org/wiki/Winter_Cherry_Blossoms_(Chino,_Yoshio)",piano,D major,Modern,,2008,Modern,4 minutes,79
Winter Cherry Blossoms,"Uxsdajwo, Xbzoxmqp","https://imslp.org/wiki/Winter_Cherry_Blossoms_(Uxsdajwo,_Xbzoxmqp)",piano,D major,Modern,,2008,Modern,4 minutes,79
Winter Concerto,"Gerber, Edward Enrico","https://imslp.org/wiki/Winter_Concerto_(Gerber,_Edward_Enrico)","viola, string orchestra",,Modern,,2014,Modern,14 minutes,579
Winter Conversations for 2 Violins,"Fine, Elaine","https://imslp.org/wiki/Winter_Conversations_for_2_Violins_(Fine,_Elaine)",2 violins,,Modern,,2011,Modern,14 minutes,3899
Winter Dream,"Nichifor, Serban","https://imslp.org/wiki/Winter_Dream_(Nichifor,_Serban)",piano,,Romantic,,2026,Modern,2 minutes,2
Winter Dreams,"Martirosyan, Levon","https://imslp.org/wiki/Winter_Dreams_(Martirosyan,_Levon)",orchestra,,Modern,,,Modern,,427
Winter Echoes Waltz,"Dietrich, William G.","https://imslp.org/wiki/Winter_Echoes_Waltz_(Dietrich,_William_G.)",Orchestra,,Romantic,,,Romantic,,21
Winter Evening,"Yakovlev, Mikhail","https://imslp.org/wiki/Winter_Evening_(Yakovlev,_Mikhail)",Voice and Piano,,Romantic,,,Romantic,,62
Winter Evening Waltz,"Balmer, Charles","https://imslp.org/wiki/Winter_Evening_Waltz_(Balmer,_Charles)",piano,G major,Romantic,,,Romantic,,455
Winter Evenings,"Dressler, William","https://imslp.org/wiki/Winter_Evenings_(Dressler,_William)",piano,,Romantic,,,Romantic,,6
Winter Fanfare,"Knapicius, Joseph","https://imslp.org/wiki/Winter_Fanfare_(Knapicius,_Joseph)","horn, 2 trumpets (2nd also sleigh bells), trombone, tuba",F minor,Modern,,,Modern,3 minutes,1091
Winter Festival,"Sherwood, Will","https://imslp.org/wiki/Winter_Festival_(Sherwood,_Will)",orchestra,C major,Classical,,2024,Modern,4 minutes,70
Winter Fever,"Simpson, Cameron Lee","https://imslp.org/wiki/Winter_Fever_(Simpson,_Cameron_Lee)",Piano,G major,Jazz,,2023,Modern,2-3 minutes,48
Winter Garden Girl,"Jones, Bobby","https://imslp.org/wiki/Winter_Garden_Girl_(Jones,_Bobby)","voice, piano",E-flat major,Early 20th century,,,Early 20th century,,8
Winter Glass,"Cox, Richard Wayne","https://imslp.org/wiki/Winter_Glass_(Cox,_Richard_Wayne)",Classical Guitar,,Modern,,,,,742
Winter Harvest 1933,"Dyson, Peter","https://imslp.org/wiki/Winter_Harvest_1933_(Dyson,_Peter)","mezzo-soprano, 2 horns (F), trumpet (C), 2 trombones, timpani",,Modern,,1997,Modern,9 minutes,1088
"Winter Image No.1, Op.131","Hatzimichelakis, George","https://imslp.org/wiki/Winter_Image_No.1,_Op.131_(Hatzimichelakis,_George)","bassoon, piano",,Modern,,2011,Modern,~6 minutes,191
"Winter Image No.2, Op.143","Hatzimichelakis, George","https://imslp.org/wiki/Winter_Image_No.2,_Op.143_(Hatzimichelakis,_George)","clarinet, piano",,Modern,,2013,Modern,~6 minutes,108
Winter Journey towards Autumn,"Patterson, Graham","https://imslp.org/wiki/Winter_Journey_towards_Autumn_(Patterson,_Graham)","cello, piano",,Modern,,2021,Modern,8 minutes,26
"Winter Legends, GP 303","Bax, Arnold","https://imslp.org/wiki/Winter_Legends,_GP_303_(Bax,_Arnold)","piano, orchestra",,Early 20th century,,1929-30,Early 20th century,40 minutes,293
Winter Moon,"Gerber, Edward Enrico","https://imslp.org/wiki/Winter_Moon_(Gerber,_Edward_Enrico)","2 violins, viola, cello",,Modern,,2016,Modern,,238
Winter Morning,"Strugov, Alexander","https://imslp.org/wiki/Winter_Morning_(Strugov,_Alexander)","2 voices, piano",,Modern,,,Modern,,336
"Winter Night, Op.1","Ajith, Sriram","https://imslp.org/wiki/Winter_Night,_Op.1_(Ajith,_Sriram)",piano,A minor,Modern,,2016-17,Modern,3.25 minutes,920
Winter Nights,"Rzewski, Frederic","https://imslp.org/wiki/Winter_Nights_(Rzewski,_Frederic)",piano,,Modern,,2014,Modern,25 minutes,606
Winter Nights,"Schwartz, Jean","https://imslp.org/wiki/Winter_Nights_(Schwartz,_Jean)","voice, piano",G major,Early 20th century,,,Early 20th century,,12
Winter Nights,"Shi, Jack","https://imslp.org/wiki/Winter_Nights_(Shi,_Jack)",Piano,G major,Modern,,2022,Modern,2 minutes,32
"Winter Pastoral, H.168","Bridge, Frank","https://imslp.org/wiki/Winter_Pastoral,_H.168_(Bridge,_Frank)",Piano,F-sharp minor,Early 20th century,,1925 December,Early 20th century,3–4 minutes,3480
Winter Polka,"Wallace, William Vincent","https://imslp.org/wiki/Winter_Polka_(Wallace,_William_Vincent)",piano,,Romantic,,,Romantic,,698
Winter Portrait No.1,"D'Amico, Giuseppe","https://imslp.org/wiki/Winter_Portrait_No.1_(D'Amico,_Giuseppe)",piano,,Modern,,2012,Modern,5 minutes,22
Winter Portrait No.2,"D'Amico, Giuseppe","https://imslp.org/wiki/Winter_Portrait_No.2_(D'Amico,_Giuseppe)",piano,,Modern,,2020,Modern,5 minutes,27
Winter Road,"Nichifor, Serban","https://imslp.org/wiki/Winter_Road_(Nichifor,_Serban)","tenor, piano",B-flat major,Romantic,,2025,Modern,3 minutes,9
Winter Rose,"Van der Stadt, León","https://imslp.org/wiki/Winter_Rose_(Van_der_Stadt,_León)",piano,,Modern,,2007,Modern,12 minutes,523
Winter Roses,Sveinbjörn Sveinbjörnsson,https://imslp.org/wiki/Winter_Roses_(Sveinbjörn_Sveinbjörnsson),"Voice, Piano",G major,Romantic,,ca. 1909,Romantic,,276
Winter Roses,"Sveinbjörnsson, Sveinbjörn","https://imslp.org/wiki/Winter_Roses_(Sveinbjörnsson,_Sveinbjörn)","Voice, Piano",G major,Romantic,,ca. 1909,Romantic,,276
Winter Scenes,"Fearis, John Sylvester","https://imslp.org/wiki/Winter_Scenes_(Fearis,_John_Sylvester)",piano,,Early 20th century,,,Romantic,,33
Winter Serenade,"Macchi, Claudio","https://imslp.org/wiki/Winter_Serenade_(Macchi,_Claudio)",piano,D minor,Modern,,2020,Modern,1-2 minutes,76
Winter Solitude,"Agnew, Roy","https://imslp.org/wiki/Winter_Solitude_(Agnew,_Roy)",piano,,Early 20th century,,,Early 20th century,,831
Winter Sonata,"Zhang, Shuwen","https://imslp.org/wiki/Winter_Sonata_(Zhang,_Shuwen)",piano,F minor,Romantic,,2012,Modern,,367
Winter Song,"Bullard, Frederic Field","https://imslp.org/wiki/Winter_Song_(Bullard,_Frederic_Field)","voice, piano",,Early 20th century,,,Romantic,,16
Winter Song for Children,"Tonsing, Evan Alva","https://imslp.org/wiki/Winter_Song_for_Children_(Tonsing,_Evan_Alva)",3-part children's chorus (SSAA),D minor,Traditional (folk),,1966,Modern,,21
Winter Story,"Iliev, Grigor","https://imslp.org/wiki/Winter_Story_(Iliev,_Grigor)",piano,,Modern,,2005,Modern,,1303
Winter Suite,"Mullen, Alfred Frederic","https://imslp.org/wiki/Winter_Suite_(Mullen,_Alfred_Frederic)",Piano,,Romantic,,1919,Romantic,,532
Winter Suite,"Zhang, Shuwen","https://imslp.org/wiki/Winter_Suite_(Zhang,_Shuwen)",piano,,Modern,,2012,Modern,,386
Winter Thinking,"Erezim, Akiva","https://imslp.org/wiki/Winter_Thinking_(Erezim,_Akiva)","2 violins, viola, cello",,Modern,,2026/01/15,Modern,,33
"Winter Waltz, L35",Jones-Stubbs,"https://imslp.org/wiki/Winter_Waltz,_L35_(Jones-Stubbs)",piano,,Early 20th century,,2024,Modern,5 minutes,58
"Winter Waltz, L35 No.1",Jones-Stubbs,"https://imslp.org/wiki/Winter_Waltz,_L35_No.1_(Jones-Stubbs)",piano,A minor,Modern,,2024,Modern,2.5 minutes,69
"Winter Waltz, L35 No.2",Jones-Stubbs,"https://imslp.org/wiki/Winter_Waltz,_L35_No.2_(Jones-Stubbs)",piano,C minor,Romantic,,2024,Modern,1 minutes,63
"Winter Waltz, L35 No.3",Jones-Stubbs,"https://imslp.org/wiki/Winter_Waltz,_L35_No.3_(Jones-Stubbs)",piano,D minor,Modern,,2024,Modern,1 minutes,55
"Winter Waltz, L35 No.4",Jones-Stubbs,"https://imslp.org/wiki/Winter_Waltz,_L35_No.4_(Jones-Stubbs)",piano,A minor,Modern,,2024,Modern,,38
Winter Warmth,"Hakanson, Brent","https://imslp.org/wiki/Winter_Warmth_(Hakanson,_Brent)",piano,A-flat major,Modern,,2018,Modern,2:50 minutes,73
"Winter Waters, GP 173","Bax, Arnold","https://imslp.org/wiki/Winter_Waters,_GP_173_(Bax,_Arnold)",piano,F minor,Early 20th century,,1915 (September),Early 20th century,7 minutes,2492
Winter Waves,"Yamamoto, Jun","https://imslp.org/wiki/Winter_Waves_(Yamamoto,_Jun)",violin,,Modern,,2023,Modern,8.5 minutes,261
Winter Wonderland,"Bernard, Felix","https://imslp.org/wiki/Winter_Wonderland_(Bernard,_Felix)","voice, piano",,Early 20th century,,,Early 20th century,,0
Winter ade,"Sothilander, Georg L.","https://imslp.org/wiki/Winter_ade_(Sothilander,_Georg_L.)",mixed chorus (SATB),G major,Modern,,2016,Modern,,97
Winter evenings,"Yakolev, Mikhail","https://imslp.org/wiki/Winter_evenings_(Yakolev,_Mikhail)",Voice and Piano,,Romantic,,,Romantic,,62
Winter in the Woods,"Watson, Steven","https://imslp.org/wiki/Winter_in_the_Woods_(Watson,_Steven)","marimba, violin, cello; violin, viola, cello",,Modern,,2022,Modern,,430
Winter musing,"Z., Yudit","https://imslp.org/wiki/Winter_musing_(Z.,_Yudit)",piano,E minor,Early 20th century,,2017,Modern,1-2 minutes,121
Winter of Kyotanabe,"Uxsdajwo, Xbzoxmqp","https://imslp.org/wiki/Winter_of_Kyotanabe_(Uxsdajwo,_Xbzoxmqp)",piano,E-flat minor,Modern,,2020,Modern,3 minutes,228
Winter stars,"Blagoy, Dmitry","https://imslp.org/wiki/Winter_stars_(Blagoy,_Dmitry)","piano, voice",,Modern,,,Modern,,370
Winter'25,"Saldiën, Jacques","https://imslp.org/wiki/Winter'25_(Saldiën,_Jacques)","2 horns, tubular bells, xylophone (amplified), vibraphone, double bass, 2 pianos",D minor,Classical,,2024,Modern,3 minutes,12
Winter's Darkness,"Basford, Benjamin","https://imslp.org/wiki/Winter's_Darkness_(Basford,_Benjamin)","harp, 2 violins, viola, cello, bass",B minor,Modern,,2016,Modern,,614
"Winter, Op.15 No.2","Wright, Nannie Louise","https://imslp.org/wiki/Winter,_Op.15_No.2_(Wright,_Nannie_Louise)",piano,D-flat major,Early 20th century,,,Early 20th century,,85
Winter-Abend,"Brandts Buys, Henri François Robert","https://imslp.org/wiki/Winter-Abend_(Brandts_Buys,_Henri_François_Robert)","Voice, Piano",,Romantic,,,Romantic,,183
Winter-Landschaft,"Lincke, Paul","https://imslp.org/wiki/Winter-Landschaft_(Lincke,_Paul)",orchestra,C major,Romantic,,1923 ca.,Romantic,,42
"Winter-Mährchen, Op.92","Willmers, Rudolf","https://imslp.org/wiki/Winter-Mährchen,_Op.92_(Willmers,_Rudolf)",piano,,Romantic,,,Romantic,,35
"Winterbelustigungen, Book 1",Various,"https://imslp.org/wiki/Winterbelustigungen,_Book_1_(Various)",piano,,Romantic,,,,,21
Winterbild,"Pitt, Percy","https://imslp.org/wiki/Winterbild_(Pitt,_Percy)","voice, piano",D minor,Romantic,,1896,Romantic,,26
Winterblumen am Clavier,"Rellstab, Johann Carl Friedrich","https://imslp.org/wiki/Winterblumen_am_Clavier_(Rellstab,_Johann_Carl_Friedrich)","voice, keyboard; chorus, keyboard",,Classical,,,Classical,,99
"Wintergarten-Quadrille, Op.37","Fetrás, Oscar","https://imslp.org/wiki/Wintergarten-Quadrille,_Op.37_(Fetrás,_Oscar)",orchestra,,Romantic,,,Romantic,,29
Winterlied,"L'Eonale, Renard","https://imslp.org/wiki/Winterlied_(L'Eonale,_Renard)","piano, voice",D minor,Romantic,,2013,Modern,4 minutes,163
"Winterlied, D.401","Schubert, Franz","https://imslp.org/wiki/Winterlied,_D.401_(Schubert,_Franz)","voice, piano",A minor,Romantic,,1816,Romantic,,2120
"Winterlied, D.deest","Schubert, Franz","https://imslp.org/wiki/Winterlied,_D.deest_(Schubert,_Franz)","voice, piano",F-sharp minor,Romantic,,1820?,Romantic,2 minutes,319
Winterlob,"Bade, Philipp","https://imslp.org/wiki/Winterlob_(Bade,_Philipp)","2 voices, piano",,Romantic,,,Romantic,,57
"Winterlust, Op.121","Strauss, Josef","https://imslp.org/wiki/Winterlust,_Op.121_(Strauss,_Josef)",piano,A major,Romantic,,,Romantic,3 minutes,70
"Wintermärchen, Op.366","Czibulka, Alphons","https://imslp.org/wiki/Wintermärchen,_Op.366_(Czibulka,_Alphons)",orchestra,,Romantic,,,Romantic,,1243
Winternachtsdroom,"Boeck, August de","https://imslp.org/wiki/Winternachtsdroom_(Boeck,_August_de)","Vocal soloists, Chorus, Orchestra",,Romantic,,,Romantic,,439
"Winterreigen, Op.13","Dohnányi, Ernő","https://imslp.org/wiki/Winterreigen,_Op.13_(Dohnányi,_Ernő)",piano,,Romantic,,1905,Early 20th century,,3469
"Winterreise, D.911","Schubert, Franz","https://imslp.org/wiki/Winterreise,_D.911_(Schubert,_Franz)","voice, piano",see below,Romantic,,1827 February - Autumn,Romantic,70 minutes,315064
Winters of February,"Roberts, Hayden","https://imslp.org/wiki/Winters_of_February_(Roberts,_Hayden)",guitar,G major,Modern,,2018,Modern,3 minutes,81
"Winterspenden, Op.27","Bayern, Max Joseph in","https://imslp.org/wiki/Winterspenden,_Op.27_(Bayern,_Max_Joseph_in)",orchestra,E major,Romantic,,,Romantic,,17
Winterspruch,"Eisler, Hanns","https://imslp.org/wiki/Winterspruch_(Eisler,_Hanns)","Voice, piano",,Modern,,1942,Early 20th century,1 minute,0
Winterstille,"Manns, Désirée","https://imslp.org/wiki/Winterstille_(Manns,_Désirée)",piano,,Modern,,2015,Modern,3 minutes,98
Winterstürme,"Knaak, Peter","https://imslp.org/wiki/Winterstürme_(Knaak,_Peter)","tenor, piano (arr)",B-flat major,Modern,,2000 ca.,Modern,2-3 minutes,638
Wintertag,"Sardelli, Federico Maria","https://imslp.org/wiki/Wintertag_(Sardelli,_Federico_Maria)","guitar, piano",E minor,Modern,,1997 (December),Modern,,2786
"Wiosenne siewy, Op.54","Łodwigowski, Edward Stefan","https://imslp.org/wiki/Wiosenne_siewy,_Op.54_(Łodwigowski,_Edward_Stefan)",piano,,Romantic,,,Romantic,,69
Wiosna,"Moniuszko, Stanisław","https://imslp.org/wiki/Wiosna_(Moniuszko,_Stanisław)","voice, piano",A-flat major,Romantic,,,Romantic,,62
Wiosna,"Rogowski, Ludomir Michał","https://imslp.org/wiki/Wiosna_(Rogowski,_Ludomir_Michał)","violin, piano",D major,Early 20th century,,1902-06 ca.,Romantic,,4
Wiosna,"Studziński, Karol Paweł","https://imslp.org/wiki/Wiosna_(Studziński,_Karol_Paweł)",4 voices (TTBB),C major,Romantic,,,Romantic,,5
"Wiosną o zaraniu, Op.8","Niewiadomski, Stanisław","https://imslp.org/wiki/Wiosną_o_zaraniu,_Op.8_(Niewiadomski,_Stanisław)",piano 4 hands,,Early 20th century,,,Romantic,,20
Wiosną o zaraniu...,"Madejski, Marceli","https://imslp.org/wiki/Wiosną_o_zaraniu..._(Madejski,_Marceli)","voice, piano",E-flat major,Romantic,,,Romantic,,13
"Wir Christenleut hab'n jetzund Freud, BWV 710","Bach, Johann Sebastian","https://imslp.org/wiki/Wir_Christenleut_hab'n_jetzund_Freud,_BWV_710_(Bach,_Johann_Sebastian)",organ,,Baroque,,1708,Baroque,,931
Wir Christenleut habn jetzund Freud,Anonymous,https://imslp.org/wiki/Wir_Christenleut_habn_jetzund_Freud_(Anonymous),4 voices,,Renaissance,,,,,10
Wir Christenleut' hab'n jetzund Freud',"Nolda, Andreas","https://imslp.org/wiki/Wir_Christenleut'_hab'n_jetzund_Freud'_(Nolda,_Andreas)",organ,G minor,Baroque,,1999,Modern,,75
"Wir Christenleut, BWV 1090","Bach, Johann Sebastian","https://imslp.org/wiki/Wir_Christenleut,_BWV_1090_(Bach,_Johann_Sebastian)",organ,G minor,Baroque,,1703-07?,Baroque,,2609
"Wir Christenleut, BWV 612","Bach, Johann Sebastian","https://imslp.org/wiki/Wir_Christenleut,_BWV_612_(Bach,_Johann_Sebastian)",organ,G minor,Baroque,,1714 ca. in Das Orgel-Büchlein (No.14),Baroque,,3332
"Wir Christenleut, F.38,7","Bach, Wilhelm Friedemann","https://imslp.org/wiki/Wir_Christenleut,_F.38,7_(Bach,_Wilhelm_Friedemann)",organ,G minor,Baroque,,,Baroque,,673
"Wir Christenleut, LV 14","Zachow, Friedrich Wilhelm","https://imslp.org/wiki/Wir_Christenleut,_LV_14_(Zachow,_Friedrich_Wilhelm)",organ,G minor,Baroque,,,Baroque,,499
"Wir Christenleut, R.55","Simpson, Daniel Léo","https://imslp.org/wiki/Wir_Christenleut,_R.55_(Simpson,_Daniel_Léo)",keyboard (arranged),B minor,Classical,,2017,Modern,1 minute,103
"Wir Drei! Der Lenz und ich und du!, Op.8","Cranz, Oskar","https://imslp.org/wiki/Wir_Drei!_Der_Lenz_und_ich_und_du!,_Op.8_(Cranz,_Oskar)","voice, piano",,Romantic,,,Romantic,,6
"Wir aber, die wir des Tages Kinder sind, TWV 1:1654","Telemann, Georg Philipp","https://imslp.org/wiki/Wir_aber,_die_wir_des_Tages_Kinder_sind,_TWV_1:1654_(Telemann,_Georg_Philipp)","SATB solos, mixed chorus (SATB), 2 oboes, strings, continuo",G major,Baroque,,1736,Baroque,10 minutes,47
Wir bauen eine Stadt,"Hindemith, Paul","https://imslp.org/wiki/Wir_bauen_eine_Stadt_(Hindemith,_Paul)","voices (high, medium, low), melody instruments, percussion (complete) tambourine/triangle, wood block drum, bass drum, other easy-to-use drums piano (piano suite)",,Modern,,1930 (March) in Berlin (full score) 1930/31 (piano suite),Modern,10-25 minutes (complete) 5 minutes (piano suite),0
"Wir danken dir, Gott, TWV 1:1657","Telemann, Georg Philipp","https://imslp.org/wiki/Wir_danken_dir,_Gott,_TWV_1:1657_(Telemann,_Georg_Philipp)","soprano, alto, tenor, bass, mixed chorus (SATB), orchestra",G major,Baroque,,1726,Baroque,10 minutes,12
"Wir danken dir, Gott, wir danken dir, BWV 29","Bach, Johann Sebastian","https://imslp.org/wiki/Wir_danken_dir,_Gott,_wir_danken_dir,_BWV_29_(Bach,_Johann_Sebastian)","soprano, alto, tenor, bass; mixed chorus (SATB), orchestra",,Baroque,,1731 in Leipzig,Baroque,28 minutes,140601
"Wir danken dir, Herr Jesu Christ","Liardon, Gaël","https://imslp.org/wiki/Wir_danken_dir,_Herr_Jesu_Christ_(Liardon,_Gaël)",Organ,,Modern,,,Modern,,1962
"Wir danken dir, Herr Jesu Christ, BWV 623","Bach, Johann Sebastian","https://imslp.org/wiki/Wir_danken_dir,_Herr_Jesu_Christ,_BWV_623_(Bach,_Johann_Sebastian)",organ,G major,Baroque,,"1716 ca., from Das Orgel-Büchlein (No.25)",Baroque,,3765
"Wir danken dir, Herr Jesu Christ, BuxWV 224","Buxtehude, Dietrich","https://imslp.org/wiki/Wir_danken_dir,_Herr_Jesu_Christ,_BuxWV_224_(Buxtehude,_Dietrich)",organ,D Dorian mode,Baroque,,,Baroque,,7304
"Wir danken dir, Herr Jesu Christ, F.38,5","Bach, Wilhelm Friedemann","https://imslp.org/wiki/Wir_danken_dir,_Herr_Jesu_Christ,_F.38,5_(Bach,_Wilhelm_Friedemann)",organ,G major,Baroque,,,Baroque,,1021
"Wir danken dir, Herr Jesu Christ, dass du für uns gestorben bist","Nolda, Andreas","https://imslp.org/wiki/Wir_danken_dir,_Herr_Jesu_Christ,_dass_du_für_uns_gestorben_bist_(Nolda,_Andreas)",organ,E minor,Baroque,,2006,Modern,,168
"Wir danken dir, Herr Jesu Christ, daß du für uns gestorben bist","Eccard, Johannes","https://imslp.org/wiki/Wir_danken_dir,_Herr_Jesu_Christ,_daß_du_für_uns_gestorben_bist_(Eccard,_Johannes)",4 voices,,Renaissance,,,Renaissance,,0
"Wir danken dir, o Gottes Lamm","La Rue, Pierre de","https://imslp.org/wiki/Wir_danken_dir,_o_Gottes_Lamm_(La_Rue,_Pierre_de)",4 voices,,Renaissance,,,Renaissance,,350
Wir dein Volk und Schafe deiner Weide,"Stölzel, Gottfried Heinrich","https://imslp.org/wiki/Wir_dein_Volk_und_Schafe_deiner_Weide_(Stölzel,_Gottfried_Heinrich)","Vocal - Soloists (SATB), Chorus (SATB) Orchestra - 2 oboes d'amore, strings, continuo",G major,Baroque,,,Baroque,,64
"Wir die wir des Tages sind, GWV 1120/40","Graupner, Christoph","https://imslp.org/wiki/Wir_die_wir_des_Tages_sind,_GWV_1120/40_(Graupner,_Christoph)","soprano, alto, tenor, bass, strings, continuo",F major,Baroque,,1740,Baroque,,241
"Wir die wir leben, GWV 1137/24","Graupner, Christoph","https://imslp.org/wiki/Wir_die_wir_leben,_GWV_1137/24_(Graupner,_Christoph)","SATB, strings, basso continuo",G minor,Baroque,,1724,Baroque,,57
"Wir die wir stark sind, GWV 1131/38","Graupner, Christoph","https://imslp.org/wiki/Wir_die_wir_stark_sind,_GWV_1131/38_(Graupner,_Christoph)","SATB, strings, continuo",G minor,Baroque,,1738,Baroque,,110
Wir drei!,"Randhartinger, Benedict","https://imslp.org/wiki/Wir_drei!_(Randhartinger,_Benedict)","voice, piano",D major,Romantic,,1880,Romantic,1 minutes,35
"Wir ermahnen euch als Mithelfer, GWV 1161/21","Graupner, Christoph","https://imslp.org/wiki/Wir_ermahnen_euch_als_Mithelfer,_GWV_1161/21_(Graupner,_Christoph)","SSATB, oboe, strings, basso continuo",B-flat major,Baroque,,1721,Baroque,,53
"Wir ermahnen euch liebe Brüder, GWV 1121/23","Graupner, Christoph","https://imslp.org/wiki/Wir_ermahnen_euch_liebe_Brüder,_GWV_1121/23_(Graupner,_Christoph)","SSTB, strings, continuo",D major,Baroque,,1723,Baroque,,141
"Wir gingen alle in der Irre, HoWV I.9","Homilius, Gottfried August","https://imslp.org/wiki/Wir_gingen_alle_in_der_Irre,_HoWV_I.9_(Homilius,_Gottfried_August)","soprano, alto, tenor, bass, mixed chorus (SATB), orchestra",A major,Classical,,,Classical,,671
"Wir gingen alle in der Irre, TWV 1:1659","Telemann, Georg Philipp","https://imslp.org/wiki/Wir_gingen_alle_in_der_Irre,_TWV_1:1659_(Telemann,_Georg_Philipp)","soprano, alto, tenor, bass, orchestra",F-sharp minor,Baroque,,1732,Baroque,15 minutes,64
Wir glauben all an einen Gott,Anonymous,https://imslp.org/wiki/Wir_glauben_all_an_einen_Gott_(Anonymous),voice or unison chorus,,Renaissance,,,,,0
Wir glauben all an einen Gott,"Praetorius, Michael","https://imslp.org/wiki/Wir_glauben_all_an_einen_Gott_(Praetorius,_Michael)",,,Baroque,,,Renaissance,,387
Wir glauben all an einen Gott,"Scheidemann, Heinrich","https://imslp.org/wiki/Wir_glauben_all_an_einen_Gott_(Scheidemann,_Heinrich)",organ,,Baroque,,,Baroque,,0
"Wir glauben all an einen Gott, BWV 1098","Bach, Johann Sebastian","https://imslp.org/wiki/Wir_glauben_all_an_einen_Gott,_BWV_1098_(Bach,_Johann_Sebastian)",organ,D minor,Baroque,,1703-07?,Baroque,,2866
"Wir glauben all an einen Gott, BWV 437","Bach, Johann Sebastian","https://imslp.org/wiki/Wir_glauben_all_an_einen_Gott,_BWV_437_(Bach,_Johann_Sebastian)",mixed chorus (SATB),D Dorian mode,Baroque,,1725 or before,Baroque,,0
"Wir glauben all an einen Gott, BWV 765","Bach, Johann Sebastian","https://imslp.org/wiki/Wir_glauben_all_an_einen_Gott,_BWV_765_(Bach,_Johann_Sebastian)",organ,D minor,Baroque,,1718,Baroque,,3472
"Wir glauben all an einen Gott, BWV Anh.69","Bach, Johann Sebastian","https://imslp.org/wiki/Wir_glauben_all_an_einen_Gott,_BWV_Anh.69_(Bach,_Johann_Sebastian)",organ,F major,Baroque,,,Baroque,,26
"Wir glauben all an einen Gott, BWV Anh.70","Bach, Johann Sebastian","https://imslp.org/wiki/Wir_glauben_all_an_einen_Gott,_BWV_Anh.70_(Bach,_Johann_Sebastian)",organ,D minor,Baroque,,,Baroque,,3286
"Wir glauben all an einen Gott, Krebs-WV 553","Krebs, Johann Ludwig","https://imslp.org/wiki/Wir_glauben_all_an_einen_Gott,_Krebs-WV_553_(Krebs,_Johann_Ludwig)",organ,D minor,Baroque,,,Classical,,0
"Wir glauben all an einen Gott, LV 15","Zachow, Friedrich Wilhelm","https://imslp.org/wiki/Wir_glauben_all_an_einen_Gott,_LV_15_(Zachow,_Friedrich_Wilhelm)",organ,D minor,Baroque,,,Baroque,,713
"Wir glauben all an einen Gott, Schöpfer, R.133","Simpson, Daniel Léo","https://imslp.org/wiki/Wir_glauben_all_an_einen_Gott,_Schöpfer,_R.133_(Simpson,_Daniel_Léo)",keyboard (arranged),D minor,Classical,,2017-10,Modern,2 minutes,120
Wir glauben all' an einen Gott,"Ahle, Johann Rudolf","https://imslp.org/wiki/Wir_glauben_all'_an_einen_Gott_(Ahle,_Johann_Rudolf)","8 Voices (S,A,T,B / S,A,T,B), Continuo",,Baroque,,,Baroque,,600
Wir glauben all' an einen Gott,"Bach, Johann Christoph","https://imslp.org/wiki/Wir_glauben_all'_an_einen_Gott_(Bach,_Johann_Christoph)",Organ,D minor,Baroque,,,Baroque,,2970
"Wir glauben all' an einen Gott, Krebs-WV 554c","Krebs, Johann Ludwig","https://imslp.org/wiki/Wir_glauben_all'_an_einen_Gott,_Krebs-WV_554c_(Krebs,_Johann_Ludwig)",Organ,F major,Baroque,,,Classical,,10397
"Wir glauben all' an einen Gott, P.49","Pachelbel, Johann","https://imslp.org/wiki/Wir_glauben_all'_an_einen_Gott,_P.49_(Pachelbel,_Johann)",organ,D Dorian (D minor),Baroque,,,Baroque,,3549
"Wir glauben all' an einen Gott, Vater, BWV 740","Bach, Johann Sebastian","https://imslp.org/wiki/Wir_glauben_all'_an_einen_Gott,_Vater,_BWV_740_(Bach,_Johann_Sebastian)",organ,F major,Baroque,,,Baroque,,728
"Wir glauben an den heiligen Geist, TWV 1:1660","Telemann, Georg Philipp","https://imslp.org/wiki/Wir_glauben_an_den_heiligen_Geist,_TWV_1:1660_(Telemann,_Georg_Philipp)","tenor, bass solos, mixed chorus (SATB), 2 oboes, viola da gamba, strings, continuo (see below, Comments)",E minor,Baroque,,1711,Baroque,18 minutes,136
Wir gleuben al an einen Gott,"Walter, Johann","https://imslp.org/wiki/Wir_gleuben_al_an_einen_Gott_(Walter,_Johann)",mixed chorus (SATB),,Renaissance,,,Renaissance,,320
Wir gläuben all an einen Gott,"Bruck, Arnold von","https://imslp.org/wiki/Wir_gläuben_all_an_einen_Gott_(Bruck,_Arnold_von)",4 Voices (SATB),,Renaissance,,,Renaissance,,484
Wir gläuben all an einen Gott,"Mahu, Stephan","https://imslp.org/wiki/Wir_gläuben_all_an_einen_Gott_(Mahu,_Stephan)",STTB,,Renaissance,,,Renaissance,,143
Wir gläuben all an einen Gott,"Resinarius, Balthasar","https://imslp.org/wiki/Wir_gläuben_all_an_einen_Gott_(Resinarius,_Balthasar)",Mixed Chorus (ATTB or STB),,Renaissance,,,Renaissance,,390
"Wir gläuben all an einen Gott, BWV 680","Bach, Johann Sebastian","https://imslp.org/wiki/Wir_gläuben_all_an_einen_Gott,_BWV_680_(Bach,_Johann_Sebastian)",organ,,Baroque,,,Baroque,,8255
Wir gläuben all' an einen Gott,"Schein, Johann Hermann","https://imslp.org/wiki/Wir_gläuben_all'_an_einen_Gott_(Schein,_Johann_Hermann)","2 sopranos, tenor, bassoon/trombone, continuo",,Baroque,,,Baroque,,384
"Wir gläuben all' an einen Gott, SSWV 102","Scheidt, Samuel","https://imslp.org/wiki/Wir_gläuben_all'_an_einen_Gott,_SSWV_102_(Scheidt,_Samuel)",organ,,Renaissance,,,Baroque,,1486
Wir haben Gottes Wort gehört,"Burck, Joachim a","https://imslp.org/wiki/Wir_haben_Gottes_Wort_gehört_(Burck,_Joachim_a)",SATB voices,,Renaissance,,,Renaissance,,117
"Wir haben Herr mit unsern ohren, LV 949","Lassus, Orlande de","https://imslp.org/wiki/Wir_haben_Herr_mit_unsern_ohren,_LV_949_(Lassus,_Orlande_de)",3 voices,,Renaissance,,,Renaissance,,7
"Wir haben allenthalben Trübsal, GWV 1118/23","Graupner, Christoph","https://imslp.org/wiki/Wir_haben_allenthalben_Trübsal,_GWV_1118/23_(Graupner,_Christoph)","Voices: 2 sopranos, tenor, bass Orchestra: 2 oboes, strings, continuo",F major,Baroque,,1723,Baroque,,131
"Wir haben auch ein Osterlamm, GWV 1128/23","Graupner, Christoph","https://imslp.org/wiki/Wir_haben_auch_ein_Osterlamm,_GWV_1128/23_(Graupner,_Christoph)","SATB, 3 oboes, 2 trumpets, timpani, strings, basso continuo",C major,Baroque,,1723,Baroque,,78
"Wir haben die Hoffnung als einen sichern und festen Anker, TWV 1:1662","Telemann, Georg Philipp","https://imslp.org/wiki/Wir_haben_die_Hoffnung_als_einen_sichern_und_festen_Anker,_TWV_1:1662_(Telemann,_Georg_Philipp)",,,Baroque,,1727,Baroque,,2
"Wir haben einen Gott der da hilft, GWV 1165/24","Graupner, Christoph","https://imslp.org/wiki/Wir_haben_einen_Gott_der_da_hilft,_GWV_1165/24_(Graupner,_Christoph)","2 soprano, alto, tenor, bass, horn, strings, continuo",G minor,Baroque,,1724,Baroque,,244
"Wir haben einen Gott der da hilft, GWV 1165/31","Graupner, Christoph","https://imslp.org/wiki/Wir_haben_einen_Gott_der_da_hilft,_GWV_1165/31_(Graupner,_Christoph)","Voices: soprano, alto, tenor, bass Orchestra: strings, continuo",A minor,Baroque,,1731,Baroque,,122
"Wir haben erkannt und geglaubet, GWV 1159/32","Graupner, Christoph","https://imslp.org/wiki/Wir_haben_erkannt_und_geglaubet,_GWV_1159/32_(Graupner,_Christoph)","Voices: soprano, alto, tenor, bass Orchestra: strings, continuo",G major,Baroque,,1732,Baroque,,107
Wir haben hier keine bleibende Stätte,"Stölzel, Gottfried Heinrich","https://imslp.org/wiki/Wir_haben_hier_keine_bleibende_Stätte_(Stölzel,_Gottfried_Heinrich)","alto, bass, mixed chorus (SATB), orchestra",,Baroque,,,Baroque,,106
"Wir haben nicht einen Hohenpriester, GWV 1120/30","Graupner, Christoph","https://imslp.org/wiki/Wir_haben_nicht_einen_Hohenpriester,_GWV_1120/30_(Graupner,_Christoph)","Voices: soprano, alto, tenor bass Orchestra: strings, continuo",G major,Baroque,,1730,Baroque,,130
"Wir haben nicht einen Hohenpriester, GWV 1120/48","Graupner, Christoph","https://imslp.org/wiki/Wir_haben_nicht_einen_Hohenpriester,_GWV_1120/48_(Graupner,_Christoph)","Voices: soprano, alto, tenor, bass Orchestra: strings, continuo",G major,Baroque,,1748,Baroque,,253
"Wir haben nicht mit Fleisch und Blut zu kämpfen, GWV 1122/19","Graupner, Christoph","https://imslp.org/wiki/Wir_haben_nicht_mit_Fleisch_und_Blut_zu_kämpfen,_GWV_1122/19_(Graupner,_Christoph)","SATB, Strings, Basso continuo",C major,Baroque,,1719,Baroque,,389
"Wir haben nicht mit Fleisch und Blut, TWV 1:1667","Telemann, Georg Philipp","https://imslp.org/wiki/Wir_haben_nicht_mit_Fleisch_und_Blut,_TWV_1:1667_(Telemann,_Georg_Philipp)","soprano, alto, tenor, bass, mixed chorus (SATB), orchestra",A minor,Baroque,,1732,Baroque,15 minutes,32
Wir hatten gebauet ein stattliches Haus,Anonymous,https://imslp.org/wiki/Wir_hatten_gebauet_ein_stattliches_Haus_(Anonymous),Chant a cappella or with accompaniment,,Romantic,,1819 ?,,,1117
Wir hören Walter Kollo,"Krome, Hermann","https://imslp.org/wiki/Wir_hören_Walter_Kollo_(Krome,_Hermann)",salon orchestra,,Early 20th century,,,Early 20th century,,0
Wir irren allesamt,"Kirnberger, Johann Philipp","https://imslp.org/wiki/Wir_irren_allesamt_(Kirnberger,_Johann_Philipp)","voices, continuo",D minor,Classical,,,Classical,,38
"Wir leiden Verfolgung, GWV 1110/27","Graupner, Christoph","https://imslp.org/wiki/Wir_leiden_Verfolgung,_GWV_1110/27_(Graupner,_Christoph)","SATB, 2 flutes, 2 oboes, strings, basso continuo",G minor,Baroque,,1727,Baroque,,66
Wir lieben sehr im Herzen,"Friderici, Daniel","https://imslp.org/wiki/Wir_lieben_sehr_im_Herzen_(Friderici,_Daniel)",4 voices,,Baroque,,,Baroque,,2440
"Wir liegen vor dir mit unserm Gebet, HoWV V.30","Homilius, Gottfried August","https://imslp.org/wiki/Wir_liegen_vor_dir_mit_unserm_Gebet,_HoWV_V.30_(Homilius,_Gottfried_August)",Mixed Chorus (SATB),F minor,Baroque,,1760,Classical,,2461
"Wir liegen, grosser Gott, vor dir, TWV 1:1668","Telemann, Georg Philipp","https://imslp.org/wiki/Wir_liegen,_grosser_Gott,_vor_dir,_TWV_1:1668_(Telemann,_Georg_Philipp)","soprano, alto, tenor, bass, mixed chorus (SATB), orchestra",G minor,Baroque,,1713-14,Baroque,16 minutes,61
"Wir müssen alle offenbar werden, TWV 1:1669","Telemann, Georg Philipp","https://imslp.org/wiki/Wir_müssen_alle_offenbar_werden,_TWV_1:1669_(Telemann,_Georg_Philipp)","alto, tenor, bass, mixed chorus (SATB), orchestra",A minor,Baroque,,1720,Baroque,10 minutes,31
"Wir müssen alle offenbar werden, TWV 1:1672","Telemann, Georg Philipp","https://imslp.org/wiki/Wir_müssen_alle_offenbar_werden,_TWV_1:1672_(Telemann,_Georg_Philipp)","2 voices, bass (optional), 2 violins, viola (optional), continuo",B-flat major,Baroque,,,Baroque,20 minutes,98
"Wir müssen alle offenbaret werden, GWV 1102/28","Graupner, Christoph","https://imslp.org/wiki/Wir_müssen_alle_offenbaret_werden,_GWV_1102/28_(Graupner,_Christoph)","soprano, alto, tenor, bass, strings, continuo",G minor,Baroque,,1728,Baroque,,156
"Wir müssen alle offenbaret werden, TWV 1:1670","Telemann, Georg Philipp","https://imslp.org/wiki/Wir_müssen_alle_offenbaret_werden,_TWV_1:1670_(Telemann,_Georg_Philipp)","soprano, alto, tenor solos; mixed chorus (SATB), 2 oboes, strings, continuo",E-flat major,Baroque,,1719-20,Baroque,10 minutes,64
"Wir müssen durch viel Trübsal in das Reich Gottes eingehen, BWV 146","Bach, Johann Sebastian","https://imslp.org/wiki/Wir_müssen_durch_viel_Trübsal_in_das_Reich_Gottes_eingehen,_BWV_146_(Bach,_Johann_Sebastian)","soprano, alto, tenor, bass; mixed chorus (SATB), orchestra",D minor,Baroque,,1726/28 in Leipzig,Baroque,35 minutes,27263
"Wir müssen durch viel Trübsal, GWV 1133/19","Graupner, Christoph","https://imslp.org/wiki/Wir_müssen_durch_viel_Trübsal,_GWV_1133/19_(Graupner,_Christoph)","SATB, strings, basso continuo",A minor,Baroque,,1719,Baroque,,65
Wir pflügen und wir streuen,"Schulz, Johann Abraham Peter","https://imslp.org/wiki/Wir_pflügen_und_wir_streuen_(Schulz,_Johann_Abraham_Peter)","voice, chorus, keyboard",C major,Classical,,,Classical,,905
Wir reiten,"Lipski, Stanisław","https://imslp.org/wiki/Wir_reiten_(Lipski,_Stanisław)","voice, piano",A-flat major,Romantic,,,Romantic,,9
"Wir rühmen uns Gottes, GWV 1139/41","Graupner, Christoph","https://imslp.org/wiki/Wir_rühmen_uns_Gottes,_GWV_1139/41_(Graupner,_Christoph)","soprano, alto, tenor, bass, orchestra",B-flat major,Baroque,,1741,Baroque,,286
"Wir rühmen uns auch der Trübsal, GWV 1133/28","Graupner, Christoph","https://imslp.org/wiki/Wir_rühmen_uns_auch_der_Trübsal,_GWV_1133/28_(Graupner,_Christoph)","Voices: soprano, alto, tenor, bass Orchestra: flute, 2 oboes, bassoon, strings, continuo",A minor,Baroque,,1728,Baroque,,149
Wir sagen euch an den lieben Advent,"Nolda, Andreas","https://imslp.org/wiki/Wir_sagen_euch_an_den_lieben_Advent_(Nolda,_Andreas)",organ,F major,Jazz,,2020,Modern,,774
"Wir seh'n uns wieder, Op.71","Padovec, Ivan","https://imslp.org/wiki/Wir_seh'n_uns_wieder,_Op.71_(Padovec,_Ivan)","voice, guitar",G major,Romantic,,,Romantic,,17
"Wir sind Gottes Werke, F.74","Bach, Wilhelm Friedemann","https://imslp.org/wiki/Wir_sind_Gottes_Werke,_F.74_(Bach,_Wilhelm_Friedemann)","Vocal - Soloists (SATB), Chorus (SATB) Orchestra - strings, continuo",F major,Baroque,,,Baroque,,115
"Wir sind allzumal Sünder, TWV 1:1676","Telemann, Georg Philipp","https://imslp.org/wiki/Wir_sind_allzumal_Sünder,_TWV_1:1676_(Telemann,_Georg_Philipp)","soprano, alto, tenor, bass, mixed chorus (SATB), orchestra",E minor,Baroque,,1721,Baroque,15 minutes,35
Wir sind koreanische Kinder in Bremen,"Kim, Hee Cheol","https://imslp.org/wiki/Wir_sind_koreanische_Kinder_in_Bremen_(Kim,_Hee_Cheol)","voice, piano",C major,Modern,,2018,Modern,4 minutes,87
"Wir sind krank, GWV 1153/19","Graupner, Christoph","https://imslp.org/wiki/Wir_sind_krank,_GWV_1153/19_(Graupner,_Christoph)","SSATB, mixed chorus, strings, continuo",C minor,Baroque,,1719,Baroque,13-14 minutes,266
"Wir sind nicht Mumien, S.90/3","Liszt, Franz","https://imslp.org/wiki/Wir_sind_nicht_Mumien,_S.90/3_(Liszt,_Franz)",Male Choir (TTBB) + Piano,C minor / C major,Romantic,,"1842, rev. 1860–61",Romantic,,510
"Wir sind voller Angst und Plag, H.388","Stölzel, Gottfried Heinrich","https://imslp.org/wiki/Wir_sind_voller_Angst_und_Plag,_H.388_(Stölzel,_Gottfried_Heinrich)","Vocal: soprano, alto, tenor, bass, mixed chorus (SATB) Orchestra: violin solo, strings, continuo",B-flat major,Baroque,,,Baroque,,23
Wir singen all mit Freudenschall,"Eccard, Johannes","https://imslp.org/wiki/Wir_singen_all_mit_Freudenschall_(Eccard,_Johannes)",SATB/SATB voices,,Renaissance,,,Renaissance,,9141
Wir singen und sagen,"Strohbach, Siegfried","https://imslp.org/wiki/Wir_singen_und_sagen_(Strohbach,_Siegfried)","Version A Male-voice choir (TTBB), piano Version B Female choir (SSAA), piano",,Modern,,1952,Modern,8 minutes,419
"Wir spielen Soldat, Op.73","Eilenberg, Richard","https://imslp.org/wiki/Wir_spielen_Soldat,_Op.73_(Eilenberg,_Richard)",piano,,Romantic,,,Romantic,,213
"Wir stehn mit Ernst im Blicke, L.519","Benda, Georg","https://imslp.org/wiki/Wir_stehn_mit_Ernst_im_Blicke,_L.519_(Benda,_Georg)","soprano, tenor, bass soli, SATB choir, strings, continuo",C major,Classical,,,Classical,,29
"Wir verkündigen euch die Verheissung, GWV 1130/39","Graupner, Christoph","https://imslp.org/wiki/Wir_verkündigen_euch_die_Verheissung,_GWV_1130/39_(Graupner,_Christoph)","soprano, alto, tenor, bass, orchestra",C minor,Baroque,,1739,Baroque,,119
"Wir wallen hier auf rauh und ebnen Wegen, GWV 1112/36","Graupner, Christoph","https://imslp.org/wiki/Wir_wallen_hier_auf_rauh_und_ebnen_Wegen,_GWV_1112/36_(Graupner,_Christoph)","soprano, alto, tenor, bass, strings, continuo",G major,Baroque,,1736,Baroque,,105
"Wir wandeln im Glauben, GWV 1169/10","Graupner, Christoph","https://imslp.org/wiki/Wir_wandeln_im_Glauben,_GWV_1169/10_(Graupner,_Christoph)","SATB, 2 Flutes, 2 Oboes, Bassoon, Strings, Basso continuo",F major,Baroque,,1710,Baroque,,108
"Wir waren die Sieger!, Op.84","Greger, Luise","https://imslp.org/wiki/Wir_waren_die_Sieger!,_Op.84_(Greger,_Luise)","voice, piano",,Romantic,,,Romantic,,20
"Wir warten eines neuen Himmels, GWV 1167/23","Graupner, Christoph","https://imslp.org/wiki/Wir_warten_eines_neuen_Himmels,_GWV_1167/23_(Graupner,_Christoph)","SATB, bassoon, strings, basso continuo",G major,Baroque,,1723,Baroque,,87
"Wir werden ihn sehen, GWV 1169/49","Graupner, Christoph","https://imslp.org/wiki/Wir_werden_ihn_sehen,_GWV_1169/49_(Graupner,_Christoph)","soprano, alto, tenor, bass, orchestra",G major,Baroque,,1749,Baroque,,275
"Wir wissen dass Trübsal Geduld bringet, GWV 1121/44","Graupner, Christoph","https://imslp.org/wiki/Wir_wissen_dass_Trübsal_Geduld_bringet,_GWV_1121/44_(Graupner,_Christoph)","soprano, alto, tenor, bass, strings, continuo",B-flat major,Baroque,,1744,Baroque,,524
"Wir wissen dass der Sohn Gottes kommen ist, GWV 1103/39","Graupner, Christoph","https://imslp.org/wiki/Wir_wissen_dass_der_Sohn_Gottes_kommen_ist,_GWV_1103/39_(Graupner,_Christoph)","soprano, alto, tenor, bass, orchestra",E minor,Baroque,,1739,Baroque,,304
"Wir wissen dass unser irdisches Haus, GWV 1175/39b","Graupner, Christoph","https://imslp.org/wiki/Wir_wissen_dass_unser_irdisches_Haus,_GWV_1175/39b_(Graupner,_Christoph)","SATB, 2 flutes, 2 oboes, 3 chalumeaux, bassoon, 2 trumpets, timpani, 2 viola d'amore, strings, continuo",C major,Baroque,,1739,Baroque,,153
"Wir wissen dass wer von Gott geboren ist, GWV 1120/28","Graupner, Christoph","https://imslp.org/wiki/Wir_wissen_dass_wer_von_Gott_geboren_ist,_GWV_1120/28_(Graupner,_Christoph)","soprano, alto, tenor, strings, continuo",D major,Baroque,,1728,Baroque,,159
"Wir wissen, daß denen, die Gott lieben, TWV 1:1681","Telemann, Georg Philipp","https://imslp.org/wiki/Wir_wissen,_daß_denen,_die_Gott_lieben,_TWV_1:1681_(Telemann,_Georg_Philipp)","soprano, alto, tenor, bass solos, mixed chorus (SATB), 2 oboes, strings, continuo",C major,Baroque,,1719-20,Baroque,12 minutes,47
"Wir wissen, daß denen, die Gott lieben, TWV 1:1682","Telemann, Georg Philipp","https://imslp.org/wiki/Wir_wissen,_daß_denen,_die_Gott_lieben,_TWV_1:1682_(Telemann,_Georg_Philipp)","2 voices, bass (optional), 2 violins, viola (optional), continuo",B-flat major,Baroque,,,Baroque,18 minutes,166
"Wir wissen, so unser irdisches Haus","Bach, Johann Ludwig","https://imslp.org/wiki/Wir_wissen,_so_unser_irdisches_Haus_(Bach,_Johann_Ludwig)",two mixed choruses (SATB),G major,Baroque,,,Baroque,7 minutes,505
Wir wollen alle fröhlich sein,"Liardon, Gaël","https://imslp.org/wiki/Wir_wollen_alle_fröhlich_sein_(Liardon,_Gaël)",Organ,,Modern,,,Modern,,2314
Wir wollen singn ein Lobgesang,"Sothilander, Georg L.","https://imslp.org/wiki/Wir_wollen_singn_ein_Lobgesang_(Sothilander,_Georg_L.)",mixed chorus (SATB),,Modern,,2022,Modern,,59
Wiracocha,"Arias, Clotilde","https://imslp.org/wiki/Wiracocha_(Arias,_Clotilde)","voice, piano",,Early 20th century,,,Early 20th century,,1791
Wire Sculpture for Ben,"Pepples, Craig","https://imslp.org/wiki/Wire_Sculpture_for_Ben_(Pepples,_Craig)",piano,,Modern,,2018,Modern,7 minutes,28
Wireless Rag,"Shepherd, Adaline","https://imslp.org/wiki/Wireless_Rag_(Shepherd,_Adaline)",piano,,Early 20th century,,,Early 20th century,,57
"Wirf dein Anliegen auf den Herrn, GWV 1123/31","Graupner, Christoph","https://imslp.org/wiki/Wirf_dein_Anliegen_auf_den_Herrn,_GWV_1123/31_(Graupner,_Christoph)","SATB, strings, continuo",E minor,Baroque,,1731,Baroque,,236
"Wirf dein Anliegen auf den Herrn, GWV 1131/25","Graupner, Christoph","https://imslp.org/wiki/Wirf_dein_Anliegen_auf_den_Herrn,_GWV_1131/25_(Graupner,_Christoph)","SATB, strings, basso continuo",G major,Baroque,,1725,Baroque,,87
Wirff dein Anliegen auf den Herrn,"Bütner, Crato","https://imslp.org/wiki/Wirff_dein_Anliegen_auf_den_Herrn_(Bütner,_Crato)","2 tenors, 2 violins, viola da gamba, continuo",,Baroque,,1651,Baroque,,278
Wisconsonian ode 1,"Cooper, Valiha Nicéphore","https://imslp.org/wiki/Wisconsonian_ode_1_(Cooper,_Valiha_Nicéphore)","flute, oboe, clarinet, bassoon, horn",,Modern,,2016,Modern,1 minutes,35
Wisconsonian ode 2,"Cooper, Valiha Nicéphore","https://imslp.org/wiki/Wisconsonian_ode_2_(Cooper,_Valiha_Nicéphore)","flute, oboe, clarinet, bassoon, horn, bass drum",,Modern,,2016,Modern,1 minutes,15
Wisconsonian ode 3,"Cooper, Valiha Nicéphore","https://imslp.org/wiki/Wisconsonian_ode_3_(Cooper,_Valiha_Nicéphore)","flute, oboe, clarinet, bassoon, horn, woodblocks, glockenspiel",,Modern,,2016,Modern,1 minutes,19
Wisdom Rag,"Simpson, Cameron Lee","https://imslp.org/wiki/Wisdom_Rag_(Simpson,_Cameron_Lee)",piano,C major,Jazz,,2022,Modern,2:19 minutes,54
Wisdom and Love,"Lehmann, Amelia","https://imslp.org/wiki/Wisdom_and_Love_(Lehmann,_Amelia)","Voice, piano",,Romantic,,,Romantic,,110
Wise Choices,"Solare, Juan María","https://imslp.org/wiki/Wise_Choices_(Solare,_Juan_María)",piano,E major,Modern,,2024,Modern,3:30 minutes,9
Wisełka,"Münchheimer, Adam","https://imslp.org/wiki/Wisełka_(Münchheimer,_Adam)","tenor solo, male chorus",C major,Romantic,,,Romantic,,11
Wish Me Good Luck on My Journey,"Rossiter, Will","https://imslp.org/wiki/Wish_Me_Good_Luck_on_My_Journey_(Rossiter,_Will)","voice, piano",G major,Early 20th century,,,Early 20th century,,7
Wish Upon a Child,"Snowdin, Christine","https://imslp.org/wiki/Wish_Upon_a_Child_(Snowdin,_Christine)",orchestra,D minor,Classical,,2021-22,Modern,10 minutes,78
Wish Upon a Child 1st Mov't.,"Snowdin, Christine","https://imslp.org/wiki/Wish_Upon_a_Child_1st_Mov't._(Snowdin,_Christine)",orchestra,D minor,Classical,,2021-22,Modern,10 minutes,78
Wish You Merry Christmas!,"Bliss, Philip Paul","https://imslp.org/wiki/Wish_You_Merry_Christmas!_(Bliss,_Philip_Paul)","soprano, alto, mixed chorus (SATB), piano (assumed from instrumental bass part in the duet section)",D major,Romantic,,,Romantic,2 minutes,132
"Wish, Op.120","Wot, Felix Firmiana","https://imslp.org/wiki/Wish,_Op.120_(Wot,_Felix_Firmiana)",piano,F-sharp major,Modern,,2009,Modern,,149
"Wish, Op.9","Grechaninov, Aleksandr","https://imslp.org/wiki/Wish,_Op.9_(Grechaninov,_Aleksandr)","Violin, piano",B minor,Romantic,,1895,Romantic,,590
Wishbone Rag,"Simpson, Cameron Lee","https://imslp.org/wiki/Wishbone_Rag_(Simpson,_Cameron_Lee)",piano,G major,Jazz,,2022,Modern,3 minutes,45
Wishes,"Sans-Souci, Gertrude","https://imslp.org/wiki/Wishes_(Sans-Souci,_Gertrude)","voice, piano",,Romantic,,,Romantic,,15
Wishes of the Bells,"Cattaneo, Pietro","https://imslp.org/wiki/Wishes_of_the_Bells_(Cattaneo,_Pietro)","trumpet, organ",G major,Modern,,2022,Modern,,504
Wishful/Wistful,"Chartier, Mathieu","https://imslp.org/wiki/Wishful/Wistful_(Chartier,_Mathieu)",Piano,C major,Modern,,2008,Modern,2 minutes,169
Wishing,"Jones, Isham","https://imslp.org/wiki/Wishing_(Jones,_Isham)","voice, piano",E-flat major,Early 20th century,,,Early 20th century,,12
Wishing Moon,"Klickmann, Frank Henri","https://imslp.org/wiki/Wishing_Moon_(Klickmann,_Frank_Henri)","voice, piano",A-flat major,Early 20th century,,,Early 20th century,,7
Wishing and Waiting for Love,"Akst, Harry","https://imslp.org/wiki/Wishing_and_Waiting_for_Love_(Akst,_Harry)","voice, piano, ukulele",,Romantic,,,Early 20th century,,25
Wishing for You,"Wallace, Mildred White","https://imslp.org/wiki/Wishing_for_You_(Wallace,_Mildred_White)",unknown for the original,C major,Early 20th century,,,Early 20th century,,10
Wishing that Dreams Would Come True,"Logan, Frederic Knight","https://imslp.org/wiki/Wishing_that_Dreams_Would_Come_True_(Logan,_Frederic_Knight)","voice, piano",,Early 20th century,,,Early 20th century,,7
Wisps,"Wallach, Joelle","https://imslp.org/wiki/Wisps_(Wallach,_Joelle)",piano,,Modern,,1978,Modern,8 minutes,82
"Wisset dass euer Glaube, GWV 1121/27","Graupner, Christoph","https://imslp.org/wiki/Wisset_dass_euer_Glaube,_GWV_1121/27_(Graupner,_Christoph)","'Voices: soprano, alto, tenor, bass Orchestra: 2 flutes, 2 oboes, strings, continuo",F major,Baroque,,1727,Baroque,,133
"Wisset ihr nicht dass auf diesen Tag, GWV 1127/26","Graupner, Christoph","https://imslp.org/wiki/Wisset_ihr_nicht_dass_auf_diesen_Tag,_GWV_1127/26_(Graupner,_Christoph)","SATB, 2 Flutes, 2 Oboes, Bassoon, 2 Trumpets, Timpani, Viola d'amore, Strings, Basso continuo",C major,Baroque,,1726,Baroque,,1374
"Wisset ihr nicht dass euer Leib, GWV 1138/47","Graupner, Christoph","https://imslp.org/wiki/Wisset_ihr_nicht_dass_euer_Leib,_GWV_1138/47_(Graupner,_Christoph)","Voices: alto, tenor, bass Orchestra: 2 oboes, 2 chalumeaux (2 oboes), bassoon 2 horns, timpani, strings, continuo",G major,Baroque,,1747,Baroque,,600
"Wisset ihr nicht, daß alle, TWV 1:1685","Telemann, Georg Philipp","https://imslp.org/wiki/Wisset_ihr_nicht,_daß_alle,_TWV_1:1685_(Telemann,_Georg_Philipp)","soprano, alto, tenor, bass solos; mixed chorus (SATB), 2 oboes, 2 bassoons, strings, continuo",G major,Baroque,,1719,Baroque,15 minutes,56
"Wisset ihr nicht, daß euer Leib, TWV 1:1686","Telemann, Georg Philipp","https://imslp.org/wiki/Wisset_ihr_nicht,_daß_euer_Leib,_TWV_1:1686_(Telemann,_Georg_Philipp)","2 voices, bass (optional), 3 trumpets, timpani, strings, continuo",E-flat major,Baroque,,,Baroque,20 minutes,129
"Wisset ihr nicht, daß ihr Gottes Tempel seid, TWV 1:1687","Telemann, Georg Philipp","https://imslp.org/wiki/Wisset_ihr_nicht,_daß_ihr_Gottes_Tempel_seid,_TWV_1:1687_(Telemann,_Georg_Philipp)","soprano, alto, tenor, bass solos; mixed chorus (SATB), 2 recorders, 2 oboes, strings, continuo",C major,Baroque,,1720,Baroque,13 minutes,58
"Wissmann-Marsch, Op.76","Fetrás, Oscar","https://imslp.org/wiki/Wissmann-Marsch,_Op.76_(Fetrás,_Oscar)",Orchestra,,Romantic,,,Romantic,,24
"Wista, Op.5","Taborowski, Stanisław","https://imslp.org/wiki/Wista,_Op.5_(Taborowski,_Stanisław)","violin, piano",C major,Romantic,,,Romantic,,27
Wistaria,"Logan, Frederic Knight","https://imslp.org/wiki/Wistaria_(Logan,_Frederic_Knight)",piano,C major,Romantic,,,Early 20th century,,179
Wisteria,"Higgins, William R.","https://imslp.org/wiki/Wisteria_(Higgins,_William_R.)",Saxophone Quartet (SATB),F,Modern,,2009,Modern,,860
Wisteria,"Isida, Kazue Rockzaemon","https://imslp.org/wiki/Wisteria_(Isida,_Kazue_Rockzaemon)",Piano,,Modern,,8-Jun/2009,Modern,,462
Wistful Junctions,"Simpson, Cameron Lee","https://imslp.org/wiki/Wistful_Junctions_(Simpson,_Cameron_Lee)",piano,E-flat major,Jazz,,2022,Modern,5-6 minutes,52
Wisła,"Nowakowski, Józef","https://imslp.org/wiki/Wisła_(Nowakowski,_Józef)","voice, piano",F major,Romantic,,,Romantic,,13
Wit Hout,"Vermeersch, Peter","https://imslp.org/wiki/Wit_Hout_(Vermeersch,_Peter)",jazz ensemble,,Jazz,,2018,Modern,6 minutes,34
"Wit and Mirth, or Pills to Purge Melancholy","D'Urfey, Thomas","https://imslp.org/wiki/Wit_and_Mirth,_or_Pills_to_Purge_Melancholy_(D'Urfey,_Thomas)",Voice,,Baroque,,,Baroque,,9030
"Witaj, Matko uwielbiona","Kramarz, Mariusz","https://imslp.org/wiki/Witaj,_Matko_uwielbiona_(Kramarz,_Mariusz)",mixed chorus (SATB),E minor,Modern,,2025,Modern,,15
Witch Cauldron Stomp,"Simpson, Cameron Lee","https://imslp.org/wiki/Witch_Cauldron_Stomp_(Simpson,_Cameron_Lee)",piano,B minor,Jazz,,2023,Modern,4 minutes,47
Witch Dance,"Lærum-Liebich, Inga","https://imslp.org/wiki/Witch_Dance_(Lærum-Liebich,_Inga)",Piano,,Romantic,,,Romantic,,317
"Witch's Frolic, Op.87","Bartlett, Homer Newton","https://imslp.org/wiki/Witch's_Frolic,_Op.87_(Bartlett,_Homer_Newton)",piano,B minor,Romantic,,,Romantic,,152
Witchcraft,"Simpson, Cameron Lee","https://imslp.org/wiki/Witchcraft_(Simpson,_Cameron_Lee)",piano,D minor,Jazz,,2024,Modern,2 minutes,23
"Witchcraft, Op.264","León Egea, Ramón","https://imslp.org/wiki/Witchcraft,_Op.264_(León_Egea,_Ramón)",guitar,E minor,Modern,,,Modern,,1
Witchery Galop,"Spenser, Willard","https://imslp.org/wiki/Witchery_Galop_(Spenser,_Willard)",piano,A major,Romantic,,,Romantic,,12
Witches,"Falloni, Matteo","https://imslp.org/wiki/Witches_(Falloni,_Matteo)",Viola,C major,Modern,,1999,Modern,4 minutes,3769
Witches' Dance,"DeLancey, J.","https://imslp.org/wiki/Witches'_Dance_(DeLancey,_J.)",piano,A-flat major,Early 20th century,,,Early 20th century,,19
Witches' Dance,"Paganini, Niccolò","https://imslp.org/wiki/Witches'_Dance_(Paganini,_Niccolò)","violin, orchestra",E-flat major,Romantic,,1813,Romantic,9 minutes,33666
Witches' Dance,"Tours, Berthold","https://imslp.org/wiki/Witches'_Dance_(Tours,_Berthold)",piano,D major,Romantic,,,Romantic,,555
With All My Heart,"Klickmann, Frank Henri","https://imslp.org/wiki/With_All_My_Heart_(Klickmann,_Frank_Henri)","voice, violin (or cello), piano",A-flat major,Early 20th century,,,Early 20th century,,28
With All Thy Hosts,"West, John Ebenezer","https://imslp.org/wiki/With_All_Thy_Hosts_(West,_John_Ebenezer)","SATB chorus, organ",,Romantic,,,Romantic,,125
With Beating Heart,"Westendorf, Thomas Payne","https://imslp.org/wiki/With_Beating_Heart_(Westendorf,_Thomas_Payne)",piano (or cabinet organ),D major,Romantic,,,Romantic,,16
With Dawn Beyond the Hills,"Rhode, Emil","https://imslp.org/wiki/With_Dawn_Beyond_the_Hills_(Rhode,_Emil)","high voice, piano",,Early 20th century,,,Early 20th century,,138
With Fire and Sword,"Johnson, Charles Leslie","https://imslp.org/wiki/With_Fire_and_Sword_(Johnson,_Charles_Leslie)",piano,D major,Early 20th century,,,Early 20th century,,94
With Freedom Blest at Early Dawn,"Webbe, Samuel","https://imslp.org/wiki/With_Freedom_Blest_at_Early_Dawn_(Webbe,_Samuel)",3 voices,E,Classical,,,Classical,,179
"With Full Sail Galop, Op.128","Weingarten, G.","https://imslp.org/wiki/With_Full_Sail_Galop,_Op.128_(Weingarten,_G.)","Orchestra : piccolo, oboe, 2 clarinets (C, B ♭ ), bassoon + 2 horns (F), 2 cornets (B ♭ ), trombone, tuba + snare drum, bass drum + strings",,Romantic,,,Romantic,,10
With Heart and Soul,"Müller, Florian","https://imslp.org/wiki/With_Heart_and_Soul_(Müller,_Florian)",piano,C major,Romantic,,,Romantic,,13
With Joy My Heart is Leaping,"Albites, Luciano","https://imslp.org/wiki/With_Joy_My_Heart_is_Leaping_(Albites,_Luciano)","Voice, piano",F major (alto),Romantic,,,Romantic,,285
With Longing Heart,"Muder, George","https://imslp.org/wiki/With_Longing_Heart_(Muder,_George)",mandolin,,Early 20th century,,,Romantic,,17
With Muted Strings,"Nölck, August","https://imslp.org/wiki/With_Muted_Strings_(Nölck,_August)","piano, violin, cello",E-flat major,Romantic,,,Romantic,,747
With My Love,"Beaumont, Paul","https://imslp.org/wiki/With_My_Love_(Beaumont,_Paul)",piano,F major,Romantic,,1880,Romantic,,572
With Our Animal Friends,"Kroeger, Ernest Richard","https://imslp.org/wiki/With_Our_Animal_Friends_(Kroeger,_Ernest_Richard)",Piano,,Romantic,,,Romantic,,343
With Pleasure,"Sousa, John Philip","https://imslp.org/wiki/With_Pleasure_(Sousa,_John_Philip)",wind band,,Early 20th century,,,Romantic,,105
With Proud Thanksgiving,"Elgar, Edward","https://imslp.org/wiki/With_Proud_Thanksgiving_(Elgar,_Edward)","mixed chorus (SATB), orchestra",A minor,Romantic,,1920,Romantic,7.5 minutes,509
With Revels and Wassails,"Woodman, Raymond Huntington","https://imslp.org/wiki/With_Revels_and_Wassails_(Woodman,_Raymond_Huntington)","Female chorus (SSAA), piano",,Romantic,,,Early 20th century,,63
With Sails Unfurled...,"Harrington, Jeffrey Michael","https://imslp.org/wiki/With_Sails_Unfurled..._(Harrington,_Jeffrey_Michael)","Soprano, Alto, Tenor, and Baritone Saxophones",,Modern,,2013,Modern,,2145
With Sheathed Swords,"Costa, Michael","https://imslp.org/wiki/With_Sheathed_Swords_(Costa,_Michael)","Mixed chorus (SATB), Piano",E-flat major,Romantic,,,Romantic,,143
With Tenderness,"Varalonga, Sérgio","https://imslp.org/wiki/With_Tenderness_(Varalonga,_Sérgio)","horn, orchestra",F major,Modern,,2011,Modern,3 minutes,143
With You,"Kingore, Margaret","https://imslp.org/wiki/With_You_(Kingore,_Margaret)","voice, piano",,Early 20th century,,,Early 20th century,,7
With You,"Pratt, Will A.","https://imslp.org/wiki/With_You_(Pratt,_Will_A.)","voice, piano",D major,Early 20th century,,,Early 20th century,,8
With You in Mind,"Saul, Dave","https://imslp.org/wiki/With_You_in_Mind_(Saul,_Dave)","piano, bass",,Jazz,,1984,Modern,,335
With a Hey-Dolly,"Harris, Victor","https://imslp.org/wiki/With_a_Hey-Dolly_(Harris,_Victor)",Chorus (TTBB),,Early 20th century,,,Romantic,,59
With a Long Rope,"Israël, Sam","https://imslp.org/wiki/With_a_Long_Rope_(Israël,_Sam)","voice, piano",,Modern,,2006,Modern,3.50 minutes,51
With a Love Like Mine,"Barron, Ted S.","https://imslp.org/wiki/With_a_Love_Like_Mine_(Barron,_Ted_S.)","voice, piano",C major,Early 20th century,,,Early 20th century,,7
With a Voice of Singing,"Shaw, Martin","https://imslp.org/wiki/With_a_Voice_of_Singing_(Shaw,_Martin)","SATB choir (S & B divisi), organ",C major,Early 20th century,,,Early 20th century,,1605
With cheerful hearts,"Blow, John","https://imslp.org/wiki/With_cheerful_hearts_(Blow,_John)","6 solo voices (SSATBB), mixed chorus (SSATB), 2 recorders, 2 violins, 2 violas, continuo",,Baroque,,1690,Baroque,,28
With delight will I sing,"Stevenson, John","https://imslp.org/wiki/With_delight_will_I_sing_(Stevenson,_John)","voice, piano or harp",,Classical,,,Classical,,29
With my Lost Saints,"Ferrari, Carlotta","https://imslp.org/wiki/With_my_Lost_Saints_(Ferrari,_Carlotta)",mixed chorus (SATB),,Modern,,2018,Modern,,71
With still increasing blessings,"Somervell, Arthur","https://imslp.org/wiki/With_still_increasing_blessings_(Somervell,_Arthur)","4 voices (SATB), piano (ad lib./rehearsal only)",D major,Romantic,,1899,Romantic,3 minutes,24
With the Dreams of May,"Speaks, Oley","https://imslp.org/wiki/With_the_Dreams_of_May_(Speaks,_Oley)","Voice, Piano",,Early 20th century,,ca.1908,Early 20th century,,149
With the Light,"Green, Lilias","https://imslp.org/wiki/With_the_Light_(Green,_Lilias)","voice, piano",C major,Romantic,,,Romantic,,7
With the Seasons Going By,"Gabriel, Charles Hutchinson","https://imslp.org/wiki/With_the_Seasons_Going_By_(Gabriel,_Charles_Hutchinson)","Voice, chorus, piano",A major,Romantic,,,Romantic,,135
With the Tide,"Maylath, Henry","https://imslp.org/wiki/With_the_Tide_(Maylath,_Henry)",piano,B-flat major,Romantic,,,Romantic,,59
With the Wild Geese,"Harty, Hamilton","https://imslp.org/wiki/With_the_Wild_Geese_(Harty,_Hamilton)","3 Flutes (3rd also Piccolo), 2 Oboes, English Horn, 2 Clarinets in A/B ♭ , Bass Clarinet in B ♭ , 2 Bassoons, 4 Horns in F, 2 Trumpets in C, 3 Trombones, Tuba, Timpani, Percussion (Piccolo Snare, Bass Drum, Cymbals), Strings",E minor,Romantic,,1910,Early 20th century,17-20 minutes,1623
With the Wing of Hazaran Bird,"Hakobjanyan, Anna","https://imslp.org/wiki/With_the_Wing_of_Hazaran_Bird_(Hakobjanyan,_Anna)","Armenian viola, harp",,Modern,,2017,Modern,11 minutes,191
"With wisdom, goodness, grace","Mackenzie, Alexander Campbell","https://imslp.org/wiki/With_wisdom,_goodness,_grace_(Mackenzie,_Alexander_Campbell)",4 voices (or mixed chorus) (SATB),G major,Romantic,,,Romantic,,196
Withdraw not Thou Thy Mercy,"Hawley, Stanley Harry","https://imslp.org/wiki/Withdraw_not_Thou_Thy_Mercy_(Hawley,_Stanley_Harry)",SATB Choir and Organ,E major,Romantic,,,Romantic,,72
Withered Flowers,"Kiefert, Carl","https://imslp.org/wiki/Withered_Flowers_(Kiefert,_Carl)",Orchestra,,Early 20th century,,,Romantic,,38
Withered Leaves,"Davis, Gussie","https://imslp.org/wiki/Withered_Leaves_(Davis,_Gussie)","voice, piano",E-flat major,Romantic,,1886,Romantic,3 minutes,13
Withering but still fragrant flowers,"Stöhr, Richard","https://imslp.org/wiki/Withering_but_still_fragrant_flowers_(Stöhr,_Richard)","violin, piano",G major,Romantic,,1941,Early 20th century,,23
Within,"Ludtke, William G.","https://imslp.org/wiki/Within_(Ludtke,_William_G.)","voice, piano",B-flat major,Modern,,2024,Modern,3 minutes,10
Within A Forest Green,"Glenn, Christopher W.","https://imslp.org/wiki/Within_A_Forest_Green_(Glenn,_Christopher_W.)",Organ Solo,E-flat major,Modern,,2022,Modern,4 minutes,111
Within Your Eyes I Saw His Image,"Bliss, Paul","https://imslp.org/wiki/Within_Your_Eyes_I_Saw_His_Image_(Bliss,_Paul)",Voice and Piano,,Early 20th century,,,Romantic,,271
Within Your Heart,"Trotere, Henry","https://imslp.org/wiki/Within_Your_Heart_(Trotere,_Henry)","voice, piano",E-flat major,Romantic,,,Romantic,,22
Within a Chinese Garden,"Stoughton, Roy Spaulding","https://imslp.org/wiki/Within_a_Chinese_Garden_(Stoughton,_Roy_Spaulding)",organ,F-sharp minor,Early 20th century,,,Early 20th century,,54
Within my darlings eyes,"Holst, Eduard","https://imslp.org/wiki/Within_my_darlings_eyes_(Holst,_Eduard)","voice, piano",C major,Romantic,,,Romantic,,7
Within the Rainbow,"Gerber, Edward Enrico","https://imslp.org/wiki/Within_the_Rainbow_(Gerber,_Edward_Enrico)",SSA choir and piano,,Romantic,,,Modern,4 minutes,0
Within the Sound of the Enemy's Guns,"Root, George Frederick","https://imslp.org/wiki/Within_the_Sound_of_the_Enemy's_Guns_(Root,_George_Frederick)","voice, piano",C major,Romantic,,,Romantic,3-4 minutes,62
Without 5 Intermezzi,"Kan-no, Shigeru","https://imslp.org/wiki/Without_5_Intermezzi_(Kan-no,_Shigeru)",Paetzold Great-bass Recorder,,Modern,,2018,Modern,7 minutes,0
Without Bars Hornpipe,"Messerschmidt, Hans Jorgen","https://imslp.org/wiki/Without_Bars_Hornpipe_(Messerschmidt,_Hans_Jorgen)",Trumpet,C major,Modern,,2015,Modern,1 minutes,0
Without Happy,"Simpson, Daniel Léo","https://imslp.org/wiki/Without_Happy_(Simpson,_Daniel_Léo)","Vocals, Guitars, Percussion, Recorder, Strings",C major,Modern,,1981,Modern,4 minutes,119
Without Sun,"Mussorgsky, Modest","https://imslp.org/wiki/Without_Sun_(Mussorgsky,_Modest)","voice, piano",,Romantic,,1874,Romantic,17 minutes,5858
"Without You, Sweetheart, I'm So Lonely","Bradley, Lillian E.","https://imslp.org/wiki/Without_You,_Sweetheart,_I'm_So_Lonely_(Bradley,_Lillian_E.)","voice, piano",A-flat major,Early 20th century,,,Early 20th century,,11
"Without Your Love, Ah, Let Me Die","Harris, Charles Kassell","https://imslp.org/wiki/Without_Your_Love,_Ah,_Let_Me_Die_(Harris,_Charles_Kassell)",undetermined,E-flat major,Romantic,,,Romantic,,8
Without a Wedding Ring,"Harris, Charles Kassell","https://imslp.org/wiki/Without_a_Wedding_Ring_(Harris,_Charles_Kassell)","voice, piano",G major,Early 20th century,,,Romantic,,11
Without a doubt take your time,"Thiede, Jacob","https://imslp.org/wiki/Without_a_doubt_take_your_time_(Thiede,_Jacob)","tap dancer, orchestra",,Modern,,2020,Modern,14 minutes,77
"Witness, Ye Heavens","Farnaby, Giles","https://imslp.org/wiki/Witness,_Ye_Heavens_(Farnaby,_Giles)",8 voices (SSSAATBB or SSAATTBB),,Renaissance,,,Renaissance,,1691
Witold mazur,"Lewandowski, Leopold","https://imslp.org/wiki/Witold_mazur_(Lewandowski,_Leopold)",piano,C major,Romantic,,,Romantic,,13
"Wittekind, Op.45","Podbertsky, Theodor","https://imslp.org/wiki/Wittekind,_Op.45_(Podbertsky,_Theodor)","baritone, mixed chorus, orchestra",,Romantic,,,Romantic,,17
Wittelsbacher Polka,"Hamm, Johann Valentin","https://imslp.org/wiki/Wittelsbacher_Polka_(Hamm,_Johann_Valentin)",piano,E major,Romantic,,1846 ca.,Romantic,4 minutes,31
Wittig's Selection of Classic Music,"Wittig, Ludwig","https://imslp.org/wiki/Wittig's_Selection_of_Classic_Music_(Wittig,_Ludwig)",various,,Romantic,,,Romantic,,229
Witty Witch,"Finck, Herman","https://imslp.org/wiki/Witty_Witch_(Finck,_Herman)",Theater Orchestra,,Early 20th century,,,Early 20th century,,15
Wiwat urodzinowy,"Harasimiuk, Piotr Tomasz","https://imslp.org/wiki/Wiwat_urodzinowy_(Harasimiuk,_Piotr_Tomasz)",mixed chorus (SATB),G major,Modern,,,Modern,,0
Wiwat wesele w Ojcowie,"Lewandowski, Leopold","https://imslp.org/wiki/Wiwat_wesele_w_Ojcowie_(Lewandowski,_Leopold)",piano,D major,Romantic,,,Romantic,,16
Wizard Jig,"Armstrong, Thomas J.","https://imslp.org/wiki/Wizard_Jig_(Armstrong,_Thomas_J.)",banjo,,Romantic,,,Romantic,,4
Wizard Kogran Theme,"Finlay McAuliffe, Kass","https://imslp.org/wiki/Wizard_Kogran_Theme_(Finlay_McAuliffe,_Kass)",piano,C major,Modern,,2001,Modern,3-4 minutes,13
Wizard Violinist,"Berton, Roland de","https://imslp.org/wiki/Wizard_Violinist_(Berton,_Roland_de)",Violin,,Romantic,,,Romantic,,1475
Wizard's Polka,"Bellak, James","https://imslp.org/wiki/Wizard's_Polka_(Bellak,_James)",piano,C major,Romantic,,,Romantic,2 minutes,226
Wiązanka,"Kowalewski, Jakub","https://imslp.org/wiki/Wiązanka_(Kowalewski,_Jakub)",string orchestra (no double basses),,Classical,,,Modern,,488
Wiązanka melodyi swojskich,"Osmański, Wojciech","https://imslp.org/wiki/Wiązanka_melodyi_swojskich_(Osmański,_Wojciech)",piano,,Romantic,,,Romantic,,12
Wlazł kotek,"Dembiński, Bolesław","https://imslp.org/wiki/Wlazł_kotek_(Dembiński,_Bolesław)","voice, piano",G major,Romantic,,,Romantic,,11
"Wo Dætter, CNW 273","Nielsen, Carl","https://imslp.org/wiki/Wo_Dætter,_CNW_273_(Nielsen,_Carl)","voice, piano",G major,Early 20th century,,,Romantic,,112
Wo Gott der Herr nicht bei uns hält,"Bach, Johann Christoph","https://imslp.org/wiki/Wo_Gott_der_Herr_nicht_bei_uns_hält_(Bach,_Johann_Christoph)",Organ,,Baroque,,,Baroque,,1925
Wo Gott der Herr nicht bei uns hält,"Scheidemann, Heinrich","https://imslp.org/wiki/Wo_Gott_der_Herr_nicht_bei_uns_hält_(Scheidemann,_Heinrich)",organ,,Baroque,,,Baroque,,0
Wo Gott der Herr nicht bei uns hält,"Schein, Johann Hermann","https://imslp.org/wiki/Wo_Gott_der_Herr_nicht_bei_uns_hält_(Schein,_Johann_Hermann)","SS, bass instrument, continuo",,Baroque,,,Baroque,,293
Wo Gott der Herr nicht bei uns hält,"Sweelinck, Jan Pieterszoon","https://imslp.org/wiki/Wo_Gott_der_Herr_nicht_bei_uns_hält_(Sweelinck,_Jan_Pieterszoon)",organ,,Renaissance,,,Baroque,,1734
"Wo Gott der Herr nicht bei uns hält, BWV 1128","Bach, Johann Sebastian","https://imslp.org/wiki/Wo_Gott_der_Herr_nicht_bei_uns_hält,_BWV_1128_(Bach,_Johann_Sebastian)",organ,B-flat major,Baroque,,,Baroque,,5704
"Wo Gott der Herr nicht bei uns hält, BWV 178","Bach, Johann Sebastian","https://imslp.org/wiki/Wo_Gott_der_Herr_nicht_bei_uns_hält,_BWV_178_(Bach,_Johann_Sebastian)","alto, tenor, bass; mixed chorus (SATB), orchestra",A minor,Baroque,,1724 in Leipzig,Baroque,,6788
"Wo Gott der Herr nicht bei uns hält, BWV 258","Bach, Johann Sebastian","https://imslp.org/wiki/Wo_Gott_der_Herr_nicht_bei_uns_hält,_BWV_258_(Bach,_Johann_Sebastian)",mixed chorus (SATB),B minor,Baroque,,1725 or before,Baroque,,0
"Wo Gott der Herr nicht bei uns hält, GWV 1137/27","Graupner, Christoph","https://imslp.org/wiki/Wo_Gott_der_Herr_nicht_bei_uns_hält,_GWV_1137/27_(Graupner,_Christoph)","Voices: soprano, alto, tenor, bass Orchestra: 2 flutes, 2 oboes, bassoon, strings, continuo",G minor,Baroque,,1727,Baroque,,161
"Wo Gott der Herr nicht bei uns hält, GWV 1164/26","Graupner, Christoph","https://imslp.org/wiki/Wo_Gott_der_Herr_nicht_bei_uns_hält,_GWV_1164/26_(Graupner,_Christoph)","SATB, strings, basso continuo",G minor,Baroque,,1726,Baroque,,73
"Wo Gott der Herr nicht bei uns hält, P.507","Pachelbel, Johann","https://imslp.org/wiki/Wo_Gott_der_Herr_nicht_bei_uns_hält,_P.507_(Pachelbel,_Johann)",organ,G Dorian (G minor),Baroque,,,Baroque,,3025
"Wo Gott der Herr nicht bei uns hält, P.508","Pachelbel, Johann","https://imslp.org/wiki/Wo_Gott_der_Herr_nicht_bei_uns_hält,_P.508_(Pachelbel,_Johann)",organ,G Dorian (G minor),Baroque,,,Baroque,,2402
"Wo Gott der Herr nicht bei uns hält, P.509","Pachelbel, Johann","https://imslp.org/wiki/Wo_Gott_der_Herr_nicht_bei_uns_hält,_P.509_(Pachelbel,_Johann)",organ,G Dorian (G minor),Baroque,,,Baroque,,2252
"Wo Gott der Herr nicht bei uns hält, SWV 467","Schütz, Heinrich","https://imslp.org/wiki/Wo_Gott_der_Herr_nicht_bei_uns_hält,_SWV_467_(Schütz,_Heinrich)","3 voices, lute(s), 3 viols, 3 trombones",,Baroque,,,Baroque,,544
"Wo Gott der Herr nicht gibt sein' Gunst, P.511","Pachelbel, Johann","https://imslp.org/wiki/Wo_Gott_der_Herr_nicht_gibt_sein'_Gunst,_P.511_(Pachelbel,_Johann)",organ,F major,Baroque,,,Baroque,,2260
"Wo Gott der Herr nicht gibt sein' Gunst, P.512","Pachelbel, Johann","https://imslp.org/wiki/Wo_Gott_der_Herr_nicht_gibt_sein'_Gunst,_P.512_(Pachelbel,_Johann)",organ,F major,Baroque,,,Baroque,,2375
Wo Gott zum Haus nicht gibt sein Gunst,"Collum, Herbert","https://imslp.org/wiki/Wo_Gott_zum_Haus_nicht_gibt_sein_Gunst_(Collum,_Herbert)",organ,E-flat major,Modern,,,Modern,,333
Wo Gott zum Haus nicht gibt sein Gunst,"Othmayr, Caspar","https://imslp.org/wiki/Wo_Gott_zum_Haus_nicht_gibt_sein_Gunst_(Othmayr,_Caspar)",Keyboard instrument,,Renaissance,,,Renaissance,,1838
Wo Gott zum Haus nicht gibt sein Gunst,"Ritz, Johann Heinrich","https://imslp.org/wiki/Wo_Gott_zum_Haus_nicht_gibt_sein_Gunst_(Ritz,_Johann_Heinrich)",organ,G major,Baroque,,,Baroque,0:56 minutes,178
Wo Gott zum Haus nicht gibt sein Gunst,"Schein, Johann Hermann","https://imslp.org/wiki/Wo_Gott_zum_Haus_nicht_gibt_sein_Gunst_(Schein,_Johann_Hermann)","SS, bass instrument, continuo",,Baroque,,,Baroque,,303
"Wo Gott zum Haus nicht gibt sein Gunst, BWV 1123","Bach, Johann Sebastian","https://imslp.org/wiki/Wo_Gott_zum_Haus_nicht_gibt_sein_Gunst,_BWV_1123_(Bach,_Johann_Sebastian)",mixed chorus (SATB),,Baroque,,1703-07?,Baroque,,0
"Wo Gott zum Haus nicht gibt sein Gunst, BWV 438","Bach, Johann Sebastian","https://imslp.org/wiki/Wo_Gott_zum_Haus_nicht_gibt_sein_Gunst,_BWV_438_(Bach,_Johann_Sebastian)",mixed chorus (SATB),F major,Baroque,,1725 or before,Baroque,,0
"Wo Gott zum Haus nicht gibt sein Gunst, R.157","Simpson, Daniel Léo","https://imslp.org/wiki/Wo_Gott_zum_Haus_nicht_gibt_sein_Gunst,_R.157_(Simpson,_Daniel_Léo)",keyboard (arranged),F major,Classical,,2017-12,Modern,1 minute,105
"Wo Gott zum Haus nicht gibt, GWV 1146/40","Graupner, Christoph","https://imslp.org/wiki/Wo_Gott_zum_Haus_nicht_gibt,_GWV_1146/40_(Graupner,_Christoph)","Voices: 5 voices (SATBB) Orchestra: 2 oboes, 2 chalumeaux, bassoon, 2 horns, 2 violins, strings, continuo",F major,Baroque,,1740,Baroque,,535
"Wo Jesus Hunger merkt, TWV 1:1722","Telemann, Georg Philipp","https://imslp.org/wiki/Wo_Jesus_Hunger_merkt,_TWV_1:1722_(Telemann,_Georg_Philipp)","soprano, alto, tenor, bass solos; mixed chorus (SATB), 2 oboes, strings, continuo",B-flat major,Baroque,,1737,Baroque,12 minutes,43
"Wo Jesus wohnt ist lauter Segen, GWV 1123/49","Graupner, Christoph","https://imslp.org/wiki/Wo_Jesus_wohnt_ist_lauter_Segen,_GWV_1123/49_(Graupner,_Christoph)","alto, tenor, bass, strings, continuo",G major,Baroque,,1749,Baroque,,175
"Wo bist du Sonne blieben, H.347","Stölzel, Gottfried Heinrich","https://imslp.org/wiki/Wo_bist_du_Sonne_blieben,_H.347_(Stölzel,_Gottfried_Heinrich)",unknown (see below),B-flat major,Baroque,,,Baroque,,31
"Wo bist du, Jesus, Freund der Seelen, GWV 1112/40","Graupner, Christoph","https://imslp.org/wiki/Wo_bist_du,_Jesus,_Freund_der_Seelen,_GWV_1112/40_(Graupner,_Christoph)","SATB, 3 chalumeaux, strings, basso continuo",F major,Baroque,,1740,Baroque,,264
"Wo bleiben denn die Neune, GWV 1155/42","Graupner, Christoph","https://imslp.org/wiki/Wo_bleiben_denn_die_Neune,_GWV_1155/42_(Graupner,_Christoph)","soprano, alto, tenor, bass, orchestra",C major,Baroque,,1742,Baroque,,250
"Wo bleibt die brüderliche Lieb, TWV 1:1689","Telemann, Georg Philipp","https://imslp.org/wiki/Wo_bleibt_die_brüderliche_Lieb,_TWV_1:1689_(Telemann,_Georg_Philipp)","Voices: bass; mixed chorus (SATB) Orchestra: strings, continuo",E minor,Baroque,,,Baroque,,161
"Wo blickst du hin o Seelenfreund, GWV 1122/43","Graupner, Christoph","https://imslp.org/wiki/Wo_blickst_du_hin_o_Seelenfreund,_GWV_1122/43_(Graupner,_Christoph)","SATB, strings, continuo",G major,Baroque,,1743,Baroque,,87
"Wo denkt ihr hin, GWV 1150/49","Graupner, Christoph","https://imslp.org/wiki/Wo_denkt_ihr_hin,_GWV_1150/49_(Graupner,_Christoph)","alto, tenor, bass, orchestra",B-flat major,Baroque,,1749,Baroque,,195
"Wo der Herr nicht bei uns wäre, GWV 1124/53","Graupner, Christoph","https://imslp.org/wiki/Wo_der_Herr_nicht_bei_uns_wäre,_GWV_1124/53_(Graupner,_Christoph)","SATB, strings, basso continuo",G major,Baroque,,1753,Baroque,,68
Wo der Herr nicht bey uns were,"Bütner, Crato","https://imslp.org/wiki/Wo_der_Herr_nicht_bey_uns_were_(Bütner,_Crato)","2 sopranos, bass, 2 violins, viola, violone, continuo",,Baroque,,,Baroque,,190
"Wo der Herr nicht das Haus bauet, SWV 400","Schütz, Heinrich","https://imslp.org/wiki/Wo_der_Herr_nicht_das_Haus_bauet,_SWV_400_(Schütz,_Heinrich)","voices (SSB), chorus (SATB) strings, continuo",A minor,Baroque,,,Baroque,,751
"Wo der Herr nicht das Haus bauet, SWV 473","Schütz, Heinrich","https://imslp.org/wiki/Wo_der_Herr_nicht_das_Haus_bauet,_SWV_473_(Schütz,_Heinrich)",2 violins ; 3 trombones ; Coro I (SSATB) ; Coro II (SATB) ; continuo,,Baroque,,,Baroque,,438
"Wo die Citronen blüh'n!, Op.364","Strauss Jr., Johann","https://imslp.org/wiki/Wo_die_Citronen_blüh'n!,_Op.364_(Strauss_Jr.,_Johann)",orchestra,,Romantic,,1874/05/09,Romantic,,2677
Wo die Lerche singt,"Lehár, Franz","https://imslp.org/wiki/Wo_die_Lerche_singt_(Lehár,_Franz)","voices, mixed chorus, orchestra",,Romantic,,,Early 20th century,,924
Wo die letzten Häuser steh'n,"Fischhof, Robert","https://imslp.org/wiki/Wo_die_letzten_Häuser_steh'n_(Fischhof,_Robert)","voice, piano","A-flat major, F major",Romantic,,,Romantic,,7
"Wo du hingehst, da will auch ich, Op.30","Gast, Friedrich Moritz","https://imslp.org/wiki/Wo_du_hingehst,_da_will_auch_ich,_Op.30_(Gast,_Friedrich_Moritz)","mixed chorus (SATB), organ ad lib.",E-flat major,Romantic,,,Romantic,2 minutes,70
"Wo dunkle Tannen steh'n, Op.202","Heiser, Wilhelm","https://imslp.org/wiki/Wo_dunkle_Tannen_steh'n,_Op.202_(Heiser,_Wilhelm)","voice, piano",,Romantic,,,Romantic,,11
Wo ein Mensch Vertrauen gibt,"Nolda, Andreas","https://imslp.org/wiki/Wo_ein_Mensch_Vertrauen_gibt_(Nolda,_Andreas)",organ,D major,Jazz,,2020,Modern,,201
Wo find ich Jesu,"Gebhardt, Ernst Heinrich","https://imslp.org/wiki/Wo_find_ich_Jesu_(Gebhardt,_Ernst_Heinrich)",unknown,,Romantic,,,Romantic,,760
"Wo find' ich Dich?, Op.9","Marschner, Adolf Eduard","https://imslp.org/wiki/Wo_find'_ich_Dich?,_Op.9_(Marschner,_Adolf_Eduard)","voice, piano",,Romantic,,,Romantic,,13
"Wo gehest du hin, BWV 166","Bach, Johann Sebastian","https://imslp.org/wiki/Wo_gehest_du_hin,_BWV_166_(Bach,_Johann_Sebastian)","soprano, alto, tenor, bass; mixed chorus (SATB), orchestra",B-flat major,Baroque,,1724 in Leipzig,Baroque,,7898
"Wo gehet Jesus hin, GWV 1119/39","Graupner, Christoph","https://imslp.org/wiki/Wo_gehet_Jesus_hin,_GWV_1119/39_(Graupner,_Christoph)","SATB, strings, continuo",A minor,Baroque,,1739,Baroque,,792
"Wo hast du dich mein Freund, GWV 1129/40","Graupner, Christoph","https://imslp.org/wiki/Wo_hast_du_dich_mein_Freund,_GWV_1129/40_(Graupner,_Christoph)","soprano, alto, tenor, 2 basses, orchestra",F major,Baroque,,1740,Baroque,,215
"Wo ist dann dein Freund hingegangen, TWV 1:1716","Telemann, Georg Philipp","https://imslp.org/wiki/Wo_ist_dann_dein_Freund_hingegangen,_TWV_1:1716_(Telemann,_Georg_Philipp)","soprano, alto, tenor, bass, mixed chorus (SATB), 2 oboes, strings, continuo",D major,Baroque,,1727,Baroque,11 minutes,11
Wo ist dein Freund hingangen,"Schein, Johann Hermann","https://imslp.org/wiki/Wo_ist_dein_Freund_hingangen_(Schein,_Johann_Hermann)","SSATTB voices (high clefs: G2, G2, C3, C3, C4, F4)",,Baroque,,,Baroque,,361
Wo ist dein Stachel nun,"Eccard, Johannes","https://imslp.org/wiki/Wo_ist_dein_Stachel_nun_(Eccard,_Johannes)",SSAATTBB voices,A major,Renaissance,,,Renaissance,,7720
Wo ist der liebste hingegangen,"Lindemann, Gottfried","https://imslp.org/wiki/Wo_ist_der_liebste_hingegangen_(Lindemann,_Gottfried)","Alto Voice, 2 Viola da Braccio, Cello, Continuo",,Baroque,,,Baroque,,1066
Wo ist der neugeborne König,"Hammerschmidt, Andreas","https://imslp.org/wiki/Wo_ist_der_neugeborne_König_(Hammerschmidt,_Andreas)","2 sopranos, alto, tenor, bass, 2 violins, continuo",,Baroque,,,Baroque,,491
"Wo ist der neugeborne König, GWV 1111/37","Graupner, Christoph","https://imslp.org/wiki/Wo_ist_der_neugeborne_König,_GWV_1111/37_(Graupner,_Christoph)","SATB, flute, chalumeau, bassoon, strings, continuo",G major,Baroque,,1737,Baroque,,178
"Wo ist doch mein Freund gelieben?, BuxWV 111","Buxtehude, Dietrich","https://imslp.org/wiki/Wo_ist_doch_mein_Freund_gelieben?,_BuxWV_111_(Buxtehude,_Dietrich)","soprano, bassoon, 2 violins, basso continuo",B-flat major,Baroque,,,Baroque,,183
"Wo ist ein solcher Gott wie du bist, HoWV V.32","Homilius, Gottfried August","https://imslp.org/wiki/Wo_ist_ein_solcher_Gott_wie_du_bist,_HoWV_V.32_(Homilius,_Gottfried_August)",2 choirs (SATB & SATB),F major,Baroque,,,Classical,,149
Wo ist gut sein?,"Randhartinger, Benedict","https://imslp.org/wiki/Wo_ist_gut_sein?_(Randhartinger,_Benedict)",male chorus (TTBB),G major,Romantic,,,Romantic,1 minute,28
"Wo ist mein Jesus ach verloren, GWV 1112/43","Graupner, Christoph","https://imslp.org/wiki/Wo_ist_mein_Jesus_ach_verloren,_GWV_1112/43_(Graupner,_Christoph)","ATB, strings, basso continuo",G major,Baroque,,1743,Baroque,,217
"Wo ist mein Schäflein, das ich liebe, BWV 507","Bach, Johann Sebastian","https://imslp.org/wiki/Wo_ist_mein_Schäflein,_das_ich_liebe,_BWV_507_(Bach,_Johann_Sebastian)","voice, continuo",,Baroque,,1735,Baroque,,980
"Wo ist solch ein Gott, TWV 1:1720","Telemann, Georg Philipp","https://imslp.org/wiki/Wo_ist_solch_ein_Gott,_TWV_1:1720_(Telemann,_Georg_Philipp)","soprano, alto, tenor, bass, mixed chorus (SATB), orchestra",C minor,Baroque,,1720,Baroque,14 minutes,80
"Wo ist solch ein Gott, TWV 1:1721","Telemann, Georg Philipp","https://imslp.org/wiki/Wo_ist_solch_ein_Gott,_TWV_1:1721_(Telemann,_Georg_Philipp)","2 voices, bass (optional), 2 violins, viola (optional), continuo",C major,Baroque,,,Baroque,20 minutes,137
Wo keine Wolke mehr sich türmt,"Knuth, Jürgen","https://imslp.org/wiki/Wo_keine_Wolke_mehr_sich_türmt_(Knuth,_Jürgen)",Organ,A-flat major,Modern,,,Modern,1 minute,585
Wo lip mit liebe,Anonymous,https://imslp.org/wiki/Wo_lip_mit_liebe_(Anonymous),3 voices,,Renaissance,,,,,39
"Wo man singt, Op.122","Fahrbach Jr., Philipp","https://imslp.org/wiki/Wo_man_singt,_Op.122_(Fahrbach_Jr.,_Philipp)",orchestra,G major,Romantic,,,Romantic,,14
"Wo sich der Gottlose bekehret, GWV 1144/47","Graupner, Christoph","https://imslp.org/wiki/Wo_sich_der_Gottlose_bekehret,_GWV_1144/47_(Graupner,_Christoph)","SATB, strings, continuo",G major,Baroque,,1747,Baroque,,299
"Wo sich die Pulse, WoO 98","Beethoven, Ludwig van","https://imslp.org/wiki/Wo_sich_die_Pulse,_WoO_98_(Beethoven,_Ludwig_van)","soprano, mixed chorus (SATB), orchestra",B-flat major,Classical,,1822,Classical,7 minutes,1585
"Wo sind deine Haare, August?","Fall, Richard","https://imslp.org/wiki/Wo_sind_deine_Haare,_August?_(Fall,_Richard)","voice, piano",,Jazz,,,Early 20th century,,176
"Wo sol ich mich hinkehren, ich armes brüderlein","Vogelhuber, Georg","https://imslp.org/wiki/Wo_sol_ich_mich_hinkehren,_ich_armes_brüderlein_(Vogelhuber,_Georg)",SATB Voices,,Renaissance,,,Renaissance,,190
Wo soll ich fliehen hin,"Meister, Johann Friedrich","https://imslp.org/wiki/Wo_soll_ich_fliehen_hin_(Meister,_Johann_Friedrich)","Voices: 2 sopranos, bass Instruments: 2 violins, bassoon, continuo",G minor,Baroque,,,Baroque,,25
Wo soll ich fliehen hin,"Mondry, Nathan Adam","https://imslp.org/wiki/Wo_soll_ich_fliehen_hin_(Mondry,_Nathan_Adam)","organ OR treble and tenor instruments, continuo",D minor,Baroque,,2018-20,Modern,,148
Wo soll ich fliehen hin,"Regnart, Jacob","https://imslp.org/wiki/Wo_soll_ich_fliehen_hin_(Regnart,_Jacob)",SATB voices,,Renaissance,,,Renaissance,,44
"Wo soll ich fliehen hin, BWV 5","Bach, Johann Sebastian","https://imslp.org/wiki/Wo_soll_ich_fliehen_hin,_BWV_5_(Bach,_Johann_Sebastian)","soprano, alto, tenor, bass; mixed chorus (SATB), orchestra",G minor,Baroque,,1724 in Leipzig,Baroque,22 minutes,28472
"Wo soll ich fliehen hin, BWV 646","Bach, Johann Sebastian","https://imslp.org/wiki/Wo_soll_ich_fliehen_hin,_BWV_646_(Bach,_Johann_Sebastian)",organ,E minor,Baroque,,1747-48,Baroque,2 minutes,8650
"Wo soll ich fliehen hin, BWV 694","Bach, Johann Sebastian","https://imslp.org/wiki/Wo_soll_ich_fliehen_hin,_BWV_694_(Bach,_Johann_Sebastian)",organ,G minor-G major,Baroque,,1708?,Baroque,,1518
"Wo soll ich fliehen hin, HoWV VII.50a","Homilius, Gottfried August","https://imslp.org/wiki/Wo_soll_ich_fliehen_hin,_HoWV_VII.50a_(Homilius,_Gottfried_August)",organ,A minor,Classical,,,Classical,,52
"Wo soll ich fliehen hin, Krebs-WV 555","Krebs, Johann Ludwig","https://imslp.org/wiki/Wo_soll_ich_fliehen_hin,_Krebs-WV_555_(Krebs,_Johann_Ludwig)",organ,G minor,Baroque,,,Classical,,0
"Wo soll ich fliehen hin, R.25","Simpson, Daniel Léo","https://imslp.org/wiki/Wo_soll_ich_fliehen_hin,_R.25_(Simpson,_Daniel_Léo)",keyboard (arranged),E-flat major,Classical,,2017,Modern,1 minute,85
"Wo soll ich fliehen hin, weil ich beschweret bin","Gerstenbüttel, Joachim","https://imslp.org/wiki/Wo_soll_ich_fliehen_hin,_weil_ich_beschweret_bin_(Gerstenbüttel,_Joachim)","2 sopranos, alto, tenor, bass, mixed chorus (SATB), 2 violins, 2 violas, continuo",,Baroque,,,Baroque,,89
"Wo soll ich fliehen hin?, BuxWV 112","Buxtehude, Dietrich","https://imslp.org/wiki/Wo_soll_ich_fliehen_hin?,_BuxWV_112_(Buxtehude,_Dietrich)","soprano, alto, tenor, bass, 2 violins, 2 violas, violone, continuo",,Baroque,,,Baroque,,3152
"Wo soll ich meinen Jesum finden, GWV 1111/50","Graupner, Christoph","https://imslp.org/wiki/Wo_soll_ich_meinen_Jesum_finden,_GWV_1111/50_(Graupner,_Christoph)","SATB, 2 flutes, 2 horns, strings, basso continuo",D minor,Baroque,,1750,Baroque,,53
Wo steht in dieser dunklen Nacht I,"Collum, Herbert","https://imslp.org/wiki/Wo_steht_in_dieser_dunklen_Nacht_I_(Collum,_Herbert)","Voice, organ",A minor,Modern,,,Modern,,239
Wo steht in dieser dunklen Nacht II,"Collum, Herbert","https://imslp.org/wiki/Wo_steht_in_dieser_dunklen_Nacht_II_(Collum,_Herbert)","Voice, organ",G minor,Modern,,,Modern,,211
"Wo uns're Fahne weht, Op.473","Strauss Jr., Johann","https://imslp.org/wiki/Wo_uns're_Fahne_weht,_Op.473_(Strauss_Jr.,_Johann)",orchestra,,Romantic,,,Romantic,2-3 minutes,182
"Wo viel Gottlose sind, GWV 1151/33","Graupner, Christoph","https://imslp.org/wiki/Wo_viel_Gottlose_sind,_GWV_1151/33_(Graupner,_Christoph)","SATB, oboe, strings, basso continuo",G minor,Baroque,,1733,Baroque,,108
"Wo weilt er?, S.295","Liszt, Franz","https://imslp.org/wiki/Wo_weilt_er?,_S.295_(Liszt,_Franz)",Voice and Piano,,Romantic,,1844,Romantic,,884
"Wo willst du hin betrübte Seele, GWV 1155/09a","Graupner, Christoph","https://imslp.org/wiki/Wo_willst_du_hin_betrübte_Seele,_GWV_1155/09a_(Graupner,_Christoph)","soprano, bass, oboe, strings, continuo",G major,Baroque,,1709,Baroque,,177
"Wo wilt du hin, weils Abend ist","Krieger, Johann Philipp","https://imslp.org/wiki/Wo_wilt_du_hin,_weils_Abend_ist_(Krieger,_Johann_Philipp)",2 sopranos + continuo,A major,Baroque,,1698,Baroque,,779
Wo wiltu hin weils Abend ist (1),"Capricornus, Samuel","https://imslp.org/wiki/Wo_wiltu_hin_weils_Abend_ist_(1)_(Capricornus,_Samuel)","voices (AT), 2 violins, 2 viols, continuo",A major,Baroque,,,Baroque,,40
Wo wiltu hin weils Abend ist (2),"Capricornus, Samuel","https://imslp.org/wiki/Wo_wiltu_hin_weils_Abend_ist_(2)_(Capricornus,_Samuel)","voices (SSB), 2 viols, continuo",A major,Baroque,,,Baroque,,37
Wo wirst du sein?,"Kralik, Mathilde","https://imslp.org/wiki/Wo_wirst_du_sein?_(Kralik,_Mathilde)","voice, piano",G major,Romantic,,1931,Romantic,,69
"Wo zween oder drei versammelt sind, GWV 1108/25","Graupner, Christoph","https://imslp.org/wiki/Wo_zween_oder_drei_versammelt_sind,_GWV_1108/25_(Graupner,_Christoph)","SATB, strings, basso continuo",G major,Baroque,,1725,Baroque,,68
"Wo zween oder drei versammelt sind, GWV 1129/27","Graupner, Christoph","https://imslp.org/wiki/Wo_zween_oder_drei_versammelt_sind,_GWV_1129/27_(Graupner,_Christoph)","SATB, strings, basso continuo",F major,Baroque,,1727,Baroque,,155
"Wo zween unter euch eins werden, GWV 1135/27","Graupner, Christoph","https://imslp.org/wiki/Wo_zween_unter_euch_eins_werden,_GWV_1135/27_(Graupner,_Christoph)","soprano, alto, tenor, bass, strings, continuo",G major,Baroque,,1727,Baroque,,130
Wob-a-ly Walk,"Warren, Harry","https://imslp.org/wiki/Wob-a-ly_Walk_(Warren,_Harry)","voice, piano",C major,Early 20th century,,,Early 20th century,3 minutes,4
Wobstajnosć,"Folk Songs, Upper Sorbian","https://imslp.org/wiki/Wobstajnosć_(Folk_Songs,_Upper_Sorbian)",voice,A major,Traditional (folk),,,,,50
Wodźan,"Kocor, Korla Awgust","https://imslp.org/wiki/Wodźan_(Kocor,_Korla_Awgust)","voices, mixed chorus (SATB), piano, orchestra",,Romantic,,1896,Romantic,,4
Woe my road is spoken...,"Eisenbrey, Keith","https://imslp.org/wiki/Woe_my_road_is_spoken..._(Eisenbrey,_Keith)","2 violins, viola, cello",,Modern,,2006,Modern,,38
Woe to Prince Charlie,Anonymous,https://imslp.org/wiki/Woe_to_Prince_Charlie_(Anonymous),piano,B-flat major,Romantic,,,,,1
Woeful message from the VLF,"Vermeersch, Peter","https://imslp.org/wiki/Woeful_message_from_the_VLF_(Vermeersch,_Peter)",large jazz ensemble,,Jazz,,2002,Modern,5 minutes,43
Woher dieses Sehnen,"Proch, Heinrich","https://imslp.org/wiki/Woher_dieses_Sehnen_(Proch,_Heinrich)","Voice, Piano",B-flat major,Romantic,,,Romantic,,1138
"Wohin ich nur die Augen wende, TWV 1:1692","Telemann, Georg Philipp","https://imslp.org/wiki/Wohin_ich_nur_die_Augen_wende,_TWV_1:1692_(Telemann,_Georg_Philipp)","Voices: soprano, bass; mixed chorus (SATB) Orchestra: 2 oboes (optional), strings, continuo",C minor,Baroque,,1718,Baroque,12 minutes,96
"Wohin ich nur die Augen wende, TWV 1:1693","Telemann, Georg Philipp","https://imslp.org/wiki/Wohin_ich_nur_die_Augen_wende,_TWV_1:1693_(Telemann,_Georg_Philipp)","soprano, tenor, bass solos; mixed chorus (SATB); strings, continuo",C minor,Baroque,,1711,Baroque,10 minutes,106
"Wohin ich zieh', ist einerlei","Randhartinger, Benedict","https://imslp.org/wiki/Wohin_ich_zieh',_ist_einerlei_(Randhartinger,_Benedict)","voice, piano",A minor,Romantic,,1867,Romantic,2 minutes,28
Wohin mit der Freud',"Randhartinger, Benedict","https://imslp.org/wiki/Wohin_mit_der_Freud'_(Randhartinger,_Benedict)","voice, piano",G major,Romantic,,1872,Romantic,2 minutes,27
Wohin mit der Freud?,"Silcher, Friedrich","https://imslp.org/wiki/Wohin_mit_der_Freud?_(Silcher,_Friedrich)","Voice, Piano",,Romantic,,,Romantic,,687
"Wohl auf, mein Herze, TWV 1:1697","Telemann, Georg Philipp","https://imslp.org/wiki/Wohl_auf,_mein_Herze,_TWV_1:1697_(Telemann,_Georg_Philipp)","Voices: alto; mixed chorus (SATB) Orchestra: strings, continuo",G minor,Baroque,,,Baroque,,155
"Wohl dem dem die Übertretungen vergeben sind, GWV 1160/53","Graupner, Christoph","https://imslp.org/wiki/Wohl_dem_dem_die_Übertretungen_vergeben_sind,_GWV_1160/53_(Graupner,_Christoph)","SATB, bassoon, strings, basso continuo",G minor,Baroque,,1753,Baroque,,92
"Wohl dem der den Herren fürchtet, GWV 1146/28","Graupner, Christoph","https://imslp.org/wiki/Wohl_dem_der_den_Herren_fürchtet,_GWV_1146/28_(Graupner,_Christoph)","Voices: soprano, alto, tenor, bass Orchestra: 2 oboes, bassoon, strings, continuo",G minor,Baroque,,1728,Baroque,,153
"Wohl dem der den Herrn fürchtet, GWV 1162/38","Graupner, Christoph","https://imslp.org/wiki/Wohl_dem_der_den_Herrn_fürchtet,_GWV_1162/38_(Graupner,_Christoph)","SATB, 3 chalumeaux, strings, continuo",G minor,Baroque,,1738,Baroque,,109
"Wohl dem der in Gottes Furcht steht, GWV 1113/39","Graupner, Christoph","https://imslp.org/wiki/Wohl_dem_der_in_Gottes_Furcht_steht,_GWV_1113/39_(Graupner,_Christoph)","soprano, alto, tenor, 2 basses, strings, continuo",F major,Baroque,,1739,Baroque,,139
"Wohl dem der sich des Dürftigen annimmt, GWV 1150/29","Graupner, Christoph","https://imslp.org/wiki/Wohl_dem_der_sich_des_Dürftigen_annimmt,_GWV_1150/29_(Graupner,_Christoph)","soprano, alto, tenor, bass, flute, strings, continuo",B-flat major,Baroque,,1729,Baroque,,146
"Wohl dem, dem die Übertretung","Hammerschmidt, Andreas","https://imslp.org/wiki/Wohl_dem,_dem_die_Übertretung_(Hammerschmidt,_Andreas)","2 choruses (SATB/SATB), continuo (ad lib.)",,Baroque,,,Baroque,,75
"Wohl dem, dem die Übertretung, GWV 1120/18","Graupner, Christoph","https://imslp.org/wiki/Wohl_dem,_dem_die_Übertretung,_GWV_1120/18_(Graupner,_Christoph)","2 sopranos (soprano 2 alternatively for alto), alto, tenor, bass, oboe, strings, continuo",F major,Baroque,,1718,Baroque,,516
"Wohl dem, dem die Übertretungen vergeben sind, TWV 1:1698","Telemann, Georg Philipp","https://imslp.org/wiki/Wohl_dem,_dem_die_Übertretungen_vergeben_sind,_TWV_1:1698_(Telemann,_Georg_Philipp)","soprano, alto, tenor, bass solos; mixed chorus (SATB), orchestra",D minor,Baroque,,1720,Baroque,10 minutes,82
"Wohl dem, der den Herren fürchtet","Bernhard, Christoph","https://imslp.org/wiki/Wohl_dem,_der_den_Herren_fürchtet_(Bernhard,_Christoph)","Voices : soprano, bass Orchestra : 2 violins, 2 violas + continuo",,Baroque,,,Baroque,,679
"Wohl dem, der den Herren fürchtet","Bruhns, Nicolaus","https://imslp.org/wiki/Wohl_dem,_der_den_Herren_fürchtet_(Bruhns,_Nicolaus)","Voices: 2 sopranos, bass Orchestra: bassoon, 2 violins, 2 violas, continuo",D minor,Baroque,,,Baroque,8 minutes,564
"Wohl dem, der den Herren fürchtet","Elsbeth, Thomas","https://imslp.org/wiki/Wohl_dem,_der_den_Herren_fürchtet_(Elsbeth,_Thomas)",6 voices,,Baroque,,,Baroque,,4
"Wohl dem, der den Herrn fürchtet, TWV 1:1703","Telemann, Georg Philipp","https://imslp.org/wiki/Wohl_dem,_der_den_Herrn_fürchtet,_TWV_1:1703_(Telemann,_Georg_Philipp)","soprano, alto, tenor, bass, mixed chorus (SATB), 2 oboes, strings, continuo",A minor,Baroque,,1727,Baroque,11 minutes,0
"Wohl dem, der ein tugendsam Weib hat, GWV 1113/41","Graupner, Christoph","https://imslp.org/wiki/Wohl_dem,_der_ein_tugendsam_Weib_hat,_GWV_1113/41_(Graupner,_Christoph)","SATB, 2 oboes, violin, strings, basso continuo",B-flat major,Baroque,,1741,Baroque,,924
"Wohl dem, der ein tugendsam Weib hat, SWV 20","Schütz, Heinrich","https://imslp.org/wiki/Wohl_dem,_der_ein_tugendsam_Weib_hat,_SWV_20_(Schütz,_Heinrich)","Chorus I : tenor voice, 3 cornetts Chorus II : SATB voices Basso continuo",,Baroque,,1618 (by 21 April),Baroque,,1258
"Wohl dem, der ein tugendsames Weib hat","Ahle, Johann Georg","https://imslp.org/wiki/Wohl_dem,_der_ein_tugendsames_Weib_hat_(Ahle,_Johann_Georg)","soprano, trumpet, 2 violas da gamba, continuo",C major,Baroque,,,Baroque,,16
"Wohl dem, der in Gottes Furchte steht, W101","Hellinck, Lupus","https://imslp.org/wiki/Wohl_dem,_der_in_Gottes_Furchte_steht,_W101_(Hellinck,_Lupus)",4 Voices (SATB),,Renaissance,,,Renaissance,,273
"Wohl dem, der sich auf seinen Gott, BWV 139","Bach, Johann Sebastian","https://imslp.org/wiki/Wohl_dem,_der_sich_auf_seinen_Gott,_BWV_139_(Bach,_Johann_Sebastian)","soprano, alto, tenor, bass; mixed chorus (SATB), orchestra",E major,Baroque,,1724 in Leipzig,Baroque,,5813
"Wohl dem, des Hülfe der Gott Jacob ist, TWV 1:1708","Telemann, Georg Philipp","https://imslp.org/wiki/Wohl_dem,_des_Hülfe_der_Gott_Jacob_ist,_TWV_1:1708_(Telemann,_Georg_Philipp)","soprano, alto, tenor, bass, mixed chorus (SATB), orchestra",D minor,Baroque,,1721,Baroque,16 minutes,12
"Wohl dem, des Hülfe der Gott Jacob ist, TWV 1:1709","Telemann, Georg Philipp","https://imslp.org/wiki/Wohl_dem,_des_Hülfe_der_Gott_Jacob_ist,_TWV_1:1709_(Telemann,_Georg_Philipp)","soprano, alto, tenor, bass, mixed chorus (SATB), orchestra",A minor,Baroque,,1727,Baroque,12 minutes,29
"Wohl den Menschen die dich, GWV 1159/31","Graupner, Christoph","https://imslp.org/wiki/Wohl_den_Menschen_die_dich,_GWV_1159/31_(Graupner,_Christoph)","Voices: soprano, alto, tenor, bass Orchestra: strings, continuo",D minor,Baroque,,1731,Baroque,,139
Wohl lag ich einst in Gram,"Randhartinger, Benedict","https://imslp.org/wiki/Wohl_lag_ich_einst_in_Gram_(Randhartinger,_Benedict)","voice, piano",D-flat major,Romantic,,1869,Romantic,1.5 minutes,21
Wohl uns der Heiland,"Hoffmann, Johann Georg","https://imslp.org/wiki/Wohl_uns_der_Heiland_(Hoffmann,_Johann_Georg)","SATB, strings, basso continuo",,Baroque,,,Baroque,,88
Wohl zu tun und mitzuteilen,"Stölzel, Gottfried Heinrich","https://imslp.org/wiki/Wohl_zu_tun_und_mitzuteilen_(Stölzel,_Gottfried_Heinrich)","Vocal - Soloists (SATB), Chorus (SATB) Orchestra - strings, continuo",B-flat major,Baroque,,,Baroque,,28
"Wohlan, die Zeit ist kommen","Folk Songs, German","https://imslp.org/wiki/Wohlan,_die_Zeit_ist_kommen_(Folk_Songs,_German)","Voice, Piano",,Romantic,,ca. 1792,,,384
"Wohlan, ich will meinem Lieben, TWV 1:1696","Telemann, Georg Philipp","https://imslp.org/wiki/Wohlan,_ich_will_meinem_Lieben,_TWV_1:1696_(Telemann,_Georg_Philipp)","soprano, alto, tenor, bass, mixed chorus (SATB), 2 oboes, strings, continuo",A major,Baroque,,1731-32,Baroque,15 minutes,54
"Wohlan, so kommet her, ihr Frommen, SSWV 328","Scheidt, Samuel","https://imslp.org/wiki/Wohlan,_so_kommet_her,_ihr_Frommen,_SSWV_328_(Scheidt,_Samuel)",4 voices (SATB),,Baroque,,,Baroque,,1930
"Wohlauf mein Herz zu Gott, GWV 1135/42","Graupner, Christoph","https://imslp.org/wiki/Wohlauf_mein_Herz_zu_Gott,_GWV_1135/42_(Graupner,_Christoph)","ATB, 2 oboes, strings, continuo",B-flat major,Baroque,,1742,Baroque,,253
"Wohlauf und lasset uns hinaufgehen, GWV 1174/49","Graupner, Christoph","https://imslp.org/wiki/Wohlauf_und_lasset_uns_hinaufgehen,_GWV_1174/49_(Graupner,_Christoph)","SATB, 2 horns, 2 trumpets, timpani, strings, continuo",D major,Baroque,,1749,Baroque,,234
"Wohlauf, du edle Lyr!","Schein, Johann Hermann","https://imslp.org/wiki/Wohlauf,_du_edle_Lyr!_(Schein,_Johann_Hermann)","SS voices with figured vocal bass (clefs: G2, G2, F4)",,Baroque,,,Baroque,,225
"Wohlauf, ein Frankenlied!","Eibl, Manfred R.","https://imslp.org/wiki/Wohlauf,_ein_Frankenlied!_(Eibl,_Manfred_R.)","Voices: mixed chorus (soprano (partial solo), alto, 2 tenors, bass) Orchestra: piccolo, flute, oboe, clarinet (B ♭ ), bass clarinet (B ♭ ), horn (Pless, F), trumpet (piccolo, B ♭ ), euphonium/baritone, trombone, timpani, triangle, cymbals, harp, strings",B-flat major and C major,Romantic,,2019,Modern,5 minutes,365
Wohlgeübter Organist,"Kobrich, Johann Anton","https://imslp.org/wiki/Wohlgeübter_Organist_(Kobrich,_Johann_Anton)",organ,C major,Classical,,1762-67 ca.,Classical,,429
"Wohlsein und Freude, MH 584","Haydn, Michael","https://imslp.org/wiki/Wohlsein_und_Freude,_MH_584_(Haydn,_Michael)",5 voices,C major,Classical,,1795-1802 ca.,Classical,1 minute,28
"Wojenko, wojenko","Kramarz, Mariusz","https://imslp.org/wiki/Wojenko,_wojenko_(Kramarz,_Mariusz)",mixed chorus,C major,Traditional (folk),,2024,Modern,,11
Wol dem der in Gottes furchte sieht,"Walter, Johann","https://imslp.org/wiki/Wol_dem_der_in_Gottes_furchte_sieht_(Walter,_Johann)",Voices (S A T B),,Renaissance,,,Renaissance,,128
Wol dem der sich bei zeiten,"Albert, Heinrich","https://imslp.org/wiki/Wol_dem_der_sich_bei_zeiten_(Albert,_Heinrich)","5 voices, continuo",,Baroque,,,Baroque,,36
Wol dir liebe sumer zeitt,Neidhart von Reuenthal,https://imslp.org/wiki/Wol_dir_liebe_sumer_zeitt_(Neidhart_von_Reuenthal),voice,,Medieval,,,Medieval,,47
"Wol kombt der May, LV 754","Lassus, Orlande de","https://imslp.org/wiki/Wol_kombt_der_May,_LV_754_(Lassus,_Orlande_de)",4 voices,,Renaissance,,,Renaissance,,288
Wol kumbt der May,"Neusiedler, Hans","https://imslp.org/wiki/Wol_kumbt_der_May_(Neusiedler,_Hans)",6-course renaissance lute,,Renaissance,,,Renaissance,,134
Wolauff gesell wer jagen well,"Wolkenstein, Oswald von","https://imslp.org/wiki/Wolauff_gesell_wer_jagen_well_(Wolkenstein,_Oswald_von)",3 recorders,C major,Renaissance,,,Renaissance,,17
Wolauff gut gsell von hinnen,Anonymous,https://imslp.org/wiki/Wolauff_gut_gsell_von_hinnen_(Anonymous),4 voices,F Ionian mode,Renaissance,,,,,193
Wolfenbüttel Chansonnier,Various,https://imslp.org/wiki/Wolfenbüttel_Chansonnier_(Various),3-4 voices,,Renaissance,,,,,3306
Wolfgang Amadeus Mozarts Werke,"Mozart, Wolfgang Amadeus","https://imslp.org/wiki/Wolfgang_Amadeus_Mozarts_Werke_(Mozart,_Wolfgang_Amadeus)",various,,Classical,,,Classical,,7981
Wolfgang Automaton Number 1,"Burnell, Paul","https://imslp.org/wiki/Wolfgang_Automaton_Number_1_(Burnell,_Paul)","flute, alto saxophone, guitar (also percussion), piano, cello",,Modern,,2006,Modern,4 minutes,15
"Wolke und Quelle, D.896b","Schubert, Franz","https://imslp.org/wiki/Wolke_und_Quelle,_D.896b_(Schubert,_Franz)","voice, piano",C major,Romantic,,1827-28,Romantic,5 minutes,0
"Wolken, wälderwärts gegangen","Wolf, Hugo","https://imslp.org/wiki/Wolken,_wälderwärts_gegangen_(Wolf,_Hugo)","voice, piano",D minor,Romantic,,1883,Romantic,,0
Wolle keiner mich fragen,"Sucher, Josef","https://imslp.org/wiki/Wolle_keiner_mich_fragen_(Sucher,_Josef)","Low Voice, Piano",E major,Romantic,,1867,Romantic,,76
Wolle keiner mich fragen No.1,"Randhartinger, Benedict","https://imslp.org/wiki/Wolle_keiner_mich_fragen_No.1_(Randhartinger,_Benedict)","voice, piano",A-flat major,Romantic,,1869,Romantic,2 minutes,28
Wolle keiner mich fragen No.2,"Randhartinger, Benedict","https://imslp.org/wiki/Wolle_keiner_mich_fragen_No.2_(Randhartinger,_Benedict)","voice, piano",G minor,Romantic,,1873,Romantic,2.5 minutes,26
Wollen wir nicht eins musiciren?,"Telemann, Georg Philipp","https://imslp.org/wiki/Wollen_wir_nicht_eins_musiciren?_(Telemann,_Georg_Philipp)","bass voice, 2 violins, continuo",C major,Baroque,,,Baroque,,1217
"Wollt Gott, dass ich zu dienen mich",Anonymous,"https://imslp.org/wiki/Wollt_Gott,_dass_ich_zu_dienen_mich_(Anonymous)",4 voices,,Renaissance,,,,,280
Wollt' nur sein Auge sprechen,"Randhartinger, Benedict","https://imslp.org/wiki/Wollt'_nur_sein_Auge_sprechen_(Randhartinger,_Benedict)","voice, piano",A minor,Romantic,,1874,Romantic,1.5 minutes,26
"Wollüstiger Sinnen, TWV 1:1723","Telemann, Georg Philipp","https://imslp.org/wiki/Wollüstiger_Sinnen,_TWV_1:1723_(Telemann,_Georg_Philipp)","SATB solos, mixed chorus (SATB), flute, 2 oboes, strings, continuo",A major,Baroque,,1736,Baroque,15 minutes,58
"Wolseys Wilde, FVB 157","Byrd, William","https://imslp.org/wiki/Wolseys_Wilde,_FVB_157_(Byrd,_William)",keyboard (e.g. harpsichord),C major,Renaissance,,,Renaissance,,103
"Woman Much Missed, Op.116","Noakes, Tony","https://imslp.org/wiki/Woman_Much_Missed,_Op.116_(Noakes,_Tony)","voice, piano",,Modern,,2007-9,Modern,12 minutes,11
Woman is Going to Vote,"Webster, Joseph Philbrick","https://imslp.org/wiki/Woman_is_Going_to_Vote_(Webster,_Joseph_Philbrick)","voice, piano",E-flat major,Romantic,,,Romantic,,8
"Woman's Heart Gavotte, Op.107","Holst, Eduard","https://imslp.org/wiki/Woman's_Heart_Gavotte,_Op.107_(Holst,_Eduard)",piano,,Romantic,,,Romantic,,52
Woman's Right,"Horn, Katy","https://imslp.org/wiki/Woman's_Right_(Horn,_Katy)","voice, piano",G major,Romantic,,,Romantic,,18
Wombats' Waltz,"St. Pierre, Anthony","https://imslp.org/wiki/Wombats'_Waltz_(St._Pierre,_Anthony)","oboe, clarinet, bassoon",,Modern,,2005,Modern,3 minutes,440
Women Haven't Any Mercy on a Man!,"Caryll, Ivan","https://imslp.org/wiki/Women_Haven't_Any_Mercy_on_a_Man!_(Caryll,_Ivan)","voice, piano",A major,Romantic,,,Romantic,,2
Women of Inver,"Loughborough, Hubert Raymond","https://imslp.org/wiki/Women_of_Inver_(Loughborough,_Hubert_Raymond)","voice, piano",,Early 20th century,,,Early 20th century,,7
Women on Top,"Hill, Malcolm","https://imslp.org/wiki/Women_on_Top_(Hill,_Malcolm)","soprano, mezzo-soprano, tenor, baritone, bass, piano",,Modern,,2012-2014,Modern,72 minutes (excluding gaps between scenes),277
Women's Political Union March,"Gregori, Elsa","https://imslp.org/wiki/Women's_Political_Union_March_(Gregori,_Elsa)","mixed chorus, piano",G major,Early 20th century,,,Early 20th century,,10
Women's Rock,Anonymous,https://imslp.org/wiki/Women's_Rock_(Anonymous),treble instrument,G major,Romantic,,,,,1
Womit soll ich dich wohl loben,"Knuth, Jürgen","https://imslp.org/wiki/Womit_soll_ich_dich_wohl_loben_(Knuth,_Jürgen)",Choir SATB,E-flat major,Modern,,,Modern,1 minute,325
Won By A Rose!,"Röckel, Joseph Leopold","https://imslp.org/wiki/Won_By_A_Rose!_(Röckel,_Joseph_Leopold)","Voice, piano",D major,Romantic,,,Romantic,,92
Won't You Be Mine?,"Timberlake, Paul","https://imslp.org/wiki/Won't_You_Be_Mine?_(Timberlake,_Paul)","voice, piano",B-flat major,Early 20th century,,,Early 20th century,,9
Won't You Be My Girl,"Greene, May","https://imslp.org/wiki/Won't_You_Be_My_Girl_(Greene,_May)","voice, piano",F major,Early 20th century,,,Early 20th century,,9
Won't You Buy My Pretty Flowers?,"Persley, George W.","https://imslp.org/wiki/Won't_You_Buy_My_Pretty_Flowers?_(Persley,_George_W.)","voice, mixed chorus, piano",A-flat major,Romantic,,,Romantic,,8
Won't You Come Along And Baby Me?,"Bowers, Frederic V.","https://imslp.org/wiki/Won't_You_Come_Along_And_Baby_Me?_(Bowers,_Frederic_V.)","voice, piano",B-flat major,Romantic,,,Early 20th century,,4
Won't You Come Back to Me,"Jacobs, Anson C.","https://imslp.org/wiki/Won't_You_Come_Back_to_Me_(Jacobs,_Anson_C.)","voice, piano",,Early 20th century,,,Early 20th century,,8
Won't You Come Over to My house,"Van Alstyne, Egbert","https://imslp.org/wiki/Won't_You_Come_Over_to_My_house_(Van_Alstyne,_Egbert)","voice, piano",G major,Early 20th century,,,Early 20th century,,10
Won't You Fondle Me?,"Kendis, James","https://imslp.org/wiki/Won't_You_Fondle_Me?_(Kendis,_James)","voice, piano",A-flat major,Early 20th century,,,Romantic,,15
Won't You Let Me Call You Honey,"Riemer, Lester Charles","https://imslp.org/wiki/Won't_You_Let_Me_Call_You_Honey_(Riemer,_Lester_Charles)","voice, piano",C major,Early 20th century,,,Early 20th century,,6
Won't You Let Me Put My Arms Around You?,"Adams, Bob","https://imslp.org/wiki/Won't_You_Let_Me_Put_My_Arms_Around_You?_(Adams,_Bob)","voice, piano",,Early 20th century,,,Early 20th century,,10
Won't You Love Me as of Old,"Stults, Robert Morrison","https://imslp.org/wiki/Won't_You_Love_Me_as_of_Old_(Stults,_Robert_Morrison)","voice, piano",C major,Romantic,,1898,Romantic,,187
"Won't You Tell Me Why, Robin","Barnard, Charlotte Alington","https://imslp.org/wiki/Won't_You_Tell_Me_Why,_Robin_(Barnard,_Charlotte_Alington)","voice, piano",,Romantic,,,Romantic,,49
"Won't You Waltz 'Home Sweet Home' with Me, for Old Times Sake?","Ingraham, Herbert","https://imslp.org/wiki/Won't_You_Waltz_'Home_Sweet_Home'_with_Me,_for_Old_Times_Sake?_(Ingraham,_Herbert)","voice, piano",G major,Early 20th century,,,Early 20th century,,6
Won't Your Mamma Let You Come Out and Play,"Cole, Bob","https://imslp.org/wiki/Won't_Your_Mamma_Let_You_Come_Out_and_Play_(Cole,_Bob)","voice, orchestra",B-flat major,Early 20th century,,,Romantic,3 minutes,24
Wond'ring,"David, Lee","https://imslp.org/wiki/Wond'ring_(David,_Lee)","voice, piano",C major,Early 20th century,,,Modern,,15
Wonder,"Roper, John","https://imslp.org/wiki/Wonder_(Roper,_John)",Orchestral,,Modern,,2014 (January),Modern,3 minutes,0
Wonder-Eyes,"Fletcher, Percy Eastman","https://imslp.org/wiki/Wonder-Eyes_(Fletcher,_Percy_Eastman)",piano,D major,Romantic,,,Romantic,,30
Wonderful Copenhagen,"Loesser, Frank","https://imslp.org/wiki/Wonderful_Copenhagen_(Loesser,_Frank)","voice, piano",C major,Modern,,,Early 20th century,3 minutes,0
Wonderful Eyes,"Spurr, Allen","https://imslp.org/wiki/Wonderful_Eyes_(Spurr,_Allen)","voice, piano",F major,Early 20th century,,,Early 20th century,,6
Wonderful Garden of Dreams,"Forster, Dorothy","https://imslp.org/wiki/Wonderful_Garden_of_Dreams_(Forster,_Dorothy)","voice, piano",,Early 20th century,,,Early 20th century,,15
Wonderful One,"Whiteman, Paul","https://imslp.org/wiki/Wonderful_One_(Whiteman,_Paul)","voice, piano",A-flat major,Early 20th century,,,Early 20th century,,17
Wonderful Words of Life,"Bliss, Philip Paul","https://imslp.org/wiki/Wonderful_Words_of_Life_(Bliss,_Philip_Paul)","mixed chorus (SATB), keyboard ad lib.",G major,Romantic,,,Romantic,2 minutes,89
Wonderful World of Romance,"Wood, Haydn","https://imslp.org/wiki/Wonderful_World_of_Romance_(Wood,_Haydn)","voice, piano",G major,Early 20th century,,,Early 20th century,,93
Wonderland,"Allen, Thomas S.","https://imslp.org/wiki/Wonderland_(Allen,_Thomas_S.)","voice, piano",E-flat major,Early 20th century,,,Romantic,,17
Wonderland,"Herbert, Victor","https://imslp.org/wiki/Wonderland_(Herbert,_Victor)","voices, mixed chorus, orchestra",,Romantic,,1905,Romantic,,1559
Wonderland,"Neat, John","https://imslp.org/wiki/Wonderland_(Neat,_John)","Piano accompaniment (or Solo), 1st Violin (Conductor), 2nd Violin, Viola, Cello & Bass, Flute & Piccolo, 1st & 2nd Clarinet in B♭, 1st & 2nd Cornet in B♭, Bass Trombone, Drums (Timpani & Glockenspiel.)",,Romantic,,,Romantic,,4
"Wonderland Folk, Op.50","Rogers, James Hotchkiss","https://imslp.org/wiki/Wonderland_Folk,_Op.50_(Rogers,_James_Hotchkiss)",piano,,Early 20th century,,,Early 20th century,,162
Wonderland Rag,"Simpson, Cameron Lee","https://imslp.org/wiki/Wonderland_Rag_(Simpson,_Cameron_Lee)",piano,A-flat major,Jazz,,2023,Modern,4 minutes,68
Wonderland Waltz,"Read, Ezra","https://imslp.org/wiki/Wonderland_Waltz_(Read,_Ezra)",Piano,G major,Romantic,,,Romantic,,202
Wondrous Love,"Christopher, James","https://imslp.org/wiki/Wondrous_Love_(Christopher,_James)",3 voice chorus,G minor,Traditional,,,Romantic,,2248
Wondrous Love Fantasy Sonata,"Ferrari, Carlotta","https://imslp.org/wiki/Wondrous_Love_Fantasy_Sonata_(Ferrari,_Carlotta)",organ,,Modern,,2018,Modern,,480
"Wondrous love, Marginalia No.183","Caldini, Fulvio","https://imslp.org/wiki/Wondrous_love,_Marginalia_No.183_(Caldini,_Fulvio)",organ,,Modern,,2023,Modern,2 minutes,114
"Wonne der Einsamkeit, Op.14","Fröhlich, Friedrich Theodor","https://imslp.org/wiki/Wonne_der_Einsamkeit,_Op.14_(Fröhlich,_Friedrich_Theodor)","voice, piano",G major,Romantic,,,Romantic,,8
"Wonne der Wehmut, D.260","Schubert, Franz","https://imslp.org/wiki/Wonne_der_Wehmut,_D.260_(Schubert,_Franz)","voice, piano",C minor,Romantic,,1815,Romantic,,1854
"Wonnetraum, Op.95","Meyer-Helmund, Erik","https://imslp.org/wiki/Wonnetraum,_Op.95_(Meyer-Helmund,_Erik)",orchestra,D minor,Romantic,,,Romantic,,20
"Woo'd and Married and a', Hob.XXXIa:38","Haydn, Joseph","https://imslp.org/wiki/Woo'd_and_Married_and_a',_Hob.XXXIa:38_(Haydn,_Joseph)","voice, violin, keyboard (including figured bass)",D minor,Classical,,,Classical,,2216
Wood Nymphs,"Coates, Eric","https://imslp.org/wiki/Wood_Nymphs_(Coates,_Eric)",theatre orchestra,D major,Early 20th century,,1917,Early 20th century,,86
Wood Song,"Scott, Beatrice MacGowan","https://imslp.org/wiki/Wood_Song_(Scott,_Beatrice_MacGowan)","voice, piano",D-flat major,Early 20th century,,,Early 20th century,,17
Wood wind quintett,"Riedel, Matthias","https://imslp.org/wiki/Wood_wind_quintett_(Riedel,_Matthias)","flute, oboe, clarinet, bassoon, 2 horns",B-flat major,Romantic,,,Romantic,20 minutes,3395
Wood's Lamentation,Anonymous,https://imslp.org/wiki/Wood's_Lamentation_(Anonymous),treble instrument,G major,Romantic,,,,,0
"Wood, Somber and Dense","Shmarygin, Ivan","https://imslp.org/wiki/Wood,_Somber_and_Dense_(Shmarygin,_Ivan)","voice, piano",D minor,Modern,,2014 (rev. 2017),Modern,,100
Wood-Nymph,"Hawthorne, D. H.","https://imslp.org/wiki/Wood-Nymph_(Hawthorne,_D._H.)",piano,F major,Early 20th century,,,Early 20th century,,18
Woodburn Polka,"Walker, George Leslie","https://imslp.org/wiki/Woodburn_Polka_(Walker,_George_Leslie)",piano,E-flat major,Romantic,,,Romantic,,15
Woodburry-Liederbüchlein,"Eisler, Hanns","https://imslp.org/wiki/Woodburry-Liederbüchlein_(Eisler,_Hanns)","Woman's choir, piano",,Modern,,1941,Early 20th century,20 minutes,0
Woodbury March,"Krauss, Charles","https://imslp.org/wiki/Woodbury_March_(Krauss,_Charles)",piano,,Romantic,,,Romantic,,16
"Wooddy-Cock, FVB 141","Farnaby, Giles","https://imslp.org/wiki/Wooddy-Cock,_FVB_141_(Farnaby,_Giles)",keyboard (e.g. harpsichord),D minor,Renaissance,,,Renaissance,,80
Wooden Nickel,"Groberg, Grant","https://imslp.org/wiki/Wooden_Nickel_(Groberg,_Grant)",Solo Piano,E-flat major,Modern,,2010,Modern,4 minutes,521
"Wooden Shoe Dance, Op.10","Rogers, Van Veachton","https://imslp.org/wiki/Wooden_Shoe_Dance,_Op.10_(Rogers,_Van_Veachton)",harp,,Early 20th century,,,Romantic,,22
Woodland,"Luders, Gustav","https://imslp.org/wiki/Woodland_(Luders,_Gustav)","vocal soloists, chorus, orchestra",,Romantic,,,Romantic,,210
Woodland Dreams,"Weidt, Albert John","https://imslp.org/wiki/Woodland_Dreams_(Weidt,_Albert_John)",2 guitars,,Romantic,,,Romantic,,208
Woodland Echoes,"Turner, E.W.","https://imslp.org/wiki/Woodland_Echoes_(Turner,_E.W.)",piano,,Romantic,,,Romantic,,231
"Woodland Echoes, Op.34","Wyman, Addison P.","https://imslp.org/wiki/Woodland_Echoes,_Op.34_(Wyman,_Addison_P.)",piano,,Romantic,,,Romantic,,1241
Woodland Fairies,"Read, Ezra","https://imslp.org/wiki/Woodland_Fairies_(Read,_Ezra)",Piano,C major,Romantic,,,Romantic,,166
"Woodland Flowers, Op.16","Küssner, Albert","https://imslp.org/wiki/Woodland_Flowers,_Op.16_(Küssner,_Albert)",Piano,,Romantic,,,Romantic,,240
Woodland Home Mazurka,"Küssner, L.","https://imslp.org/wiki/Woodland_Home_Mazurka_(Küssner,_L.)",piano,A-flat major,Romantic,,,Romantic,,14
Woodland Idyl,"Perry, Sam A.","https://imslp.org/wiki/Woodland_Idyl_(Perry,_Sam_A.)",,G major,Early 20th century,,1929,Early 20th century,3.5 minutes,4
Woodland Idyl,"Stoughton, Roy Spaulding","https://imslp.org/wiki/Woodland_Idyl_(Stoughton,_Roy_Spaulding)",organ,A-flat major,Early 20th century,,,Early 20th century,,0
Woodland Love Song,"Hawley, Charles Beach","https://imslp.org/wiki/Woodland_Love_Song_(Hawley,_Charles_Beach)",Voice and Piano,,Romantic,,,Romantic,,94
Woodland Mazurka,"Hayden, Winslow Lewis","https://imslp.org/wiki/Woodland_Mazurka_(Hayden,_Winslow_Lewis)",guitar,,Romantic,,,Romantic,,208
Woodland Music,"Tonsing, Evan Alva","https://imslp.org/wiki/Woodland_Music_(Tonsing,_Evan_Alva)",2 recorders; 2 bamboo flutes,D major,Modern,,1970-81,Modern,,376
Woodland Pictures,"Fletcher, Percy Eastman","https://imslp.org/wiki/Woodland_Pictures_(Fletcher,_Percy_Eastman)","orchestra, but specific instrumentation unknown",,Romantic,,,Romantic,,2676
Woodland Revels,"Grey, Gerald","https://imslp.org/wiki/Woodland_Revels_(Grey,_Gerald)",Piano,C major,Early 20th century,,,Early 20th century,,169
Woodland Scenes,"Bath, Hubert","https://imslp.org/wiki/Woodland_Scenes_(Bath,_Hubert)",piano,,Romantic,,,Early 20th century,,239
Woodland Sounds,"Foerster, Adolph Martin","https://imslp.org/wiki/Woodland_Sounds_(Foerster,_Adolph_Martin)",piano,,Romantic,,,Romantic,,36
Woodland Vows,"Maass, Theodore","https://imslp.org/wiki/Woodland_Vows_(Maass,_Theodore)",piano,,Romantic,,,Romantic,,10
Woodland Warblings,"Webster, Joseph Philbrick","https://imslp.org/wiki/Woodland_Warblings_(Webster,_Joseph_Philbrick)","voices, chorus, piano (No.17: voice, guitar)",,Romantic,,,Romantic,,58
Woodland Whispers Waltzes,"Stanley, Gerald","https://imslp.org/wiki/Woodland_Whispers_Waltzes_(Stanley,_Gerald)",piano,E-flat major,Romantic,,,Romantic,,17
"Woodland Whispers, Op.28","Jaëll, Alfred","https://imslp.org/wiki/Woodland_Whispers,_Op.28_(Jaëll,_Alfred)",Piano,E-flat major,Romantic,,,Romantic,,334
Woodland and Stream,"Pratten, Catharina Josepha","https://imslp.org/wiki/Woodland_and_Stream_(Pratten,_Catharina_Josepha)",guitar,,Romantic,,,Romantic,,50
Woodman Spare That Tree!,"Russell, Henry","https://imslp.org/wiki/Woodman_Spare_That_Tree!_(Russell,_Henry)","Voice, Piano",,Romantic,,,Romantic,1.5 minutes,579
"Woodman, Spare that Tree","La Hache, Theodor von","https://imslp.org/wiki/Woodman,_Spare_that_Tree_(La_Hache,_Theodor_von)",Piano,C major,Romantic,,,Romantic,,231
"Woodman, Woodman, Spare that Tree!","Berlin, Irving","https://imslp.org/wiki/Woodman,_Woodman,_Spare_that_Tree!_(Berlin,_Irving)","voice, piano",B-flat major,Early 20th century,,,Early 20th century,,15
Woods of Kilkenny,Anonymous,https://imslp.org/wiki/Woods_of_Kilkenny_(Anonymous),treble instrument,D major,Romantic,,,,,8
Woodstock,"Simpson, Cameron Lee","https://imslp.org/wiki/Woodstock_(Simpson,_Cameron_Lee)",piano,G major,Jazz,,2024,Modern,5 minutes,34
Woodwind Esquisse in G major,"Zacchéa, Diego","https://imslp.org/wiki/Woodwind_Esquisse_in_G_major_(Zacchéa,_Diego)","Flute, oboe, clarinet (B ♭ ), bassoon",G major,Modern,,2012,Modern,2 minutes,1233
Woodwind Overture for Beginners in B-flat major,"Rondeau, Michel","https://imslp.org/wiki/Woodwind_Overture_for_Beginners_in_B-flat_major_(Rondeau,_Michel)",Wind ensemble,B-flat major,Modern,,,Modern,,4503
Woodwind Quartet,"Motevaseli, Alireza","https://imslp.org/wiki/Woodwind_Quartet_(Motevaseli,_Alireza)","flute, oboe, clarinet in B ♭ , bassoon",,Modern,,2014,Modern,,1409
Woodwind Quartet,"Pandolfo, Paolo","https://imslp.org/wiki/Woodwind_Quartet_(Pandolfo,_Paolo)","Flute, Oboe, Clarinet and Bassoon",,Early 20th century,,,Modern,15 minutes,1316
Woodwind Quartet,"Páez, José Ignacio","https://imslp.org/wiki/Woodwind_Quartet_(Páez,_José_Ignacio)","Flute, Oboe, Clarinet (B ♭ ), Bassoon",E-flat major,Modern,,2013 (December),Modern,14 minutes,6884
Woodwind Quartet,"Sulzenbacher, Rudolf","https://imslp.org/wiki/Woodwind_Quartet_(Sulzenbacher,_Rudolf)","flute, oboe, clarinet, bassoon",,Modern,,2021,Modern,17 minutes,42
Woodwind Quartet No.1,"Hedien, Mark","https://imslp.org/wiki/Woodwind_Quartet_No.1_(Hedien,_Mark)","flute, oboe, clarinet, bassoon",,Romantic,,,Modern,,16095
Woodwind Quartet No.1,"Youssefi, Bardia","https://imslp.org/wiki/Woodwind_Quartet_No.1_(Youssefi,_Bardia)","flute, oboe, clarinet (B ♭ ), bassoon",,Early 20th century,,2018,Modern,,781
"Woodwind Quartet No.1, Op.10c","Nuguid, John Nhelmer Sialana","https://imslp.org/wiki/Woodwind_Quartet_No.1,_Op.10c_(Nuguid,_John_Nhelmer_Sialana)","flute, oboe, clarinet, bassoon",G major,Classical,,2025,Modern,5 minutes,33
Woodwind Quartet No.2,"Hedien, Mark","https://imslp.org/wiki/Woodwind_Quartet_No.2_(Hedien,_Mark)","Flute, Oboe, Clarinet, Bassoon",,Romantic,,,Modern,4 minutes,4784
Woodwind Quartet No.3,"Hedien, Mark","https://imslp.org/wiki/Woodwind_Quartet_No.3_(Hedien,_Mark)","Flute, Oboe, Clarinet, Bassoon",,Romantic,,,Modern,8-9 minutes,2712
Woodwind Quartet No.4,"Hedien, Mark","https://imslp.org/wiki/Woodwind_Quartet_No.4_(Hedien,_Mark)","Flute, Oboe, Clarinet, Bassoon",,Romantic,,,Modern,7 minutes,2120
"Woodwind Quartet, MVWV 389","Verheul, Maurice","https://imslp.org/wiki/Woodwind_Quartet,_MVWV_389_(Verheul,_Maurice)","flute, oboe, clarinet, bassoon",,Modern,,2014-03-05,Modern,14 minutes,817
"Woodwind Quartet, Op.2","Booker, Dewey L.","https://imslp.org/wiki/Woodwind_Quartet,_Op.2_(Booker,_Dewey_L.)","flute (also piccolo), 2 oboes (2nd also English horn), clarinet",D minor,Classical,,2016,Modern,10 minutes,147
"Woodwind Quartet, Op.2191","Beatty, Stephen W.","https://imslp.org/wiki/Woodwind_Quartet,_Op.2191_(Beatty,_Stephen_W.)","flute, oboe, clarinet (B ♭ ), bassoon",,Modern,,2020,Modern,7 minutes,441
Woodwind Quintet,"Bassett, Leslie","https://imslp.org/wiki/Woodwind_Quintet_(Bassett,_Leslie)","flute, oboe, clarinet, horn, bassoon",,Modern,,"1958/3/26 Ann Arbor, Mich.",Modern,11 minutes,130
Woodwind Quintet,"Chiroşcǎ, Bogdan","https://imslp.org/wiki/Woodwind_Quintet_(Chiroşcǎ,_Bogdan)","flute, oboe, clarinet (B ♭ ), bassoon, horn (F)",,Modern,,2007,Modern,12 minutes,722
Woodwind Quintet,"Harrington, Jeffrey Michael","https://imslp.org/wiki/Woodwind_Quintet_(Harrington,_Jeffrey_Michael)","flute, oboe, clarinet (B ♭ ), bassoon, horn (F)",,Modern,,2012,Modern,,696
Woodwind Quintet,"Harris, Ian Keith","https://imslp.org/wiki/Woodwind_Quintet_(Harris,_Ian_Keith)","flute, oboe, clarinet, bassoon, horn",,Modern,,2020,Modern,,414
Woodwind Quintet,"Manookian, Jeff","https://imslp.org/wiki/Woodwind_Quintet_(Manookian,_Jeff)","flute, oboe, clarinet, bassoon, horn",,Modern,,2006,Modern,17 minutes,5512
Woodwind Quintet No.1,"Etler, Alvin","https://imslp.org/wiki/Woodwind_Quintet_No.1_(Etler,_Alvin)","flute, oboe, clarinet, bassoon, horn",,Modern,,1955,Early 20th century,15.5 minutes,99
Woodwind Quintet No.1,"Torre, Salvador","https://imslp.org/wiki/Woodwind_Quintet_No.1_(Torre,_Salvador)","flute, oboe, clarinet, bassoon, horn",,Modern,,1987/2013,Modern,Variable,1343
Woodwind Quintet No.2,"Etler, Alvin","https://imslp.org/wiki/Woodwind_Quintet_No.2_(Etler,_Alvin)","flute, oboe, clarinet (B♭), horn (F), bassoon",,Modern,,1957,Early 20th century,16.5 minutes,47
Woodwind Quintet No.3,"Harris, Ian Keith","https://imslp.org/wiki/Woodwind_Quintet_No.3_(Harris,_Ian_Keith)","flute, oboe, clarinet (B ♭ ), bassoon, horn (F)",,Modern,,2020,Modern,,251
Woodwind Quintet No.4,"Harris, Ian Keith","https://imslp.org/wiki/Woodwind_Quintet_No.4_(Harris,_Ian_Keith)","flute, oboe, clarinet (B ♭ ), bassoon, horn (F)",,Modern,,2022,Modern,,117
"Woodwind Quintet, Op.677","Beatty, Stephen W.","https://imslp.org/wiki/Woodwind_Quintet,_Op.677_(Beatty,_Stephen_W.)","flute, oboe, clarinet (B ♭ ), bassoon, horn (F)",,Modern,,2016,Modern,16 minutes,365
Woodwind Sextet No.1,"Hedien, Mark","https://imslp.org/wiki/Woodwind_Sextet_No.1_(Hedien,_Mark)","2 flutes, oboe 2 clarinets, bassoon",,Romantic,,,Modern,9:50,3119
Woodwind Sextet No.2,"Hedien, Mark","https://imslp.org/wiki/Woodwind_Sextet_No.2_(Hedien,_Mark)","2 flutes, oboe, 2 clarinets, bassoon",,Modern,,,Modern,9 minutes,1441
Woodwind Trio,"Cotton, Aaron Alexander","https://imslp.org/wiki/Woodwind_Trio_(Cotton,_Aaron_Alexander)","Flute, oboe, English horn",F major,Modern,,2012-03-12,Modern,2 minutes,1352
Woodwind Trio,"Simpson, Daniel Léo","https://imslp.org/wiki/Woodwind_Trio_(Simpson,_Daniel_Léo)","Oboe, Clarinet in B ♭ , Bassoon",B-flat major,Classical,,2013 May,Modern,30 minutes,5032
Woodwind Trio No.1,"Hedien, Mark","https://imslp.org/wiki/Woodwind_Trio_No.1_(Hedien,_Mark)","Flute, Oboe, Bassoon",,Classical,,,Modern,,10560
Woodwind Trio No.1,"Podder, Shombit Kumar","https://imslp.org/wiki/Woodwind_Trio_No.1_(Podder,_Shombit_Kumar)","flute, clarinet, bassoon",,Romantic,,2018-20 ca.,Modern,16 minutes,1521
"Woodwind Trio No.1, Op.18","Peters, Rob","https://imslp.org/wiki/Woodwind_Trio_No.1,_Op.18_(Peters,_Rob)","oboe, clarinet (B ♭ ) and bassoon",F major,Modern,,1991,Modern,,2747
Woodwind Trio No.2,"Hedien, Mark","https://imslp.org/wiki/Woodwind_Trio_No.2_(Hedien,_Mark)","flute, oboe, bassoon",,Classical,,,Modern,5 minutes,2223
"Woodwind Trio No.2, Op.32","Peters, Rob","https://imslp.org/wiki/Woodwind_Trio_No.2,_Op.32_(Peters,_Rob)","Oboe, clarinet (B ♭ ) and bassoon",,Modern,,1992,Modern,,1618
"Woodwind Trio No.3, Op.39","Peters, Rob","https://imslp.org/wiki/Woodwind_Trio_No.3,_Op.39_(Peters,_Rob)","Oboe, clarinet (B ♭ ) and bassoon",,Modern,,1993,Modern,,1279
"Woodwind Trio, Op.1","Aramaki, Michio","https://imslp.org/wiki/Woodwind_Trio,_Op.1_(Aramaki,_Michio)","flute, oboe, clarinet (B ♭ )",,Modern,,1987,Modern,6 minutes,5154
"Woodwind Trio, Op.1b","Aramaki, Michio","https://imslp.org/wiki/Woodwind_Trio,_Op.1b_(Aramaki,_Michio)","flute, alto flute, bass flute",,Modern,,2006,Modern,5 minutes,497
"Woody my dear 2, Marginalia No.67","Caldini, Fulvio","https://imslp.org/wiki/Woody_my_dear_2,_Marginalia_No.67_(Caldini,_Fulvio)",for electronics and samples,,Jazz,,2018,Modern,1:38 minutes,0
"Woody my dear 3, Marginalia No.70","Caldini, Fulvio","https://imslp.org/wiki/Woody_my_dear_3,_Marginalia_No.70_(Caldini,_Fulvio)",for electronics and samples,,Jazz,,2019,Modern,2:36 minutes,0
"Woody my dear, Marginalia No.65","Caldini, Fulvio","https://imslp.org/wiki/Woody_my_dear,_Marginalia_No.65_(Caldini,_Fulvio)",for electronics and samples,,Jazz,,2016,Modern,3:18 minutes,0
Woodycock,Anonymous,https://imslp.org/wiki/Woodycock_(Anonymous),1 viol,G minor,Renaissance,,,,,4205
Wooed and Won,"Cooke, Edith","https://imslp.org/wiki/Wooed_and_Won_(Cooke,_Edith)","voice, piano",,Romantic,,,Early 20th century,,10
Woozy,"Groves, A. E.","https://imslp.org/wiki/Woozy_(Groves,_A._E.)",piano,B-flat major,Romantic,,,Romantic,,15
Woran ich meine Freude hab',"Folk Songs, German","https://imslp.org/wiki/Woran_ich_meine_Freude_hab'_(Folk_Songs,_German)","Voice, Piano",,Romantic,,,,,350
Worcestershire-marche,"Auvray, Georges","https://imslp.org/wiki/Worcestershire-marche_(Auvray,_Georges)",orchestra,D major,Romantic,,,Romantic,,11
Wordless,"Hallman, Joseph","https://imslp.org/wiki/Wordless_(Hallman,_Joseph)",SATB Choir,,Modern,,2007,Modern,,358
Wordless Dialogue,"Stankovych, Tatiana","https://imslp.org/wiki/Wordless_Dialogue_(Stankovych,_Tatiana)","clarinet, guitar",,Classical,,2023,Modern,3:00 minutes,402
Words,"Rzewski, Frederic","https://imslp.org/wiki/Words_(Rzewski,_Frederic)",string quartet,,Modern,,2018,Modern,,221
Words,"Spencer, Otis","https://imslp.org/wiki/Words_(Spencer,_Otis)","voice, piano",F major,Early 20th century,,,Early 20th century,,5
"Words Unspoken, Op.30","Aleksandrov, Anatoly","https://imslp.org/wiki/Words_Unspoken,_Op.30_(Aleksandrov,_Anatoly)","voice, piano",,Early 20th century,,,Early 20th century,,21
Work / Architecture / Unity / And / The,"Eisenbrey, Keith","https://imslp.org/wiki/Work_/_Architecture_/_Unity_/_And_/_The_(Eisenbrey,_Keith)",piano,,Modern,,2002,Modern,,46
"Work No.1 'Time on Life' in C, Op.1 No.1","Roberts, Harry Maximillian","https://imslp.org/wiki/Work_No.1_'Time_on_Life'_in_C,_Op.1_No.1_(Roberts,_Harry_Maximillian)",piano,,Modern,,2023,Modern,,29
"Work No.131, Object 1","Saragoza, Justin","https://imslp.org/wiki/Work_No.131,_Object_1_(Saragoza,_Justin)","oboe, trumpet, trombone, contrabass",,Modern,,2010,Modern,3-4 minutes,756
"Work No.131, Object 2","Saragoza, Justin","https://imslp.org/wiki/Work_No.131,_Object_2_(Saragoza,_Justin)",String Quartet,,Modern,,,Modern,4 minutes,135
"Work No.131, Object 5","Saragoza, Justin","https://imslp.org/wiki/Work_No.131,_Object_5_(Saragoza,_Justin)","Orchestra Pl, Fl, Ob, Eh, Cl, B Cl, Bsn, C Bsn, Horns, Trpt, Trbn, Tba, Timp, Snare, B Drm, Cym, Trgl, Clste, Gongs, Hrp, Vln, Vla, Cello, Bass",C major,Modern,,2012,Modern,8 minutes,168
"Work No.182, Abacus No.2","Saragoza, Justin","https://imslp.org/wiki/Work_No.182,_Abacus_No.2_(Saragoza,_Justin)",Orchestra,,Classical,,2011,Modern,,38
"Work No.182, Abacus No.3","Saragoza, Justin","https://imslp.org/wiki/Work_No.182,_Abacus_No.3_(Saragoza,_Justin)","Flute, Viola, Contrabass",,Modern,,2011,Modern,1 minute,613
"Work No.19, No.1","Saragoza, Justin","https://imslp.org/wiki/Work_No.19,_No.1_(Saragoza,_Justin)","electric guitar, electric bass guitar, piano, drum kit",,Jazz,,1979,Modern,,66
"Work No.19, No.3","Saragoza, Justin","https://imslp.org/wiki/Work_No.19,_No.3_(Saragoza,_Justin)","2 violins, viola, cello",,Modern,,1981,Modern,,37
"Work No.19, No.4","Saragoza, Justin","https://imslp.org/wiki/Work_No.19,_No.4_(Saragoza,_Justin)","flute, guitar",,Modern,,1982 ca.,Modern,,123
"Work No.19, No.5","Saragoza, Justin","https://imslp.org/wiki/Work_No.19,_No.5_(Saragoza,_Justin)","SSATT voices, piano",,Modern,,1982,Modern,1 minutes,34
"Work No.19, No.7","Saragoza, Justin","https://imslp.org/wiki/Work_No.19,_No.7_(Saragoza,_Justin)","violin, piano",,Modern,,1982 ca.,Modern,,29
"Work No.19, No.8","Saragoza, Justin","https://imslp.org/wiki/Work_No.19,_No.8_(Saragoza,_Justin)",piano,,Modern,,1982 ca.,Modern,7 minutes,33
"Work No.19, No.9","Saragoza, Justin","https://imslp.org/wiki/Work_No.19,_No.9_(Saragoza,_Justin)","2 violins, viola, cello",,Modern,,1982 ca.,Modern,,32
"Work No.2 'Let infants be happy', Op.1 No.2","Roberts, Harry Maximillian","https://imslp.org/wiki/Work_No.2_'Let_infants_be_happy',_Op.1_No.2_(Roberts,_Harry_Maximillian)",piano,,Modern,,2023,Modern,,37
"Work No.3 'Sira' in G major, Op.1 No.3","Roberts, Harry Maximillian","https://imslp.org/wiki/Work_No.3_'Sira'_in_G_major,_Op.1_No.3_(Roberts,_Harry_Maximillian)",piano,G major,Modern,,2023,Modern,,13
"Work No.84, Sonare 121121","Saragoza, Justin","https://imslp.org/wiki/Work_No.84,_Sonare_121121_(Saragoza,_Justin)","violin, viola",,Modern,,2021,Modern,4-5 minutes,144
Work Week Quartet,"Bridson, Robert Edward","https://imslp.org/wiki/Work_Week_Quartet_(Bridson,_Robert_Edward)","2 Violins, viola, cello",G major,Modern,,2014,Modern,18 minutes,689
Work and Play,"Swinstead, Felix","https://imslp.org/wiki/Work_and_Play_(Swinstead,_Felix)",piano,,Romantic,,,Early 20th century,,0
Work for 13 String Instruments,"Saral, Ali Riza","https://imslp.org/wiki/Work_for_13_String_Instruments_(Saral,_Ali_Riza)","7 violins, 3 violas, 2 cellos, double bass",,Modern,,2019,Modern,16 minutes,196
Work in F major,"Neubauer, Franz Christoph","https://imslp.org/wiki/Work_in_F_major_(Neubauer,_Franz_Christoph)","oboe, violin, 2 violas, cello",F major,Classical,,,Classical,,452
"Work no. 1 ""Let Infants be Happy""","Roberts, Harry Maximillian","https://imslp.org/wiki/Work_no._1_""Let_Infants_be_Happy""_(Roberts,_Harry_Maximillian)",piano,,Modern,,2023,Modern,,37
"Work, No.19 No.2","Saragoza, Justin","https://imslp.org/wiki/Work,_No.19_No.2_(Saragoza,_Justin)","2 violins, viola, cello",,Modern,,1980,Modern,,37
"Work, No.19 No.6","Saragoza, Justin","https://imslp.org/wiki/Work,_No.19_No.6_(Saragoza,_Justin)","violin, piano",E major,Modern,,1982,Modern,,39
Works for 7 String Guitar,"Sarenko, Vasily","https://imslp.org/wiki/Works_for_7_String_Guitar_(Sarenko,_Vasily)",7-string guitar,,Romantic,,,Romantic,,148
Works for Orchestra,"Lyadov, Anatoly","https://imslp.org/wiki/Works_for_Orchestra_(Lyadov,_Anatoly)",orchestra (some works with voice),,Romantic,,,Romantic,,134
Works for Orchestra,"Tchouhadjian, Dikran","https://imslp.org/wiki/Works_for_Orchestra_(Tchouhadjian,_Dikran)",orchestra,,Romantic,,,Romantic,,53
Works for Organ and Harpsichord,"Handel, George Frideric","https://imslp.org/wiki/Works_for_Organ_and_Harpsichord_(Handel,_George_Frideric)",harpsichord,,Baroque,,,Baroque,,28802
Works for Piano,"Nizhankovsky, Nestor","https://imslp.org/wiki/Works_for_Piano_(Nizhankovsky,_Nestor)",piano,,Romantic,,,Early 20th century,,19
Works for Piano,"Tchouhadjian, Dikran","https://imslp.org/wiki/Works_for_Piano_(Tchouhadjian,_Dikran)",piano,,Romantic,,,Romantic,,72
Works for Recorder and Oud,"Aramaki, Michio","https://imslp.org/wiki/Works_for_Recorder_and_Oud_(Aramaki,_Michio)","recorder, oud",,Modern,,2021-22,Modern,,259
Works for Wind Band,"Tchouhadjian, Dikran","https://imslp.org/wiki/Works_for_Wind_Band_(Tchouhadjian,_Dikran)",wind band,,Romantic,,,Romantic,,53
"Works of Jommelli, C.P.E. Bach, Cocchi and Majo",Various,"https://imslp.org/wiki/Works_of_Jommelli,_C.P.E._Bach,_Cocchi_and_Majo_(Various)",various,,Classical,,,,,338
World Famous Christmas Songs,"Rittenhouse, George","https://imslp.org/wiki/World_Famous_Christmas_Songs_(Rittenhouse,_George)","mixed chorus (SATB); mixed chorus, piano; voice, piano; voices, chorus, piano; 2 voices, piano",,Early 20th century,,,Early 20th century,,12
World Order 4,"Young, Sabrina Pena","https://imslp.org/wiki/World_Order_4_(Young,_Sabrina_Pena)","performance artist, percussion, tape, video, piano, violin, cello",,Modern,,2004,Modern,,544
World Order 5,"Young, Sabrina Pena","https://imslp.org/wiki/World_Order_5_(Young,_Sabrina_Pena)","6 percussion, tape, optional video",,Modern,,2008,Modern,8 minutes,1038
World War II,"Yee, Adrian K.","https://imslp.org/wiki/World_War_II_(Yee,_Adrian_K.)",,,Modern,,"May 12, 2010",Modern,,2480
World Web Hornpipe,"Messerschmidt, Hans Jorgen","https://imslp.org/wiki/World_Web_Hornpipe_(Messerschmidt,_Hans_Jorgen)",trumpet,D major,Modern,,2015,Modern,1 minutes,2
World Wide Fancy Hornpipe,"Messerschmidt, Hans Jorgen","https://imslp.org/wiki/World_Wide_Fancy_Hornpipe_(Messerschmidt,_Hans_Jorgen)",trumpet,A major,Modern,,2015,Modern,1 minutes,2
World in the Next Galaxy,"Wallace, Dorian","https://imslp.org/wiki/World_in_the_Next_Galaxy_(Wallace,_Dorian)",unspecified Instruments,,Modern,,2015,Modern,,139
World of sorrow,"McIntyre, Richard","https://imslp.org/wiki/World_of_sorrow_(McIntyre,_Richard)",SATB a cappella,E minor,Modern,,2010,Modern,1:30 minutes,27
World's Columbian Exposition March,"Holst, Eduard","https://imslp.org/wiki/World's_Columbian_Exposition_March_(Holst,_Eduard)",piano ; piano 4-hands,F major,Romantic,,,Romantic,,18
"World's Fair March, Op.7","Dubuclet, Lawrence","https://imslp.org/wiki/World's_Fair_March,_Op.7_(Dubuclet,_Lawrence)",piano,D major,Romantic,,,Romantic,,13
World's Fair Polka,"Armstrong, Thomas J.","https://imslp.org/wiki/World's_Fair_Polka_(Armstrong,_Thomas_J.)",banjo,,Romantic,,,Romantic,,5
World's Theorem,"Mourey, Colette","https://imslp.org/wiki/World's_Theorem_(Mourey,_Colette)",solo violin,atonal,Modern,,2015,Modern,8 minutes,304
Worldes Blis,"Violette, Andrew","https://imslp.org/wiki/Worldes_Blis_(Violette,_Andrew)","horn (F), soprano trumpet, 2 trumpets (B ♭ ), 2 trombones, timpani",,Modern,,1982,Modern,21 minutes,367
Worm-eaten,"Burnell, Paul","https://imslp.org/wiki/Worm-eaten_(Burnell,_Paul)",organ,,Modern,,2006-07,Modern,5 minutes,16
"Woronzow-valses, Op.27","Labitzky, Joseph","https://imslp.org/wiki/Woronzow-valses,_Op.27_(Labitzky,_Joseph)",piano,F major,Romantic,,,Romantic,,16
Worrell's Hornpipe,Anonymous,https://imslp.org/wiki/Worrell's_Hornpipe_(Anonymous),treble instrument,D major,Romantic,,,,,1
Worried,"Rose, Vincent","https://imslp.org/wiki/Worried_(Rose,_Vincent)","voice, piano",G major,Early 20th century,,,Early 20th century,,15
Worried d Happy B,"Tuttle, Marshall","https://imslp.org/wiki/Worried_d_Happy_B_(Tuttle,_Marshall)",piano,B major,Baroque,,2020,Modern,7 minutes,49
Worship,"Shaw, Geoffrey Turton","https://imslp.org/wiki/Worship_(Shaw,_Geoffrey_Turton)","unison chorus, piano",C major,Romantic,,,Early 20th century,,62
Worshipper's Assistant,"Howe, Solomon","https://imslp.org/wiki/Worshipper's_Assistant_(Howe,_Solomon)",voices,,Classical,,,Classical,,294
"Worster Braules, FVB 207","Tomkins, Thomas","https://imslp.org/wiki/Worster_Braules,_FVB_207_(Tomkins,_Thomas)",keyboard (e.g. harpsichord),D minor,Renaissance,,,Baroque,,44
Worthless and Useless Piano Pieces,"Zintl, Frank","https://imslp.org/wiki/Worthless_and_Useless_Piano_Pieces_(Zintl,_Frank)",piano,Various,Classical,,1975 to 1985,Modern,,2565
Worthy is the Lamb,"Barnett, John Francis","https://imslp.org/wiki/Worthy_is_the_Lamb_(Barnett,_John_Francis)",SATB Choir and Organ,C major,Romantic,,,Romantic,,424
Worthy is the Lamb,"Thorne, Edward H.","https://imslp.org/wiki/Worthy_is_the_Lamb_(Thorne,_Edward_H.)",SATB choir and organ,B-flat major,Romantic,,,Romantic,,200
Wot Cher!,"Ingle, Charles","https://imslp.org/wiki/Wot_Cher!_(Ingle,_Charles)","voices, piano",E minor,Early 20th century,,1890,Romantic,4 minutes,22
Wotan,"Salabert, Francis","https://imslp.org/wiki/Wotan_(Salabert,_Francis)",unknown for the original,,Early 20th century,,,Early 20th century,,8
Wots yer flava (of consciousness)? 1,"Omid, Aryan","https://imslp.org/wiki/Wots_yer_flava_(of_consciousness)?_1_(Omid,_Aryan)",12 pianos,,Modern,,2020,Modern,,27
Wots yer flava (of consciousness)? 10,"Omid, Aryan","https://imslp.org/wiki/Wots_yer_flava_(of_consciousness)?_10_(Omid,_Aryan)",12 pianos,,Modern,,2020,Modern,,17
Wots yer flava (of consciousness)? 11,"Omid, Aryan","https://imslp.org/wiki/Wots_yer_flava_(of_consciousness)?_11_(Omid,_Aryan)",12 pianos,,Modern,,2021,Modern,,23
Wots yer flava (of consciousness)? 12,"Omid, Aryan","https://imslp.org/wiki/Wots_yer_flava_(of_consciousness)?_12_(Omid,_Aryan)",12 pianos,,Modern,,2021,Modern,,20
Wots yer flava (of consciousness)? 13,"Omid, Aryan","https://imslp.org/wiki/Wots_yer_flava_(of_consciousness)?_13_(Omid,_Aryan)",12 pianos,,Modern,,2021,Modern,,19
Wots yer flava (of consciousness)? 14,"Omid, Aryan","https://imslp.org/wiki/Wots_yer_flava_(of_consciousness)?_14_(Omid,_Aryan)",12 pianos,,Modern,,2021,Modern,,18
Wots yer flava (of consciousness)? 15,"Omid, Aryan","https://imslp.org/wiki/Wots_yer_flava_(of_consciousness)?_15_(Omid,_Aryan)",12 pianos,,Modern,,2021,Modern,,21
Wots yer flava (of consciousness)? 16,"Omid, Aryan","https://imslp.org/wiki/Wots_yer_flava_(of_consciousness)?_16_(Omid,_Aryan)",12 pianos,,Modern,,2021,Modern,,17
Wots yer flava (of consciousness)? 2,"Omid, Aryan","https://imslp.org/wiki/Wots_yer_flava_(of_consciousness)?_2_(Omid,_Aryan)",12 pianos,,Modern,,2020,Modern,,22
Wots yer flava (of consciousness)? 3,"Omid, Aryan","https://imslp.org/wiki/Wots_yer_flava_(of_consciousness)?_3_(Omid,_Aryan)",12 pianos,,Modern,,2020,Modern,,26
Wots yer flava (of consciousness)? 4,"Omid, Aryan","https://imslp.org/wiki/Wots_yer_flava_(of_consciousness)?_4_(Omid,_Aryan)",12 pianos,,Modern,,2020,Modern,,26
Wots yer flava (of consciousness)? 5,"Omid, Aryan","https://imslp.org/wiki/Wots_yer_flava_(of_consciousness)?_5_(Omid,_Aryan)",12 pianos,,Modern,,2020,Modern,,23
Wots yer flava (of consciousness)? 6,"Omid, Aryan","https://imslp.org/wiki/Wots_yer_flava_(of_consciousness)?_6_(Omid,_Aryan)",12 pianos,,Modern,,2020,Modern,,23
Wots yer flava (of consciousness)? 7,"Omid, Aryan","https://imslp.org/wiki/Wots_yer_flava_(of_consciousness)?_7_(Omid,_Aryan)",12 pianos,,Modern,,2020,Modern,,19
Wots yer flava (of consciousness)? 8,"Omid, Aryan","https://imslp.org/wiki/Wots_yer_flava_(of_consciousness)?_8_(Omid,_Aryan)",12 pianos,,Modern,,2020,Modern,,18
Wots yer flava (of consciousness)? 9,"Omid, Aryan","https://imslp.org/wiki/Wots_yer_flava_(of_consciousness)?_9_(Omid,_Aryan)",12 pianos,,Modern,,2020,Modern,,21
Wou'd I ne'er had seen thee,"Stevenson, John","https://imslp.org/wiki/Wou'd_I_ne'er_had_seen_thee_(Stevenson,_John)","voice, piano",,Classical,,,Classical,,23
Would I Were With Thee,"Crouch, Frederick William Nicholls","https://imslp.org/wiki/Would_I_Were_With_Thee_(Crouch,_Frederick_William_Nicholls)","Voice, piano",D major,Romantic,,,Romantic,,120
Would I Were with Thee,"Bosetti, Carlo","https://imslp.org/wiki/Would_I_Were_with_Thee_(Bosetti,_Carlo)","voice, piano",F major,Romantic,,,Romantic,,9
Would I Were with Thee,"Pinkney, H.","https://imslp.org/wiki/Would_I_Were_with_Thee_(Pinkney,_H.)","voice, piano",E-flat major,Romantic,,,Romantic,,7
Would We'd Never Met,"Basvecchi, P. O.","https://imslp.org/wiki/Would_We'd_Never_Met_(Basvecchi,_P._O.)","voice, piano",F major,Romantic,,,Romantic,,18
Would You Answer Yes or No?,"Pratt, Charles E.","https://imslp.org/wiki/Would_You_Answer_Yes_or_No?_(Pratt,_Charles_E.)","voice, piano",E-flat major,Romantic,,,Romantic,2 minutes,10
Would You Care?,"Harris, Charles Kassell","https://imslp.org/wiki/Would_You_Care?_(Harris,_Charles_Kassell)","voice, piano",A-flat major,Early 20th century,,,Romantic,,16
Would You I the Thing Discover,"Babell, William","https://imslp.org/wiki/Would_You_I_the_Thing_Discover_(Babell,_William)","voice, continuo",,Baroque,,,Baroque,,1384
"Would You Know How We Meet, Z.290","Purcell, Henry","https://imslp.org/wiki/Would_You_Know_How_We_Meet,_Z.290_(Purcell,_Henry)",3 voices,D major,Baroque,,1685,Baroque,,17
Would You Leave Me to Mourn,"Barker, George Arthur","https://imslp.org/wiki/Would_You_Leave_Me_to_Mourn_(Barker,_George_Arthur)",voice and piano?,A major,Romantic,,,Romantic,,85
Would You Leave Me to Mourn,"Barker, George","https://imslp.org/wiki/Would_You_Leave_Me_to_Mourn_(Barker,_George)",voice and piano?,A major,Romantic,,,Romantic,,85
Would You Like To Take A Walk,"Warren, Harry","https://imslp.org/wiki/Would_You_Like_To_Take_A_Walk_(Warren,_Harry)","voice, piano",E-flat major,Early 20th century,,1930,Early 20th century,3 minutes,10
Would You Rather Be a Colonel with an Eagle on Your Shoulder,"Gottler, Archie","https://imslp.org/wiki/Would_You_Rather_Be_a_Colonel_with_an_Eagle_on_Your_Shoulder_(Gottler,_Archie)","voice, piano",C major,Early 20th century,,,Early 20th century,,5
Would You Remember Me!,S.D.S.,https://imslp.org/wiki/Would_You_Remember_Me!_(S.D.S.),"voice, piano",A major,Classical,,,Romantic,,6
Would You Take Me Back Again?,"Solman, Alfred","https://imslp.org/wiki/Would_You_Take_Me_Back_Again?_(Solman,_Alfred)","voice, piano",G major,Early 20th century,,,Early 20th century,,10
Would You be True?,"Clark, Cuthbert Edward","https://imslp.org/wiki/Would_You_be_True?_(Clark,_Cuthbert_Edward)","voice, piano",B-flat major,Romantic,,,Early 20th century,,14
Would You if You Could,"Spencer, Herbert","https://imslp.org/wiki/Would_You_if_You_Could_(Spencer,_Herbert)","voice, piano",E-flat major,Early 20th century,,,Early 20th century,,6
Would You?,"Lloyd, Evans","https://imslp.org/wiki/Would_You?_(Lloyd,_Evans)","voice, piano",F major,Early 20th century,,,Early 20th century,,7
Would You?,"McConnell, George Burnham","https://imslp.org/wiki/Would_You?_(McConnell,_George_Burnham)","voice, piano",B-flat major,Early 20th century,,,Early 20th century,,10
Would You?,"Schleiffarth, George","https://imslp.org/wiki/Would_You?_(Schleiffarth,_George)",Voice (low voice?) and piano,C major,Romantic,,,Romantic,,47
Would you Paint All the Colored People White?,"Dauphin, Walter","https://imslp.org/wiki/Would_you_Paint_All_the_Colored_People_White?_(Dauphin,_Walter)","voice, piano",A major,Romantic,,,Romantic,,11
Wouldn't You Like to Know,"Sawyer, Harry N.","https://imslp.org/wiki/Wouldn't_You_Like_to_Know_(Sawyer,_Harry_N.)","Voice, piano",F major,Romantic,,,Romantic,,46
Wouldn't You Like to Know?,"Hutchinson, John Wallace","https://imslp.org/wiki/Wouldn't_You_Like_to_Know?_(Hutchinson,_John_Wallace)","voice, piano",A major,Romantic,,,Romantic,,11
Wow,"Tonoli, Giampietro","https://imslp.org/wiki/Wow_(Tonoli,_Giampietro)",pianoforte,,Modern,,,Classical,,245
Wow!,"Baxter, Ted","https://imslp.org/wiki/Wow!_(Baxter,_Ted)","voice, piano",C major,Early 20th century,,,Early 20th century,,13
Wowee Wozee,"Drehmer, Earl Richard","https://imslp.org/wiki/Wowee_Wozee_(Drehmer,_Earl_Richard)","keyboard (sampled mouth sounds): whistle hum, whistle sustained, voice sustained",,Modern,,1990 ca.,Modern,3.3 minutes,19
Wowzers,"Simpson, Cameron Lee","https://imslp.org/wiki/Wowzers_(Simpson,_Cameron_Lee)",piano,G major,Jazz,,2022,Modern,2 minutes,48
Woyzeck,"Merino Martínez, Aitor","https://imslp.org/wiki/Woyzeck_(Merino_Martínez,_Aitor)","flute, clarinet, piano, string quartet (2 violins, viola, cello)",,Modern,,2013,Modern,5 minutes,228
"Wozu der Vöglein Chöre, MWV J 6","Mendelssohn, Felix","https://imslp.org/wiki/Wozu_der_Vöglein_Chöre,_MWV_J_6_(Mendelssohn,_Felix)","2 sopranos, piano",,Romantic,,1836-1847,Romantic,,7312
"Wozzeck, Op.7","Berg, Alban","https://imslp.org/wiki/Wozzeck,_Op.7_(Berg,_Alban)","voices, chorus, orchestra",Atonal,Early 20th century,,1914-1922,Early 20th century,"1 hour, 30 minutes",16710
"Wozzeck, canto estremo, Marginalia No.164","Caldini, Fulvio","https://imslp.org/wiki/Wozzeck,_canto_estremo,_Marginalia_No.164_(Caldini,_Fulvio)",tuba,,Modern,,2023,Modern,3:15 minutes,289
"Wołanie, Op.78","Wydżga, Jan Tomasz","https://imslp.org/wiki/Wołanie,_Op.78_(Wydżga,_Jan_Tomasz)","voice, piano",F major,Early 20th century,,,Romantic,,6
WrINger,"Bohn, James","https://imslp.org/wiki/WrINger_(Bohn,_James)",9 toy pianos,,Modern,,2002,Modern,1 minutes,47
Wrap Me in a Bundle,"Van Alstyne, Egbert","https://imslp.org/wiki/Wrap_Me_in_a_Bundle_(Van_Alstyne,_Egbert)","voice, piano",E-flat major,Early 20th century,,,Early 20th century,,46
Wrap Me up in My Tarpaulin Jacket,"Symons, Ernest J.","https://imslp.org/wiki/Wrap_Me_up_in_My_Tarpaulin_Jacket_(Symons,_Ernest_J.)",Voice and piano,C major,Traditional,,,Romantic,,246
Wreath of Leaves,"Yatsevich, Yuri","https://imslp.org/wiki/Wreath_of_Leaves_(Yatsevich,_Yuri)",piano,,Romantic,,,Early 20th century,,82
Wreath of Roses,"Grady, Richard G.","https://imslp.org/wiki/Wreath_of_Roses_(Grady,_Richard_G.)",piano,F major,Early 20th century,,,Early 20th century,,12
Write Me a Letter From Home,"Hays, William Shakespeare","https://imslp.org/wiki/Write_Me_a_Letter_From_Home_(Hays,_William_Shakespeare)","solo voice, SSTB chorus, piano",B-flat major,Romantic,,,Romantic,,79
Write to Me Often,"Hays, William Shakespeare","https://imslp.org/wiki/Write_to_Me_Often_(Hays,_William_Shakespeare)","voice, mixed chorus (SATB), piano",F major,Romantic,,,Romantic,8 minutes,37
Write to Me over the Water,"Tucker, Henry L.","https://imslp.org/wiki/Write_to_Me_over_the_Water_(Tucker,_Henry_L.)","voice, mixed chorus (SATB), piano",A major,Romantic,,,Romantic,3-4 minutes,91
Writing a Chorale in the Style of Christoph Graupner,"Kram, Richard","https://imslp.org/wiki/Writing_a_Chorale_in_the_Style_of_Christoph_Graupner_(Kram,_Richard)","SATB voices, 2 oboes, strings, continuo",C minor,Baroque,,2013,Modern,2 minutes,1468
Wrong World,Colonel666,https://imslp.org/wiki/Wrong_World_(Colonel666),"Vocal, electric guitar, drums.",,Modern,,2018,,3:39 minutes,0
"Wspomnienia Ostendy, Op.14","Lubomirski, Kazimierz","https://imslp.org/wiki/Wspomnienia_Ostendy,_Op.14_(Lubomirski,_Kazimierz)","voice, piano",,Romantic,,,Romantic,,6
Wspomnienia karnawału,"Stefani, Józef","https://imslp.org/wiki/Wspomnienia_karnawału_(Stefani,_Józef)","piano ; voice, piano (No.8)",,Romantic,,,Romantic,,14
"Wspomnienia z Kołomyi, Op.152","Wroński, Adam","https://imslp.org/wiki/Wspomnienia_z_Kołomyi,_Op.152_(Wroński,_Adam)",piano,,Romantic,,,Romantic,,13
Wspomnienie,"Komorowski, Ignacy Marceli","https://imslp.org/wiki/Wspomnienie_(Komorowski,_Ignacy_Marceli)","voice, piano",E major,Romantic,,,Romantic,,7
Wspomnienie,"Münchheimer, Adam","https://imslp.org/wiki/Wspomnienie_(Münchheimer,_Adam)","voice, piano",D minor,Romantic,,,Romantic,,5
Wspomnienie,"Sierosławski, Józef","https://imslp.org/wiki/Wspomnienie_(Sierosławski,_Józef)",piano,E-flat major,Romantic,,,Romantic,,25
Wspomnienie,"Tatarkiewicz, Jan Kazimierz","https://imslp.org/wiki/Wspomnienie_(Tatarkiewicz,_Jan_Kazimierz)",piano,F minor,Romantic,,,Romantic,,4
Wspomnienie Doliny Szwajcarskiej,"Łodwigowski, Edward Stefan","https://imslp.org/wiki/Wspomnienie_Doliny_Szwajcarskiej_(Łodwigowski,_Edward_Stefan)",orchestra,,Romantic,,,Romantic,,9
Wspomnienie Kaźmierzy,"Lewandowski, Leopold","https://imslp.org/wiki/Wspomnienie_Kaźmierzy_(Lewandowski,_Leopold)",piano,D major,Romantic,,,Romantic,,17
"Wspomnienie Litwy, Op.7","Modzelewski, Michał","https://imslp.org/wiki/Wspomnienie_Litwy,_Op.7_(Modzelewski,_Michał)",orchestra,"D major (begins in G major, has also a section in D minor)",Romantic,,1850 ca.,Romantic,,6
"Wspomnienie Warszawy, Op.46","Lubomirski, Kazimierz","https://imslp.org/wiki/Wspomnienie_Warszawy,_Op.46_(Lubomirski,_Kazimierz)",piano,,Romantic,,,Romantic,,53
Wspomnienie o Lublinie,"Chmielewski, Andrzej","https://imslp.org/wiki/Wspomnienie_o_Lublinie_(Chmielewski,_Andrzej)",Piano solo,G major,Romantic,,2011,Modern,4 minutes,160
"Wspomnienie wieczorne, Op.8","Einert, Teodor","https://imslp.org/wiki/Wspomnienie_wieczorne,_Op.8_(Einert,_Teodor)",piano,B-flat minor,Romantic,,,Romantic,,11
Wspomnienie z Krynicy,"Wroński, Adam","https://imslp.org/wiki/Wspomnienie_z_Krynicy_(Wroński,_Adam)",piano,D major,Romantic,,,Romantic,,10
"Wspomnienie z Radziejowic, Op.35","Lubomirski, Kazimierz","https://imslp.org/wiki/Wspomnienie_z_Radziejowic,_Op.35_(Lubomirski,_Kazimierz)",piano,F major,Romantic,,,Romantic,,19
"Wspomnienie śp. Ignacego Komorowskiego, Op.1","Roguski, Gustaw","https://imslp.org/wiki/Wspomnienie_śp._Ignacego_Komorowskiego,_Op.1_(Roguski,_Gustaw)","voice, piano",A minor,Romantic,,,Romantic,,7
"Wspomnienie, Op.1","Łukasiewicz, Stanisław","https://imslp.org/wiki/Wspomnienie,_Op.1_(Łukasiewicz,_Stanisław)",piano,D minor,Early 20th century,,,Early 20th century,,20
"Wspomnienie, Op.5","Wydżga, Jan Tomasz","https://imslp.org/wiki/Wspomnienie,_Op.5_(Wydżga,_Jan_Tomasz)","voice, piano",F minor,Early 20th century,,,Romantic,,5
Wsystkie sie pola zazieleniły,"Kowalewski, Jakub","https://imslp.org/wiki/Wsystkie_sie_pola_zazieleniły_(Kowalewski,_Jakub)",Mixed chorus (SATB),,Modern,,,Modern,,498
"Wszelki naród, wszelkie plemię","Kramarz, Mariusz","https://imslp.org/wiki/Wszelki_naród,_wszelkie_plemię_(Kramarz,_Mariusz)",mixed chorus (SATB),E-flat major,Modern,,2022,Modern,,40
"Wszystkie pary, Op.94","Wroński, Adam","https://imslp.org/wiki/Wszystkie_pary,_Op.94_(Wroński,_Adam)",piano,,Romantic,,,Romantic,,11
"Wszystko mi jedno, Op.31","Sokołowski, Marian","https://imslp.org/wiki/Wszystko_mi_jedno,_Op.31_(Sokołowski,_Marian)","voice, piano",,Romantic,,,Romantic,,10
Wud u like bag wiv dat? 1,"Omid, Aryan","https://imslp.org/wiki/Wud_u_like_bag_wiv_dat?_1_(Omid,_Aryan)","any number of play-ers or as many play-ers as possible or 246 play-ers, each with 1 leaf",,Modern,,2020,Modern,,28
Wud u like bag wiv dat? 10,"Omid, Aryan","https://imslp.org/wiki/Wud_u_like_bag_wiv_dat?_10_(Omid,_Aryan)","any number of play-ers or as many play-ers as possible or 596 play-ers, each with 1 leaf",,Modern,,2020,Modern,,18
Wud u like bag wiv dat? 11,"Omid, Aryan","https://imslp.org/wiki/Wud_u_like_bag_wiv_dat?_11_(Omid,_Aryan)","any number of play-ers or as many play-ers as possible or 990 play-ers, each with 1 leaf",,Modern,,2020,Modern,,20
Wud u like bag wiv dat? 12,"Omid, Aryan","https://imslp.org/wiki/Wud_u_like_bag_wiv_dat?_12_(Omid,_Aryan)","any number of play-ers or as many play-ers as possible or 709 play-ers, each with 2-10 leaves",,Modern,,2020,Modern,,20
Wud u like bag wiv dat? 13,"Omid, Aryan","https://imslp.org/wiki/Wud_u_like_bag_wiv_dat?_13_(Omid,_Aryan)","any number of play-ers or as many play-ers as possible or 384 play-ers, each with 2-10 leaves",,Modern,,2020,Modern,,19
Wud u like bag wiv dat? 14,"Omid, Aryan","https://imslp.org/wiki/Wud_u_like_bag_wiv_dat?_14_(Omid,_Aryan)","any number of play-ers or as many play-ers as possible or 237 play-ers, each with 2-10 leaves",,Modern,,2020,Modern,,20
Wud u like bag wiv dat? 15,"Omid, Aryan","https://imslp.org/wiki/Wud_u_like_bag_wiv_dat?_15_(Omid,_Aryan)","any number of play-ers or as many play-ers as possible or 361 play-ers, each with 2-10 leaves",,Modern,,2020,Modern,,23
Wud u like bag wiv dat? 2,"Omid, Aryan","https://imslp.org/wiki/Wud_u_like_bag_wiv_dat?_2_(Omid,_Aryan)","any number of play-ers or as many play-ers as possible or 424 play-ers, each with 2-10 leaves",,Modern,,2020,Modern,,26
Wud u like bag wiv dat? 3,"Omid, Aryan","https://imslp.org/wiki/Wud_u_like_bag_wiv_dat?_3_(Omid,_Aryan)","any number of play-ers or as many play-ers as possible or 757 play-ers, each with 2-10 leaves",,Modern,,2020,Modern,,28
Wud u like bag wiv dat? 4,"Omid, Aryan","https://imslp.org/wiki/Wud_u_like_bag_wiv_dat?_4_(Omid,_Aryan)","any number of play-ers or as many play-ers as possible or 837 play-ers, each with 1 leaf",,Modern,,2020,Modern,,23
Wud u like bag wiv dat? 5,"Omid, Aryan","https://imslp.org/wiki/Wud_u_like_bag_wiv_dat?_5_(Omid,_Aryan)","any number of play-ers or as many play-ers as possible or 797 play-ers, each with 1 leaf",,Modern,,2020,Modern,,23
Wud u like bag wiv dat? 6,"Omid, Aryan","https://imslp.org/wiki/Wud_u_like_bag_wiv_dat?_6_(Omid,_Aryan)","any number of play-ers or as many play-ers as possible or 633 play-ers, each with 2-10 leaves",,Modern,,2020,Modern,,23
Wud u like bag wiv dat? 7,"Omid, Aryan","https://imslp.org/wiki/Wud_u_like_bag_wiv_dat?_7_(Omid,_Aryan)","any number of play-ers or as many play-ers as possible or 303 play-ers, each with 2-10 leaves",,Modern,,2020,Modern,,21
Wud u like bag wiv dat? 8,"Omid, Aryan","https://imslp.org/wiki/Wud_u_like_bag_wiv_dat?_8_(Omid,_Aryan)","any number of play-ers or as many play-ers as possible or 434 play-ers, each with 2-10 leaves",,Modern,,2020,Modern,,22
Wud u like bag wiv dat? 9,"Omid, Aryan","https://imslp.org/wiki/Wud_u_like_bag_wiv_dat?_9_(Omid,_Aryan)","any number of play-ers or as many play-ers as possible or 851 play-ers, each with 2-10 leaves",,Modern,,2020,Modern,,26
Wud u like handbag? 1,"Omid, Aryan","https://imslp.org/wiki/Wud_u_like_handbag?_1_(Omid,_Aryan)","any number of play-ers or as many play-ers as possible or 167 play-ers, each with 1 plastic shopping bag and enough rice (uncooked)",,Modern,,2020,Modern,,26
Wud u like handbag? 2,"Omid, Aryan","https://imslp.org/wiki/Wud_u_like_handbag?_2_(Omid,_Aryan)","any number of play-ers or as many play-ers as possible or 784 play-ers, each with 1 plastic shopping bag and enough rice (uncooked)",,Modern,,2020,Modern,,18
Wud u like handbag? 3,"Omid, Aryan","https://imslp.org/wiki/Wud_u_like_handbag?_3_(Omid,_Aryan)","any number of play-ers or as many play-ers as possible or 662 play-ers, each with 1 plastic shopping bag and enough rice (uncooked)",,Modern,,2020,Modern,,28
Wud u like handbag? 4,"Omid, Aryan","https://imslp.org/wiki/Wud_u_like_handbag?_4_(Omid,_Aryan)","any number of play-ers or as many play-ers as possible or 915 play-ers, each with 1 plastic shopping bag and enough rice (uncooked)",,Modern,,2020,Modern,,19
Wud u like handbag? 5,"Omid, Aryan","https://imslp.org/wiki/Wud_u_like_handbag?_5_(Omid,_Aryan)","any number of play-ers or as many play-ers as possible or 427 play-ers, each with 1 plastic shopping bag and enough rice (uncooked)",,Modern,,2020,Modern,,17
Wud u like handbag? 6,"Omid, Aryan","https://imslp.org/wiki/Wud_u_like_handbag?_6_(Omid,_Aryan)","any number of play-ers or as many play-ers as possible or 973 play-ers, each with 1 plastic shopping bag and 1 uncooked grain of rice",,Modern,,2021,Modern,,19
Wud u like handbag? 7,"Omid, Aryan","https://imslp.org/wiki/Wud_u_like_handbag?_7_(Omid,_Aryan)","any number of play-ers or as many play-ers as possible or 391 play-ers, each with 1 plastic shopping bag and 1 uncooked grain of rice",,Modern,,2021,Modern,,19
Wuhan Hornpipe,"Messerschmidt, Hans Jorgen","https://imslp.org/wiki/Wuhan_Hornpipe_(Messerschmidt,_Hans_Jorgen)",trumpet,E-flat major,Modern,,2015,Modern,1 minutes,1
Wunderbarer König,"Liardon, Gaël","https://imslp.org/wiki/Wunderbarer_König_(Liardon,_Gaël)",Organ,,Modern,,,Modern,,3206
Wunderbarer König,"Nolda, Andreas","https://imslp.org/wiki/Wunderbarer_König_(Nolda,_Andreas)",organ,F minor,Baroque,,2001,Modern,,299
Wunderbarer König,"Sothilander, Georg L.","https://imslp.org/wiki/Wunderbarer_König_(Sothilander,_Georg_L.)",mixed chorus (SATB),F major,Modern,,2023,Modern,,89
Wunderhorn,"Schjelderup, Gerhard Rosenkrone","https://imslp.org/wiki/Wunderhorn_(Schjelderup,_Gerhard_Rosenkrone)",Orchestra,,Romantic,,1889,Romantic,,306
Wunderschön himmlische Frau,"Knuth, Jürgen","https://imslp.org/wiki/Wunderschön_himmlische_Frau_(Knuth,_Jürgen)",Mixed Chorus (SATB),,Modern,,,Modern,,1544
Wundgestein,"Schleiermacher, Steffen","https://imslp.org/wiki/Wundgestein_(Schleiermacher,_Steffen)",2 pianos,,Modern,,2013 ca.,Modern,12 minutes,27
Wunsch,"Förster, Alban","https://imslp.org/wiki/Wunsch_(Förster,_Alban)","voice, piano",,Romantic,,,Romantic,,13
Wunsch,"Olsen, Ole","https://imslp.org/wiki/Wunsch_(Olsen,_Ole)","voice, piano",E-flat major,Romantic,,,Romantic,,14
Wunsch,"Randhartinger, Benedict","https://imslp.org/wiki/Wunsch_(Randhartinger,_Benedict)","voice, piano",F major,Romantic,,1867,Romantic,1.5 minutes,29
"Wunsch und Entsagung, G.182","Gerson, Georg","https://imslp.org/wiki/Wunsch_und_Entsagung,_G.182_(Gerson,_Georg)","voice, piano",D minor,Romantic,,1821-12-03,Romantic,,281
"Wunschgebet, Op.202","Salbert, Dieter","https://imslp.org/wiki/Wunschgebet,_Op.202_(Salbert,_Dieter)","clarinet, organ",,Modern,,1991,Modern,12 minutes,285
Wuthering Heights,"Ferrari, Carlotta","https://imslp.org/wiki/Wuthering_Heights_(Ferrari,_Carlotta)",organ,,Modern,,2022,Modern,,209
Wuttanz,"Podder, Shombit Kumar","https://imslp.org/wiki/Wuttanz_(Podder,_Shombit_Kumar)","violin, piano",,Non-western classical,,,Modern,10 minutes,146
Wuxi Hornpipe,"Messerschmidt, Hans Jorgen","https://imslp.org/wiki/Wuxi_Hornpipe_(Messerschmidt,_Hans_Jorgen)",trumpet,G major,Modern,,2015,Modern,1 minutes,2
Wuyishan City Hornpipe,"Messerschmidt, Hans Jorgen","https://imslp.org/wiki/Wuyishan_City_Hornpipe_(Messerschmidt,_Hans_Jorgen)",trumpet,B-flat major,Modern,,2015,Modern,1 minutes,2
Wuyoola-keiranoonga,"Rigley, Brennen","https://imslp.org/wiki/Wuyoola-keiranoonga_(Rigley,_Brennen)",piano,,Modern,,2022,Modern,,10
Wuzhishan High Hornpipe,"Messerschmidt, Hans Jorgen","https://imslp.org/wiki/Wuzhishan_High_Hornpipe_(Messerschmidt,_Hans_Jorgen)",trumpet,E-flat major,Modern,,2015,Modern,1 minutes,2
Wy Önskom wår monark,"Düben, Anders von","https://imslp.org/wiki/Wy_Önskom_wår_monark_(Düben,_Anders_von)","soprano, 2 flutes or violins, continuo (see below)",,Baroque,,1701 (presumably),Baroque,,54
Wybòr Utworòw,"Michałowski, Aleksander","https://imslp.org/wiki/Wybòr_Utworòw_(Michałowski,_Aleksander)",piano,,Early 20th century,,,Romantic,,0
Wybór Utworów,"Statkowski, Roman","https://imslp.org/wiki/Wybór_Utworów_(Statkowski,_Roman)",piano,,Romantic,,,Romantic,,0
Wybór piosnek polskich,"Moniuszko, Stanisław","https://imslp.org/wiki/Wybór_piosnek_polskich_(Moniuszko,_Stanisław)","voice, piano",,Romantic,,,Romantic,,10
Wybór pięknych dzieł muzycznych y pieśni polskich,"Elsner, Józef","https://imslp.org/wiki/Wybór_pięknych_dzieł_muzycznych_y_pieśni_polskich_(Elsner,_Józef)","keyboard ; voice, keyboard ; guitar",,Classical,,,Romantic,,1051
Wybór śpiewów polskich,"Nowakowski, Józef","https://imslp.org/wiki/Wybór_śpiewów_polskich_(Nowakowski,_Józef)","voice, piano",,Romantic,,,Romantic,,19
Wydanie Narodowe Dzieł Fryderyka Chopina,"Chopin, Frédéric","https://imslp.org/wiki/Wydanie_Narodowe_Dzieł_Fryderyka_Chopina_(Chopin,_Frédéric)","piano (mostly – a few volumes are for 4-hands, 2 pianos or chamber forces)",,Romantic,,,Romantic,,0
"Wyeth's Repository of Sacred Music, Part I",Various,"https://imslp.org/wiki/Wyeth's_Repository_of_Sacred_Music,_Part_I_(Various)","3 voices, 4 voices",,Classical,,,,,1227
"Wyeth's Repository of Sacred Music, Part II",Various,"https://imslp.org/wiki/Wyeth's_Repository_of_Sacred_Music,_Part_II_(Various)",2-4 voice chorus (1 piece with optional treble & bass instrumental interludes),,Traditional (folk),,,,,104
Wykład systematyczny zasad muzyki na klawikord,"Kurpiński, Karol","https://imslp.org/wiki/Wykład_systematyczny_zasad_muzyki_na_klawikord_(Kurpiński,_Karol)",clavichord,,Classical,,,Romantic,,71
"Wynken, Blynken and Nod, Op.9","Nevin, Ethelbert","https://imslp.org/wiki/Wynken,_Blynken_and_Nod,_Op.9_(Nevin,_Ethelbert)","mixed chorus (with solo voice), 2 pianos",A-flat major,Romantic,,,Romantic,,22
Wyoming Lullaby,"Wright, Lawrence","https://imslp.org/wiki/Wyoming_Lullaby_(Wright,_Lawrence)","voice, piano",,Romantic,,,Early 20th century,,18
Wyoming March,"Baur, Albert","https://imslp.org/wiki/Wyoming_March_(Baur,_Albert)",banjo,,Romantic,,,Romantic,,8
Wyoming Memories,"Alejandre Prada, Manuel","https://imslp.org/wiki/Wyoming_Memories_(Alejandre_Prada,_Manuel)",Orchestra,,Modern,,2022,Modern,10 minutes,31
Wyoming Waltz,"Winner, Septimus","https://imslp.org/wiki/Wyoming_Waltz_(Winner,_Septimus)",piano,G major,Romantic,,,Romantic,2 minutes,36
Wyrwas kujawiak,"Łodwigowski, Edward Stefan","https://imslp.org/wiki/Wyrwas_kujawiak_(Łodwigowski,_Edward_Stefan)",piano,C major,Romantic,,,Romantic,,17
Wysłuchaj mnie,"Krogulski, Józef Władysław","https://imslp.org/wiki/Wysłuchaj_mnie_(Krogulski,_Józef_Władysław)","voice, piano",G major,Romantic,,,Romantic,,4
Wyznanie,"Mikulski, Tytus","https://imslp.org/wiki/Wyznanie_(Mikulski,_Tytus)","voice, piano",G major,Romantic,,,Romantic,,7
"Wyznanie, Op.17","Wydżga, Jan Tomasz","https://imslp.org/wiki/Wyznanie,_Op.17_(Wydżga,_Jan_Tomasz)","voice, piano",G major,Early 20th century,,,Romantic,,4
Wyzwolony,"Wieniawski, Adam Tadeusz","https://imslp.org/wiki/Wyzwolony_(Wieniawski,_Adam_Tadeusz)","voices, chorus?, orchestra",,Early 20th century,,,Early 20th century,,16
"Wznieś się orle, Op.47","Żukowski, Otton Mieczysław","https://imslp.org/wiki/Wznieś_się_orle,_Op.47_(Żukowski,_Otton_Mieczysław)","male chorus, piano ( ad lib. )",,Early 20th century,,,Romantic,,9
Wächterlied,"Reznicek, Emil von","https://imslp.org/wiki/Wächterlied_(Reznicek,_Emil_von)","Voice, Piano",,Early 20th century,,1930,Romantic,,0
"Wächterlied aus der Neujahrsnacht 1200, Op.7","Gernsheim, Friedrich","https://imslp.org/wiki/Wächterlied_aus_der_Neujahrsnacht_1200,_Op.7_(Gernsheim,_Friedrich)","male chorus (TTBB), orchestra",,Romantic,,,Romantic,,28
"Wänn i dr Guet ha, Op.36 No.5","Wehrli, Werner","https://imslp.org/wiki/Wänn_i_dr_Guet_ha,_Op.36_No.5_(Wehrli,_Werner)",female choir or children's choir a cappella,E-flat major,Early 20th century,,1933,Early 20th century,,28
Wär Gott nicht mit uns diese Zeit,"Beyer, Johann Samuel","https://imslp.org/wiki/Wär_Gott_nicht_mit_uns_diese_Zeit_(Beyer,_Johann_Samuel)",organ,E minor,Baroque,,,Baroque,,47
Wär Gott nicht mit uns diese Zeit,"Hanff, Johann Nicolaus","https://imslp.org/wiki/Wär_Gott_nicht_mit_uns_diese_Zeit_(Hanff,_Johann_Nicolaus)",organ,A minor,Baroque,,,Baroque,,737
Wär Gott nicht mit uns diese Zeit,"Scheidemann, Heinrich","https://imslp.org/wiki/Wär_Gott_nicht_mit_uns_diese_Zeit_(Scheidemann,_Heinrich)",organ,,Baroque,,,Baroque,,0
"Wär Gott nicht mit uns diese Zeit, BWV 14","Bach, Johann Sebastian","https://imslp.org/wiki/Wär_Gott_nicht_mit_uns_diese_Zeit,_BWV_14_(Bach,_Johann_Sebastian)","soprano, tenor, bass; mixed chorus (SATB), orchestra",G minor,Baroque,,1735 in Leipzig,Baroque,18 minutes,11283
"Wär Gott nicht mit uns diese Zeit, BWV 257","Bach, Johann Sebastian","https://imslp.org/wiki/Wär_Gott_nicht_mit_uns_diese_Zeit,_BWV_257_(Bach,_Johann_Sebastian)",mixed chorus (SATB),A minor,Baroque,,1725 or before,Baroque,,0
"Wär Gott nicht mit uns diese Zeit, BuxWV 222","Buxtehude, Dietrich","https://imslp.org/wiki/Wär_Gott_nicht_mit_uns_diese_Zeit,_BuxWV_222_(Buxtehude,_Dietrich)",organ,A minor,Baroque,,,Baroque,,769
"Wär Gott nicht mit uns diese Zeit, R.182","Simpson, Daniel Léo","https://imslp.org/wiki/Wär_Gott_nicht_mit_uns_diese_Zeit,_R.182_(Simpson,_Daniel_Léo)",keyboard (arranged),G minor,Classical,,2018-02,Modern,1 minute,102
Wär ich doch nur bei der Mutti geblieben,"Menkveld, Jan Willem","https://imslp.org/wiki/Wär_ich_doch_nur_bei_der_Mutti_geblieben_(Menkveld,_Jan_Willem)",violin,D major,Traditional (folk),,2019,Modern,3 minutes,78
"Wär ich doch nur bei der Mutti geblieben, Op.29 No.10","Menkveld, Jan Willem","https://imslp.org/wiki/Wär_ich_doch_nur_bei_der_Mutti_geblieben,_Op.29_No.10_(Menkveld,_Jan_Willem)",violin,D major,Traditional (folk),,2019,Modern,3 minutes,78
Wär ich ein Edelstein,"Jentsch, Max","https://imslp.org/wiki/Wär_ich_ein_Edelstein_(Jentsch,_Max)","middle voice, piano",E-flat major,Romantic,,,Romantic,,3
Wär ich ein Stern!,"Kittl, Jan Bedřich","https://imslp.org/wiki/Wär_ich_ein_Stern!_(Kittl,_Jan_Bedřich)","voice, piano",G major,Romantic,,,Romantic,,10
Wär' Gott nicht mit uns diese Zeit,"Resinarius, Balthasar","https://imslp.org/wiki/Wär'_Gott_nicht_mit_uns_diese_Zeit_(Resinarius,_Balthasar)",Mixed Chorus (SATB),,Renaissance,,,Renaissance,,333
"Wär' Gott nicht mit uns diese Zeit, GWV 1137/30","Graupner, Christoph","https://imslp.org/wiki/Wär'_Gott_nicht_mit_uns_diese_Zeit,_GWV_1137/30_(Graupner,_Christoph)","SATB, strings, continuo",G major,Baroque,,1730,Baroque,,142
"Wär' Gott nicht mit uns diese Zeit, GWV 1137/38","Graupner, Christoph","https://imslp.org/wiki/Wär'_Gott_nicht_mit_uns_diese_Zeit,_GWV_1137/38_(Graupner,_Christoph)","soprano, alto, tenor, 2 basses, strings, continuo",G minor,Baroque,,1738,Baroque,,116
"Wär's dunkel, ich läg im Walde","Hausegger, Siegmund von","https://imslp.org/wiki/Wär's_dunkel,_ich_läg_im_Walde_(Hausegger,_Siegmund_von)","voice, piano",G-flat major,Romantic,,,Romantic,,17
Wår broder Kiär,"Lidner, Bengt","https://imslp.org/wiki/Wår_broder_Kiär_(Lidner,_Bengt)","Soprano Voice, 2 Violins or 2 Oboes, Continuo",,Baroque,,,Baroque,,622
Wèn Shì Jiān Qíng Shì Hé Wù,"Wong, Fu Tong","https://imslp.org/wiki/Wèn_Shì_Jiān_Qíng_Shì_Hé_Wù_(Wong,_Fu_Tong)","voice, piano",,Non-western classical,,,Modern,,26
Wéga,"Céré, Richard","https://imslp.org/wiki/Wéga_(Céré,_Richard)",piano,F major,Romantic,,,Romantic,,14
Wéi méng Mamm nach huet gesponnen,"Lentz, Edmond","https://imslp.org/wiki/Wéi_méng_Mamm_nach_huet_gesponnen_(Lentz,_Edmond)","voice, piano",F-sharp minor,Romantic,,,Romantic,,0
"Wëllkomm, mein Hémechland","Menager, Laurent","https://imslp.org/wiki/Wëllkomm,_mein_Hémechland_(Menager,_Laurent)","Wind Band: piccolo, clarinet (E ♭ ), clarinet (B ♭ ), horn (E ♭ ), alto horn, cornet, trumpet (E ♭ ), piccolo flugelhorn (E ♭ ), flugelhorn (E ♭ ), trombone, bombardon (E ♭ ), tuba, snare drum, bass drum",,Romantic,,,Romantic,,11
"Wëllkomm, mäin Heemechtsland","Menager, Laurent","https://imslp.org/wiki/Wëllkomm,_mäin_Heemechtsland_(Menager,_Laurent)",,,,,,,,0
"Wünschet Jerusalem Glück, BWV 1139","Bach, Johann Sebastian","https://imslp.org/wiki/Wünschet_Jerusalem_Glück,_BWV_1139_(Bach,_Johann_Sebastian)",unknown,,Baroque,,1726-28?,Baroque,,573
"Wünschet Jerusalem Glück, NesF A75","Freislich, Johann Balthasar Christian","https://imslp.org/wiki/Wünschet_Jerusalem_Glück,_NesF_A75_(Freislich,_Johann_Balthasar_Christian)","Vocal - Soloists (SB), Chorus I (SATB), Chorus II Orchestra I - oboe, 2 trumpets, timpani, strings, continuo Orchestra II - oboe, strings, continuo",D major,Baroque,,1760,Baroque,,105
"Wünschet Jerusalem Glück, NesF A75","Freisslich, Johann Balthasar Christian","https://imslp.org/wiki/Wünschet_Jerusalem_Glück,_NesF_A75_(Freisslich,_Johann_Balthasar_Christian)","Vocal - Soloists (SB), Chorus I (SATB), Chorus II Orchestra I - oboe, 2 trumpets, timpani, strings, continuo Orchestra II - oboe, strings, continuo",D major,Baroque,,1760,Baroque,,105
"Wünschet Jerusalem Glück, TWV 1:1726","Telemann, Georg Philipp","https://imslp.org/wiki/Wünschet_Jerusalem_Glück,_TWV_1:1726_(Telemann,_Georg_Philipp)","soprano, alto, tenor, bass, orchestra",F major,Baroque,,1716,Baroque,,666
Württembergisches Vaterlandslied,"Lindpaintner, Peter Joseph von","https://imslp.org/wiki/Württembergisches_Vaterlandslied_(Lindpaintner,_Peter_Joseph_von)",Open,,Romantic,,,Romantic,,312
Würzburger Favoritwalzer,"Küffner, Joseph","https://imslp.org/wiki/Würzburger_Favoritwalzer_(Küffner,_Joseph)",piano,G major,Classical,,,Classical,,21
Wēi Xìao,"Wong, Fu Tong","https://imslp.org/wiki/Wēi_Xìao_(Wong,_Fu_Tong)",,,Non-western classical,,,Modern,,0
"Wędrowna ptaszyna, ISM 90","Moniuszko, Stanisław","https://imslp.org/wiki/Wędrowna_ptaszyna,_ISM_90_(Moniuszko,_Stanisław)","voice, piano",F minor,Romantic,,,Romantic,,8
"Wędrowna ptaszyna, ISM 92","Moniuszko, Stanisław","https://imslp.org/wiki/Wędrowna_ptaszyna,_ISM_92_(Moniuszko,_Stanisław)","voice, piano",A major,Romantic,,,Romantic,,7
"Wędrowny grajek, Op.18","Noskowski, Zygmunt","https://imslp.org/wiki/Wędrowny_grajek,_Op.18_(Noskowski,_Zygmunt)","mixed chorus (SATB), piano 4-hands",,Romantic,,,Romantic,,13
Wěnc,"Zejler, Handrij","https://imslp.org/wiki/Wěnc_(Zejler,_Handrij)",voice,G major,Romantic,,1827 ca.,Romantic,,9
Wěnc narodnych spěwow,"Kocor, Korla Awgust","https://imslp.org/wiki/Wěnc_narodnych_spěwow_(Kocor,_Korla_Awgust)","voice, piano",,Romantic,,,Romantic,,9
Własny strój,"Moniuszko, Stanisław","https://imslp.org/wiki/Własny_strój_(Moniuszko,_Stanisław)","voice, piano",D major,Romantic,,,Romantic,,10
Wśród bomb i granatów,"Wroński, Adam","https://imslp.org/wiki/Wśród_bomb_i_granatów_(Wroński,_Adam)",piano,D major,Romantic,,,Romantic,,11
Wśród nocnej ciszy,"Kramarz, Mariusz","https://imslp.org/wiki/Wśród_nocnej_ciszy_(Kramarz,_Mariusz)",mixed chorus (SATB),B-flat major,Modern,,,Modern,,28
Wśród nocnej ciszy,"Lesniczuk, Aleksander","https://imslp.org/wiki/Wśród_nocnej_ciszy_(Lesniczuk,_Aleksander)",keyboard,A major,Traditional (folk),,2016,Modern,3 minutes,328
Wū Yè Tí,"Wong, Fu Tong","https://imslp.org/wiki/Wū_Yè_Tí_(Wong,_Fu_Tong)","Voice, Piano",,Non-western classical,,,Modern,,25
Wǒ Dé Hūa Ėr,"Wong, Fu Tong","https://imslp.org/wiki/Wǒ_Dé_Hūa_Ėr_(Wong,_Fu_Tong)","Voice, Piano",,Traditional (folk),,,Modern,,0
W’hogen baadenu,"Lewandowski, Louis","https://imslp.org/wiki/W’hogen_baadenu_(Lewandowski,_Louis)",Tenor + Organ,,Romantic,,,Romantic,,0
X - Tagged for Deletion 01,"McCartney, Alan","https://imslp.org/wiki/X_-_Tagged_for_Deletion_01_(McCartney,_Alan)",guitar,D major,Classical,,2024,Modern,2-3 minutes,37
X - Tagged for Deletion 02,"McCartney, Alan","https://imslp.org/wiki/X_-_Tagged_for_Deletion_02_(McCartney,_Alan)",guitar,D major,Classical,,2024,Modern,2-3 minutes,37
X - Tagged for Deletion 03,"McCartney, Alan","https://imslp.org/wiki/X_-_Tagged_for_Deletion_03_(McCartney,_Alan)",guitar,D major,Classical,,2024,Modern,2-3 minutes,37
X - Tagged for Deletion 04,"McCartney, Alan","https://imslp.org/wiki/X_-_Tagged_for_Deletion_04_(McCartney,_Alan)",guitar,A major,Classical,,2024,Modern,3-4 minutes,19
X - Tagged for Deletion 05,"McCartney, Alan","https://imslp.org/wiki/X_-_Tagged_for_Deletion_05_(McCartney,_Alan)",guitar,D major,Classical,,2024,Modern,2-3 minutes,37
X - Tagged for Deletion 07,"McCartney, Alan","https://imslp.org/wiki/X_-_Tagged_for_Deletion_07_(McCartney,_Alan)",guitar,D major,Classical,,2024,Modern,2-3 minutes,37
X - Tagged for Deletion 08,"McCartney, Alan","https://imslp.org/wiki/X_-_Tagged_for_Deletion_08_(McCartney,_Alan)",guitar,D major,Classical,,2024,Modern,2-3 minutes,37
X Middle School Rag,"Simpson, Cameron Lee","https://imslp.org/wiki/X_Middle_School_Rag_(Simpson,_Cameron_Lee)",piano,F major,Jazz,,2017,Modern,2 minutes,31
X Out The Ex,"Simpson, Cameron Lee","https://imslp.org/wiki/X_Out_The_Ex_(Simpson,_Cameron_Lee)",piano,E-flat major,Jazz,,2022,Modern,3-4 minutes,44
X-Factor Rag,"Simpson, Cameron Lee","https://imslp.org/wiki/X-Factor_Rag_(Simpson,_Cameron_Lee)",piano,,Jazz,,2017,Modern,5 minutes,16
"X-Polka, Op.42","Faust, Carl","https://imslp.org/wiki/X-Polka,_Op.42_(Faust,_Carl)",orchestra,F major,Romantic,,,Romantic,,18
X-Ray Fingers,"Simpson, Cameron Lee","https://imslp.org/wiki/X-Ray_Fingers_(Simpson,_Cameron_Lee)",piano,D-flat major,Jazz,,2024,Modern,2-3 minutes,21
X-Ray Hornpipe,"Messerschmidt, Hans Jorgen","https://imslp.org/wiki/X-Ray_Hornpipe_(Messerschmidt,_Hans_Jorgen)",trumpet,D major,Modern,,2015,Modern,1 minutes,3
X-cellent!,"Simpson, Cameron Lee","https://imslp.org/wiki/X-cellent!_(Simpson,_Cameron_Lee)",piano,C major,Jazz,,2026,Modern,2 minutes,10
X-mal Rembrandt,"Zádor, Eugene","https://imslp.org/wiki/X-mal_Rembrandt_(Zádor,_Eugene)","voices, mixed chorus, orchestra",,Early 20th century,,1928-29,Early 20th century,45 minutes,8
X. X.,"Silva, Benedicto Raymundo da","https://imslp.org/wiki/X._X._(Silva,_Benedicto_Raymundo_da)",piano,C minor,Early 20th century,,1916,Early 20th century,,10
X. X. X.,"Silva, Benedicto Raymundo da","https://imslp.org/wiki/X._X._X._(Silva,_Benedicto_Raymundo_da)",piano,B-flat major,Early 20th century,,1916,Early 20th century,,18
XII Idée harmoniose a tre,"Temanza, Andrea","https://imslp.org/wiki/XII_Idée_harmoniose_a_tre_(Temanza,_Andrea)","2 violons, continuo",,Baroque,,,Baroque,,26
XOh-No,"Simpson, Cameron Lee","https://imslp.org/wiki/XOh-No_(Simpson,_Cameron_Lee)",piano,E minor,Jazz,,2022,Modern,3 minutes,38
XVII and XVIII Century Italian Cembalo and Organ Music,"Bartók, Béla","https://imslp.org/wiki/XVII_and_XVIII_Century_Italian_Cembalo_and_Organ_Music_(Bartók,_Béla)",piano,see below,Romantic,,,Early 20th century,,27
XXIV. Zwölftonspiel (1946/02/01),"Hauer, Josef Matthias","https://imslp.org/wiki/XXIV._Zwölftonspiel_(1946/02/01)_(Hauer,_Josef_Matthias)",undetermined,,Early 20th century,,1946,Early 20th century,,38
Xacara va,"Viveras, Pedro de","https://imslp.org/wiki/Xacara_va_(Viveras,_Pedro_de)","SATB, continuo",,Baroque,,,Baroque,,115
"Xacara, WSC 80","Cabanilles, Juan","https://imslp.org/wiki/Xacara,_WSC_80_(Cabanilles,_Juan)",Organ,Mode I Dorian,Baroque,,,Baroque,,5232
Xanadu,"Webber, John","https://imslp.org/wiki/Xanadu_(Webber,_John)","Orchestra: piccolo, 2 flutes, 2 oboes, English horn, 2 clarinets, bass clarinet, 2 bassoons, contrabassoon 4 horns, 3 trumpets, 4 trombones, tuba timpani, medium and large tam-tams, strings",,Modern,,,Modern,28 minutes,104
Xangô,"Folk Songs, Brazilian","https://imslp.org/wiki/Xangô_(Folk_Songs,_Brazilian)",,,Traditional (folk),,,,,21
Xangô,"Nazareth, Ernesto","https://imslp.org/wiki/Xangô_(Nazareth,_Ernesto)",piano,A-flat major,Early 20th century,,1921 ca.,Early 20th century,,207
Xangô,"Pinto, Aloysio de Alencar","https://imslp.org/wiki/Xangô_(Pinto,_Aloysio_de_Alencar)","voice, guitar",D minor,Modern,,1960 ca.,Modern,,135
Xanten Hornpipe,"Messerschmidt, Hans Jorgen","https://imslp.org/wiki/Xanten_Hornpipe_(Messerschmidt,_Hans_Jorgen)",trumpet,B-flat major,Modern,,2015,Modern,1 minutes,1
Xanthippe,"Bachlund, Gary","https://imslp.org/wiki/Xanthippe_(Bachlund,_Gary)","medium voice, piano",,Modern,,2008,Modern,1 minute,98
Xarifa,"Arkwright, Frances","https://imslp.org/wiki/Xarifa_(Arkwright,_Frances)","voice, piano",C major,Classical,,,Classical,,54
Xaviera's Dark Side,"Rondeau, Michel","https://imslp.org/wiki/Xaviera's_Dark_Side_(Rondeau,_Michel)",piano,C minor,Classical,,2020,Modern,3 minutes,69
Xavière,"Dubois, Théodore","https://imslp.org/wiki/Xavière_(Dubois,_Théodore)","voices, mixed chorus (SATB), orchestra",,Romantic,,,Romantic,,554
Xayāl,"Ness, Alex","https://imslp.org/wiki/Xayāl_(Ness,_Alex)","bass flute, percussion",,Modern,,2007,Modern,6 minutes,159
Xe bora scura,"Macchi, Claudio","https://imslp.org/wiki/Xe_bora_scura_(Macchi,_Claudio)",male chorus (TTBB),D major,Modern,,2008,Modern,2 minutes,56
Xeinóphilon,"Passilongo, Ciro Roberto","https://imslp.org/wiki/Xeinóphilon_(Passilongo,_Ciro_Roberto)",Men's Choir 4 voices (TTBB),,Ancient,,2014-07-15,Modern,2 minutes,243
Xenical Minuet A/b-quaver-F-sharp Locrian-Ionian modal,"Sysmoebius, Z Q","https://imslp.org/wiki/Xenical_Minuet_A/b-quaver-F-sharp_Locrian-Ionian_modal_(Sysmoebius,_Z_Q)","synthesizer [string orchestra, organ]",,Modern,,2020,Modern,5 minutes,0
Xeniska,"Gondois, Hipólito","https://imslp.org/wiki/Xeniska_(Gondois,_Hipólito)",piano,A major,Romantic,,,Romantic,,19
Xenofugue No.1,"Sysmoebius, Z Q","https://imslp.org/wiki/Xenofugue_No.1_(Sysmoebius,_Z_Q)",synthesizer [string orchestra],,Modern,,2020,Modern,6 minutes,0
Xenofugue No.2,"Sysmoebius, Z Q","https://imslp.org/wiki/Xenofugue_No.2_(Sysmoebius,_Z_Q)",synthesizer [string orchestra],,Modern,,2020,Modern,6 minutes,0
Xenofugue No.3 in B-f-lydian Phrygrian E,"Sysmoebius, Z Q","https://imslp.org/wiki/Xenofugue_No.3_in_B-f-lydian_Phrygrian_E_(Sysmoebius,_Z_Q)","synthesizer [3 acoustic guitars, bass continuo, strings]",F-sharp major,Renaissance,,2020,Modern,4 minutes,0
Xenofugue No.4 in F-sharp Dorian mode,"Sysmoebius, Z Q","https://imslp.org/wiki/Xenofugue_No.4_in_F-sharp_Dorian_mode_(Sysmoebius,_Z_Q)","synthesizer [2 violins, viola, cello]",B-flat minor,Modern,,2020,Modern,5 minutes,0
Xenofugue No.5 in A/e-ray A/G Phrygrian modals,"Sysmoebius, Z Q","https://imslp.org/wiki/Xenofugue_No.5_in_A/e-ray_A/G_Phrygrian_modals_(Sysmoebius,_Z_Q)",synthesizer [string orchestra],,Modern,,2020,Modern,5 minutes,0
"Xenofugue No.6 B-c-doublesubmediant C/A Aeolian-set B,F","Sysmoebius, Z Q","https://imslp.org/wiki/Xenofugue_No.6_B-c-doublesubmediant_C/A_Aeolian-set_B,F_(Sysmoebius,_Z_Q)","strings 1,2, keys FM 2,5,6",,Modern,,2020,Modern,7 minutes,0
Xenon,"Kimberling, Clark","https://imslp.org/wiki/Xenon_(Kimberling,_Clark)",piano,,Modern,,2020,Modern,1 minutes,55
Xenon Hornpipe No.1,"Messerschmidt, Hans Jorgen","https://imslp.org/wiki/Xenon_Hornpipe_No.1_(Messerschmidt,_Hans_Jorgen)",trumpet,F major,Modern,,2015,Modern,1 minutes,2
Xenon Hornpipe No.2,"Messerschmidt, Hans Jorgen","https://imslp.org/wiki/Xenon_Hornpipe_No.2_(Messerschmidt,_Hans_Jorgen)",trumpet,F major,Modern,,2015,Modern,1 minutes,4
Xenophen Polka,"Cox, John Summers","https://imslp.org/wiki/Xenophen_Polka_(Cox,_John_Summers)","cornet (A), piano",,Romantic,,,Romantic,,50
Xenopiece,"Dhanrajani, Anish","https://imslp.org/wiki/Xenopiece_(Dhanrajani,_Anish)","oboe, clarinet, bassoon, horn, violin, cello",,Modern,,2026,Modern,1 minutes,2
Xepe-xepe,"Oliveira, Anisio","https://imslp.org/wiki/Xepe-xepe_(Oliveira,_Anisio)",piano,D minor,Romantic,,,Romantic,,2
"Xeranthemum, Etérea Miragem","Rocha, Davi","https://imslp.org/wiki/Xeranthemum,_Etérea_Miragem_(Rocha,_Davi)",piano,D major,Modern,,2023,Modern,,34
Xerse,"Bononcini, Giovanni","https://imslp.org/wiki/Xerse_(Bononcini,_Giovanni)","voices, mixed chorus (SATB), orchestra",,Baroque,,,Baroque,,3302
Xerux-eb6-y7L,"Sysmoebius, Z Q","https://imslp.org/wiki/Xerux-eb6-y7L_(Sysmoebius,_Z_Q)",strings,D-flat major,Modern,,2020,Modern,8 minutes,0
Xi,"Gonzaga, Chiquinha","https://imslp.org/wiki/Xi_(Gonzaga,_Chiquinha)",piano,C major,Romantic,,,Romantic,,81
Xian Hornpipe,"Messerschmidt, Hans Jorgen","https://imslp.org/wiki/Xian_Hornpipe_(Messerschmidt,_Hans_Jorgen)",trumpet,G major,Modern,,2015,Modern,1 minutes,3
Xic xic xoc,"Arvellos Filho, Januário da Silva","https://imslp.org/wiki/Xic_xic_xoc_(Arvellos_Filho,_Januário_da_Silva)","voice, piano",C major,Romantic,,,Romantic,,21
Xihuang,"Olvera, Moises","https://imslp.org/wiki/Xihuang_(Olvera,_Moises)","2 electric guitars, keyboard, bass",D minor,Modern,,2021,Modern,,65
Xilitla,"Pérez, Sergio Aarón","https://imslp.org/wiki/Xilitla_(Pérez,_Sergio_Aarón)","marimba, snare drum",E-flat major,Modern,,2013,Modern,4 minutes,31
"Xis No.6, MVWV 565","Verheul, Maurice","https://imslp.org/wiki/Xis_No.6,_MVWV_565_(Verheul,_Maurice)",bass clarinet (B ♭ ),,Modern,,,Modern,17 minutes,1085
"Xiuhnelly, Op.24","Olvera, Moises","https://imslp.org/wiki/Xiuhnelly,_Op.24_(Olvera,_Moises)",guitar,E minor,Classical,,2017,Modern,3:03 minutes,77
Xiuhtzitzquilo,"Gomezanda, Antonio","https://imslp.org/wiki/Xiuhtzitzquilo_(Gomezanda,_Antonio)",orchestra,,Early 20th century,,1925,Early 20th century,18 minutes,69
Xiąże Czaromysł,"Kurpiński, Karol","https://imslp.org/wiki/Xiąże_Czaromysł_(Kurpiński,_Karol)",unknown for the original,,Romantic,,,Romantic,,11
Xmas Express,"Simpson, Cameron Lee","https://imslp.org/wiki/Xmas_Express_(Simpson,_Cameron_Lee)",piano,D major,Jazz,,2024,Modern,3 minutes,57
Xmas Rag,"Simpson, Cameron Lee","https://imslp.org/wiki/Xmas_Rag_(Simpson,_Cameron_Lee)",piano,B-flat major,Jazz,,2025,Modern,3 minutes,16
Xmastide,"Kahn, Esther","https://imslp.org/wiki/Xmastide_(Kahn,_Esther)",piano,G major,Early 20th century,,,Early 20th century,,44
Xmmash,"Torre, Salvador","https://imslp.org/wiki/Xmmash_(Torre,_Salvador)","cello, electronics",,Modern,,2018,Modern,9 minutes,100
"Xocolatl, Op.194","Wot, Felix Firmiana","https://imslp.org/wiki/Xocolatl,_Op.194_(Wot,_Felix_Firmiana)","violin, cello, bass",B-flat minor,Classical,,2015-1-16,Modern,,2508
Xoş getdin,"Folk Songs, Azerbaijani","https://imslp.org/wiki/Xoş_getdin_(Folk_Songs,_Azerbaijani)",voices,,Traditional,,,,,57
Xoş gəldin,"Folk Songs, Azerbaijani","https://imslp.org/wiki/Xoş_gəldin_(Folk_Songs,_Azerbaijani)",voices,,Traditional,,,,,55
Xtra Baggage!,"Simpson, Cameron Lee","https://imslp.org/wiki/Xtra_Baggage!_(Simpson,_Cameron_Lee)",piano,D-flat major,Jazz,,2024,Modern,3 minutes,7
Xtra Rags,"Simpson, Cameron Lee","https://imslp.org/wiki/Xtra_Rags_(Simpson,_Cameron_Lee)",piano,C major,Jazz,,2023,Modern,2 minutes,42
Xuhui Hornpipe,"Messerschmidt, Hans Jorgen","https://imslp.org/wiki/Xuhui_Hornpipe_(Messerschmidt,_Hans_Jorgen)",trumpet,A major,Modern,,2015,Modern,1 minutes,3
Xumar oldum,"Folk Songs, Azerbaijani","https://imslp.org/wiki/Xumar_oldum_(Folk_Songs,_Azerbaijani)",voices,,Traditional,,,,,101
Xuzhou Hornpipe,"Messerschmidt, Hans Jorgen","https://imslp.org/wiki/Xuzhou_Hornpipe_(Messerschmidt,_Hans_Jorgen)",trumpet,G-flat major,Modern,,2015,Modern,1 minutes,2
Xy,"Schiavone, Mauro","https://imslp.org/wiki/Xy_(Schiavone,_Mauro)",Piano,,Modern,,1993,Modern,,263
Xylophone Concerto,"De Mojà, Marco","https://imslp.org/wiki/Xylophone_Concerto_(De_Mojà,_Marco)","xylophone, strings",,Modern,,2023,Modern,20 minutes,274
Xylophone Hornpipe,"Messerschmidt, Hans Jorgen","https://imslp.org/wiki/Xylophone_Hornpipe_(Messerschmidt,_Hans_Jorgen)",trumpet,F major,Modern,,2015,Modern,1 minutes,4
Xze-qAW0,"Sysmoebius, Z Q","https://imslp.org/wiki/Xze-qAW0_(Sysmoebius,_Z_Q)",synthesizer [strings],,Renaissance,,2020,Modern,7 minutes,0
Xácara de primer tono,"Olagüe, Fray Bartolomé de","https://imslp.org/wiki/Xácara_de_primer_tono_(Olagüe,_Fray_Bartolomé_de)",organ,Mode I Dorian,Baroque,,,Baroque,,453
Xémine la romanichelle,"Berniaux, Désiré","https://imslp.org/wiki/Xémine_la_romanichelle_(Berniaux,_Désiré)","voice, piano",E-flat major,Romantic,,,Romantic,,72
Xénia,"Decq, Adhemar","https://imslp.org/wiki/Xénia_(Decq,_Adhemar)",pianoforte,G major,Romantic,,,Romantic,,178
Xīan Hūa,"Wong, Fu Tong","https://imslp.org/wiki/Xīan_Hūa_(Wong,_Fu_Tong)","Voice, Piano",,Non-western classical,,,Modern,,0
"Xīang Sī, variation","Wong, Fu Tong","https://imslp.org/wiki/Xīang_Sī,_variation_(Wong,_Fu_Tong)","Voice, Piano",,Non-western classical,,,Modern,,21
Xına yaxdı havası,"Folk Songs, Azerbaijani","https://imslp.org/wiki/Xına_yaxdı_havası_(Folk_Songs,_Azerbaijani)",voices,,Traditional,,,,,65
X↔Stasis,"Pape, Gerard","https://imslp.org/wiki/X↔Stasis_(Pape,_Gerard)",ensemble,,Modern,,1992,Modern,10 minutes,55
Y Blotyn Du,"Grove, Chloe Naomi","https://imslp.org/wiki/Y_Blotyn_Du_(Grove,_Chloe_Naomi)","contralto, viola",,Modern,,2024,Modern,7 minutes,15
Y Caniedydd Cymreig,"Thomas, John L.","https://imslp.org/wiki/Y_Caniedydd_Cymreig_(Thomas,_John_L.)",1-4 voices,,Classical,,,Romantic,,25
Y Canigydd,"Owen, John","https://imslp.org/wiki/Y_Canigydd_(Owen,_John)","SATB voices or chorus, piano; male chorus (TTBB voices), piano; TTBB voices or chorus ; SATTB voices, piano; SSATB voices, piano; ATTB voices, piano; ATB voices, piano",,Romantic,,,Romantic,,24
Y Cerddor cenedlaethol,"Owen, William","https://imslp.org/wiki/Y_Cerddor_cenedlaethol_(Owen,_William)","mixed chorus (SATB); voices, chorus",,Classical,,,Romantic,,19
Y Cychod ar yr Afon,"Parry, Joseph","https://imslp.org/wiki/Y_Cychod_ar_yr_Afon_(Parry,_Joseph)",SATB + keyboard,,Romantic,,1865,Romantic,,181
Y Drysorfa Gerddorol,"Hughes, Hugh John","https://imslp.org/wiki/Y_Drysorfa_Gerddorol_(Hughes,_Hugh_John)",2-4 voices / choir,,Romantic,,,Romantic,,130
Y Gwcw Fach,"Davies, Evan Thomas","https://imslp.org/wiki/Y_Gwcw_Fach_(Davies,_Evan_Thomas)",mixed chorus (SATB),F minor,Romantic,,1912,Early 20th century,,11
Y So,"Simpson, Cameron Lee","https://imslp.org/wiki/Y_So_(Simpson,_Cameron_Lee)",piano,G major,Jazz,,2021,Modern,2-3 minutes,53
Y a d'quoi vous dégoûter,"Spencer, Émile","https://imslp.org/wiki/Y_a_d'quoi_vous_dégoûter_(Spencer,_Émile)","voice, piano",D major,Romantic,,,Romantic,,8
Y a du pour!,"Rosi, Eugène","https://imslp.org/wiki/Y_a_du_pour!_(Rosi,_Eugène)","voice, piano",E-flat major,Early 20th century,,,Romantic,,6
Y guaxu rovai ojepovera,"Folk Songs, Brazilian","https://imslp.org/wiki/Y_guaxu_rovai_ojepovera_(Folk_Songs,_Brazilian)",,,Traditional (folk),,,,,30
Y m'manqu' quéqu' chose,"Gruber, Émile","https://imslp.org/wiki/Y_m'manqu'_quéqu'_chose_(Gruber,_Émile)","voice, piano",G major,Romantic,,,Romantic,,11
Y moriré en la madrugada,"Diaz, Rafael","https://imslp.org/wiki/Y_moriré_en_la_madrugada_(Diaz,_Rafael)","Orchestra: strings, wind controller MIDI",,Modern,,2002,Modern,12 minutes,47
"Y murió en la Cruz, Op.42","Hernández Bellido, José Ramón","https://imslp.org/wiki/Y_murió_en_la_Cruz,_Op.42_(Hernández_Bellido,_José_Ramón)",wind band,,Modern,,2011,Modern,9 minutes,87
Y-Heisenberg Accompaniment c-route operants on Chi-chi-nu functors,"Sysmoebius, Z Q","https://imslp.org/wiki/Y-Heisenberg_Accompaniment_c-route_operants_on_Chi-chi-nu_functors_(Sysmoebius,_Z_Q)",synthesizer [string quartet],,Modern,,2020,Modern,6 minutes,0
Ya es tiempo dulzes liras,"Literes, Antonio","https://imslp.org/wiki/Ya_es_tiempo_dulzes_liras_(Literes,_Antonio)","SSAT, trumpet, 2 violins, continuo",,Baroque,,,Baroque,,60
Ya la gloria,"Zumaya, Manuel de","https://imslp.org/wiki/Ya_la_gloria_(Zumaya,_Manuel_de)","tenor, 2 violins, continuo",,Baroque,,ca.1720,Baroque,,96
"Ya luce en este hemisferio, Op.3","Arriaga, Juan Crisóstomo de","https://imslp.org/wiki/Ya_luce_en_este_hemisferio,_Op.3_(Arriaga,_Juan_Crisóstomo_de)","soprano, orchestra",A minor,Romantic,,1819,Romantic,,62
Ya murió mi Redentor,"Zaragozano, Leoncio","https://imslp.org/wiki/Ya_murió_mi_Redentor_(Zaragozano,_Leoncio)","3 voices, organ",,Romantic,,,Romantic,,237
"Ya ne molyus dawno, Op.10 No.3","Senytsya, Pawlo","https://imslp.org/wiki/Ya_ne_molyus_dawno,_Op.10_No.3_(Senytsya,_Pawlo)","voice, piano",E-flat minor,Early 20th century,,,Early 20th century,,23
Ya por el orizonte,"Literes, Antonio","https://imslp.org/wiki/Ya_por_el_orizonte_(Literes,_Antonio)","alto, oboe, trumpet, 2 violins, continuo",,Baroque,,,Baroque,,59
Ya rasga la esphera flamante,"Nebra, José de","https://imslp.org/wiki/Ya_rasga_la_esphera_flamante_(Nebra,_José_de)","soprano, 2 violins, 2 trumpets, continuo",,Baroque,,,Baroque,,100
Ya se murió el burro,"Martínez García, Salvador","https://imslp.org/wiki/Ya_se_murió_el_burro_(Martínez_García,_Salvador)",male chorus,,Modern,,,Modern,,357
Ya te proclaman los cielos,"Leo, Leonardo","https://imslp.org/wiki/Ya_te_proclaman_los_cielos_(Leo,_Leonardo)","soprano, strings, continuo",,Baroque,,,Baroque,,123
Ya viene el niñito,"Bustamante, Salvador","https://imslp.org/wiki/Ya_viene_el_niñito_(Bustamante,_Salvador)","voice, piano",,Romantic,,,Romantic,,5
Ya vienen caminando,"Bernal Jiménez, Miguel","https://imslp.org/wiki/Ya_vienen_caminando_(Bernal_Jiménez,_Miguel)","voice, piano",,Romantic,,,Early 20th century,,46
Yaa Dum Dee-Yaa Dum Dee,"Squires, Harry D.","https://imslp.org/wiki/Yaa_Dum_Dee-Yaa_Dum_Dee_(Squires,_Harry_D.)","voice, piano",E-flat major,Early 20th century,,,Modern,,6
Yaaka Hula Hickey Dula,"Goetz, Edward Ray","https://imslp.org/wiki/Yaaka_Hula_Hickey_Dula_(Goetz,_Edward_Ray)","voice, piano",B-flat major,Early 20th century,,,Early 20th century,,11
Yacht Vigilant,"Maylath, Henry","https://imslp.org/wiki/Yacht_Vigilant_(Maylath,_Henry)",piano,E-flat major,Romantic,,,Romantic,,61
Yachting,"Davies, Vincent","https://imslp.org/wiki/Yachting_(Davies,_Vincent)","voice, piano",C major,Romantic,,1879,Romantic,,11
Yachting-galop,"Auvray, Georges","https://imslp.org/wiki/Yachting-galop_(Auvray,_Georges)",orchestra,D major,Romantic,,,Romantic,,11
Yachtman Hornpipe,"Messerschmidt, Hans Jorgen","https://imslp.org/wiki/Yachtman_Hornpipe_(Messerschmidt,_Hans_Jorgen)",trumpet,C major,Modern,,2015,Modern,1 minutes,3
Yací-Tatá,"Trevizan, Lucas","https://imslp.org/wiki/Yací-Tatá_(Trevizan,_Lucas)","solo: cello orchestra: piccolo, flute, oboe, bassoon, contrabassoon, 2 horns in F, trumpet in C, trumpet in D, trombone, timpani, snare drum, bass drum, strings",,Modern,,2013,Modern,,195
Yad aldı məni,"Folk Songs, Azerbaijani","https://imslp.org/wiki/Yad_aldı_məni_(Folk_Songs,_Azerbaijani)",voices,,Traditional,,,,,63
Yaddie Kaddie Kiddie Kaddie Koo,"Meyer, George W.","https://imslp.org/wiki/Yaddie_Kaddie_Kiddie_Kaddie_Koo_(Meyer,_George_W.)","voice, piano",G major,Early 20th century,,,Early 20th century,,7
Yadıma sən düşəndə,"Folk Songs, Azerbaijani","https://imslp.org/wiki/Yadıma_sən_düşəndə_(Folk_Songs,_Azerbaijani)",voices,,Traditional,,,,,65
"Yadıma, sən düşəndə","Folk Songs, Azerbaijani","https://imslp.org/wiki/Yadıma,_sən_düşəndə_(Folk_Songs,_Azerbaijani)",voices,,Traditional,,,,,66
Yah Dan Tunkiya No.2 in G-flat major,"Oriwoh, Edewede","https://imslp.org/wiki/Yah_Dan_Tunkiya_No.2_in_G-flat_major_(Oriwoh,_Edewede)","mixed chorus (SATB), piano",G-flat major,Classical,,2015-10-18,Modern,,98
Yah Ubangiji in C major,"Oriwoh, Edewede","https://imslp.org/wiki/Yah_Ubangiji_in_C_major_(Oriwoh,_Edewede)","mixed chorus (SSATTB), flute",C major,Modern,,2016-01-31,Modern,,98
"Yah Ubanji, Ka Yi Mana Jin Kai in B-flat major","Oriwoh, Edewede","https://imslp.org/wiki/Yah_Ubanji,_Ka_Yi_Mana_Jin_Kai_in_B-flat_major_(Oriwoh,_Edewede)",Voices: mixed chorus (SATB) (or is it soloists?),B-flat major,Modern,,,Modern,,89
Yah-De-Dah,"Kaufman, Mel B.","https://imslp.org/wiki/Yah-De-Dah_(Kaufman,_Mel_B.)",piano,,Early 20th century,,,Early 20th century,,14
"Yahweh, God of Star-Armies","McGrath, James F.","https://imslp.org/wiki/Yahweh,_God_of_Star-Armies_(McGrath,_James_F.)","voice, trumpet (C), piano",,Modern,,2016,Modern,4 minutes,357
Yakushima Hornpipe,"Messerschmidt, Hans Jorgen","https://imslp.org/wiki/Yakushima_Hornpipe_(Messerschmidt,_Hans_Jorgen)",trumpet,A-flat major,Modern,,2015,Modern,1 minutes,2
Yale Songs,"Kellogg, Francis B.","https://imslp.org/wiki/Yale_Songs_(Kellogg,_Francis_B.)",various,,Romantic,,,Early 20th century,,18
Yaller,"Schwab, Charles M.","https://imslp.org/wiki/Yaller_(Schwab,_Charles_M.)","voice, piano",C major,Early 20th century,,,Early 20th century,3 minutes,3
Yalli,"Magomayev I, Muslim","https://imslp.org/wiki/Yalli_(Magomayev_I,_Muslim)","voices, chorus, orchestra",,Early 20th century,,1935,Early 20th century,,81
Yalta Spring,"Yachshenko, Taras","https://imslp.org/wiki/Yalta_Spring_(Yachshenko,_Taras)","trumpet, piano",free,Modern,,2015,Modern,4.5 minutes,2239
Yama Yama Blues,"Williams, Spencer","https://imslp.org/wiki/Yama_Yama_Blues_(Williams,_Spencer)","voice, piano",B-flat major,Early 20th century,,,Early 20th century,,16
Yamabiko,"Teixeira, Álvaro Sílvio","https://imslp.org/wiki/Yamabiko_(Teixeira,_Álvaro_Sílvio)",,,Modern,,2022,Modern,113 minutes,0
Yamabiko',"Teixeira, Álvaro Sílvio","https://imslp.org/wiki/Yamabiko'_(Teixeira,_Álvaro_Sílvio)",,,Modern,,2022,Modern,113 minutes,0
Yamashiro Hornpipe,"Messerschmidt, Hans Jorgen","https://imslp.org/wiki/Yamashiro_Hornpipe_(Messerschmidt,_Hans_Jorgen)",trumpet,B major,Modern,,2015,Modern,1 minutes,5
Yamekraw,"Johnson, James P.","https://imslp.org/wiki/Yamekraw_(Johnson,_James_P.)",piano,A-flat major,Early 20th century,,,Early 20th century,13 minutes,49
Yamina,"Monti, Vittorio","https://imslp.org/wiki/Yamina_(Monti,_Vittorio)",Orchestra,1. A major 2. C-sharp minor,Romantic,,,Romantic,,580
Yamina,"Salvador-Daniel, Francisco","https://imslp.org/wiki/Yamina_(Salvador-Daniel,_Francisco)","voice, piano",G major,Romantic,,,Romantic,,21
"Yanitl, O.12","Verotta, Davide","https://imslp.org/wiki/Yanitl,_O.12_(Verotta,_Davide)","Version 1: clarinet, cello, piano Version 2: clarinet, violin, piano Version 3: clarinet, viola, piano",,Modern,,2008,Modern,6-7 minutes,1206
Yanitza,"Paray, Paul","https://imslp.org/wiki/Yanitza_(Paray,_Paul)","3 voices, orchestra",,Early 20th century,,1911,Early 20th century,,68
Yank,"Tonoli, Giampietro","https://imslp.org/wiki/Yank_(Tonoli,_Giampietro)",pianoforte,,Modern,,,Classical,,338
Yankee,"Harris, Charles Kassell","https://imslp.org/wiki/Yankee_(Harris,_Charles_Kassell)","voice, piano",C major,Romantic,,,Romantic,,4
Yankee Bird,"Johnson, Charles Leslie","https://imslp.org/wiki/Yankee_Bird_(Johnson,_Charles_Leslie)",piano,G major,Early 20th century,,,Early 20th century,,79
Yankee Doodle,"Krogulski, Józef Władysław","https://imslp.org/wiki/Yankee_Doodle_(Krogulski,_Józef_Władysław)",piano (arranged),D major,Early 20th century,,,Romantic,,29
Yankee Doodle,"Ludenhoff, Martin","https://imslp.org/wiki/Yankee_Doodle_(Ludenhoff,_Martin)",guitar,,Romantic,,,Modern,,213
Yankee Doodle,"Purdy, George","https://imslp.org/wiki/Yankee_Doodle_(Purdy,_George)",Solo : piccolo Military band,,Romantic,,,Romantic,,103
Yankee Doodle Captain,"Bowers, Frederic V.","https://imslp.org/wiki/Yankee_Doodle_Captain_(Bowers,_Frederic_V.)","voice, piano",D minor,Romantic,,,Early 20th century,,6
Yankee Doodle Dandy,"Kerker, Gustave","https://imslp.org/wiki/Yankee_Doodle_Dandy_(Kerker,_Gustave)","voices, orchestra",,Romantic,,,Romantic,,9
Yankee Doodle In Tone Row,"Tappan, Philip Donald","https://imslp.org/wiki/Yankee_Doodle_In_Tone_Row_(Tappan,_Philip_Donald)","flute, piano",,Modern,,2014,Modern,1.5 minutes,685
Yankee Doodle Redowa-Polka,"Anderson, Elbert","https://imslp.org/wiki/Yankee_Doodle_Redowa-Polka_(Anderson,_Elbert)",Piano,,Romantic,,,Romantic,,390
Yankee Doodle Variations,"Ferrari, Carlotta","https://imslp.org/wiki/Yankee_Doodle_Variations_(Ferrari,_Carlotta)",organ,,Modern,,2017,Modern,,447
Yankee Doodle with Variations,"Hewitt, James","https://imslp.org/wiki/Yankee_Doodle_with_Variations_(Hewitt,_James)",piano,D major,Romantic,,,Romantic,,573
"Yankee Doodle, Concert Variations","Strakosch, Maurice","https://imslp.org/wiki/Yankee_Doodle,_Concert_Variations_(Strakosch,_Maurice)",piano,,Romantic,,,Romantic,,1057
Yankee Dude,"Lampe, Jens Bodewalt","https://imslp.org/wiki/Yankee_Dude_(Lampe,_Jens_Bodewalt)",piano,,Early 20th century,,,Romantic,,18
Yankee Girl,"Lampe, Jens Bodewalt","https://imslp.org/wiki/Yankee_Girl_(Lampe,_Jens_Bodewalt)",piano,,Early 20th century,,,Romantic,,18
Yankee Grit,"Holzmann, Abe","https://imslp.org/wiki/Yankee_Grit_(Holzmann,_Abe)",piano,,Early 20th century,,,Romantic,,18
Yankee Hornpipe,"Messerschmidt, Hans Jorgen","https://imslp.org/wiki/Yankee_Hornpipe_(Messerschmidt,_Hans_Jorgen)",trumpet,C major,Modern,,2015,Modern,1 minutes,3
Yankee Land,"Hoffman, Max","https://imslp.org/wiki/Yankee_Land_(Hoffman,_Max)",piano,G major,Early 20th century,,,Early 20th century,,22
Yankee Patrol,"Meacham, Frank W.","https://imslp.org/wiki/Yankee_Patrol_(Meacham,_Frank_W.)",piano,,Romantic,,,Romantic,,29
Yankee Privateer Polka,"Ilsley, E. Clarke","https://imslp.org/wiki/Yankee_Privateer_Polka_(Ilsley,_E._Clarke)",piano,E-flat major,Romantic,,,Romantic,2 minutes,80
Yankee Tango,"Keith, Lester","https://imslp.org/wiki/Yankee_Tango_(Keith,_Lester)",piano,,Early 20th century,,,Early 20th century,,17
Yankee Tar,"Daly, Joseph M.","https://imslp.org/wiki/Yankee_Tar_(Daly,_Joseph_M.)",piano,,Early 20th century,,,Early 20th century,,13
Yankee Tars,"Levy, Sol Paul","https://imslp.org/wiki/Yankee_Tars_(Levy,_Sol_Paul)",piano,,Early 20th century,,,Romantic,,18
Yankee Volunteers Marching into Dixie,"Glover, Stephen Ralph","https://imslp.org/wiki/Yankee_Volunteers_Marching_into_Dixie_(Glover,_Stephen_Ralph)",piano,D major,Romantic,,,Romantic,,8
Yanthis,"Pierné, Gabriel","https://imslp.org/wiki/Yanthis_(Pierné,_Gabriel)","female chorus (2 soprano, 2 contralto), orchestra",,Early 20th century,,,Romantic,,650
Yaqut yəməni neylər,"Folk Songs, Azerbaijani","https://imslp.org/wiki/Yaqut_yəməni_neylər_(Folk_Songs,_Azerbaijani)",voices,,Traditional,,,,,62
Yar bizə qonaq gələcək,"Folk Songs, Azerbaijani","https://imslp.org/wiki/Yar_bizə_qonaq_gələcək_(Folk_Songs,_Azerbaijani)",voices,,Traditional,,,,,115
Yar gəldi,"Folk Songs, Azerbaijani","https://imslp.org/wiki/Yar_gəldi_(Folk_Songs,_Azerbaijani)",voices,,Traditional,,,,,57
Yar gəlir,"Folk Songs, Azerbaijani","https://imslp.org/wiki/Yar_gəlir_(Folk_Songs,_Azerbaijani)",voices,,Traditional,,,,,64
"Yar, neylədinm sənə","Folk Songs, Azerbaijani","https://imslp.org/wiki/Yar,_neylədinm_sənə_(Folk_Songs,_Azerbaijani)",voices,,Traditional,,,,,61
Yara,"Medeiros, Anacleto de","https://imslp.org/wiki/Yara_(Medeiros,_Anacleto_de)",piano,A minor,Romantic,,1916,Romantic,,154
Yaravi,"Abril Tirado, Pedro","https://imslp.org/wiki/Yaravi_(Abril_Tirado,_Pedro)","voice, piano",A minor,Classical,,,Romantic,3 minutes,741
Yaraví,"Aguirre, Manuel Lorenzo","https://imslp.org/wiki/Yaraví_(Aguirre,_Manuel_Lorenzo)","voice, piano",D minor,Romantic,,,Romantic,3.5 minutes,632
Yaraví,"Massa, Juan Bautista","https://imslp.org/wiki/Yaraví_(Massa,_Juan_Bautista)","soprano, mixed chorus (SATTBB), timbales (arranged)",A major,Traditional (folk),,1935,Romantic,,143
Yaravíes Quiteños,"Folk Songs, Ecuadorian","https://imslp.org/wiki/Yaravíes_Quiteños_(Folk_Songs,_Ecuadorian)",Piano,,Traditional (folk),,,,,6
"Yarazu no Ame, tbp 113","Novegno, Roberto","https://imslp.org/wiki/Yarazu_no_Ame,_tbp_113_(Novegno,_Roberto)",piano,B minor,Modern,,2010,Modern,,36
Yard Sale Rag,"Simpson, Cameron Lee","https://imslp.org/wiki/Yard_Sale_Rag_(Simpson,_Cameron_Lee)",piano,G major,Jazz,,2017,Modern,3 minutes,40
Yardan,"Endo, Masao","https://imslp.org/wiki/Yardan_(Endo,_Masao)","shakuhachi, cello",,Modern,,,Modern,11 minutes,51
Yarmouth Fair,"Warlock, Peter","https://imslp.org/wiki/Yarmouth_Fair_(Warlock,_Peter)","voice, piano",G major,Romantic,,1925,Early 20th century,,72
Yarney's Ideal,"Stimson, Frank W.","https://imslp.org/wiki/Yarney's_Ideal_(Stimson,_Frank_W.)",piano,,Early 20th century,,,Early 20th century,,10
Yarra Songs Waltzes,"Bial, Rudolf","https://imslp.org/wiki/Yarra_Songs_Waltzes_(Bial,_Rudolf)","Piccolo, flute, oboe, clarinets in C, bassoons , 4 horns in F, 2 cornets in B ♭ , 3 trombones, timpani, large and small drums, strings",F major,Romantic,,,Romantic,,1275
Yarım qəşəgi,"Folk Songs, Azerbaijani","https://imslp.org/wiki/Yarım_qəşəgi_(Folk_Songs,_Azerbaijani)",voices,,Traditional,,,,,54
Yarım çıxdı qabaqdan,"Folk Songs, Azerbaijani","https://imslp.org/wiki/Yarım_çıxdı_qabaqdan_(Folk_Songs,_Azerbaijani)",voices,,Traditional,,,,,61
Yarıma bax,"Folk Songs, Azerbaijani","https://imslp.org/wiki/Yarıma_bax_(Folk_Songs,_Azerbaijani)",voices,,Traditional,,,,,59
Yascha Michaeloffsky's Melody,"Berlin, Irving","https://imslp.org/wiki/Yascha_Michaeloffsky's_Melody_(Berlin,_Irving)","voice, piano",D minor,Early 20th century,,,Early 20th century,3 minutes,2
Yasmin,"Dobson, Tom","https://imslp.org/wiki/Yasmin_(Dobson,_Tom)","Voice, Piano",,Romantic,,,Romantic,,124
Yasnaya Polyana,"Gaul, Harvey B.","https://imslp.org/wiki/Yasnaya_Polyana_(Gaul,_Harvey_B.)",Organ,,Early 20th century,,,Romantic,,149
"Yau, tbp 112","Novegno, Roberto","https://imslp.org/wiki/Yau,_tbp_112_(Novegno,_Roberto)",piano,E-flat minor,Modern,,2010,Modern,,29
Yawata Hornpipe,"Messerschmidt, Hans Jorgen","https://imslp.org/wiki/Yawata_Hornpipe_(Messerschmidt,_Hans_Jorgen)",trumpet,B major,Modern,,2015,Modern,1 minutes,2
Yaxan düymələ,"Folk Songs, Azerbaijani","https://imslp.org/wiki/Yaxan_düymələ_(Folk_Songs,_Azerbaijani)",voices,,Traditional,,,,,60
Yaxan düymələ.,"Folk Songs, Azerbaijani","https://imslp.org/wiki/Yaxan_düymələ._(Folk_Songs,_Azerbaijani)",voices,,Traditional,,,,,60
Yaylıq,"Folk Songs, Azerbaijani","https://imslp.org/wiki/Yaylıq_(Folk_Songs,_Azerbaijani)",Azerbaijani instruments,,Traditional,,,,,77
Yayoi,"Kumar, Ramana","https://imslp.org/wiki/Yayoi_(Kumar,_Ramana)",Piano,,Modern,,2012,Modern,,260
"Yayá, por isso mesmo!...","Menezes, Antônio Cardoso de","https://imslp.org/wiki/Yayá,_por_isso_mesmo!..._(Menezes,_Antônio_Cardoso_de)",piano,C major,Romantic,,,Romantic,,10
"Yayá, seu gato mia?","Oliveira, Anisio","https://imslp.org/wiki/Yayá,_seu_gato_mia?_(Oliveira,_Anisio)",piano,C major,Romantic,,,Romantic,,2
Yayá-yoyô,"Souto, Eduardo","https://imslp.org/wiki/Yayá-yoyô_(Souto,_Eduardo)",piano,E-flat major,Early 20th century,,1924,Early 20th century,,22
Ye Banks and Braes,Anonymous,https://imslp.org/wiki/Ye_Banks_and_Braes_(Anonymous),"keyboard; or treble and bass instrument song: voice and continuo, or voice and keyboard",,Modern,,,Classical,,1396
Ye Banks and Braes,"Miller of Edinburgh, James","https://imslp.org/wiki/Ye_Banks_and_Braes_(Miller_of_Edinburgh,_James)","keyboard; or treble and bass instrument song: voice and continuo, or voice and keyboard",,Modern,,,Classical,,1395
Ye Banks and Braes,"Wallace, William Vincent","https://imslp.org/wiki/Ye_Banks_and_Braes_(Wallace,_William_Vincent)",piano (also published for piano 4-hands),A major,Romantic,,,Romantic,,742
Ye Banks and Braes o' Bonnie Doon,"Grainger, Percy","https://imslp.org/wiki/Ye_Banks_and_Braes_o'_Bonnie_Doon_(Grainger,_Percy)",Choir / Concert Band,F major,Early 20th century,,1903-32,Early 20th century,3 minutes,0
Ye Barn Dance,"Shannon, James Royce","https://imslp.org/wiki/Ye_Barn_Dance_(Shannon,_James_Royce)",piano,F major,Early 20th century,,,Early 20th century,,15
Ye Carpette Knyghte,"Bachlund, Gary","https://imslp.org/wiki/Ye_Carpette_Knyghte_(Bachlund,_Gary)","medium (or high) voice, piano",,Modern,,2014,Modern,4 minutes,75
Ye Dainty Nymphs,"Boyce, Ethel Mary","https://imslp.org/wiki/Ye_Dainty_Nymphs_(Boyce,_Ethel_Mary)","2 sopranos, alto, piano",F major,Romantic,,,Early 20th century,,46
Ye Envious Winds,"Hart, Philip","https://imslp.org/wiki/Ye_Envious_Winds_(Hart,_Philip)","voice, continuo",D major,Baroque,,1700-49 ca.,Baroque,,27
Ye Fields of Light,"Millet, Emile","https://imslp.org/wiki/Ye_Fields_of_Light_(Millet,_Emile)","3 voices (soprano, alto, baritone), piano",G major,Romantic,,,Romantic,,12
Ye Gentlemen of England,"Callcott, John Wall","https://imslp.org/wiki/Ye_Gentlemen_of_England_(Callcott,_John_Wall)",3 voices (probably TTB),B-flat major,Classical,,,Classical,,388
"Ye Gods! was Strephon's Picture Blest, Hob.XXXIa:43","Haydn, Joseph","https://imslp.org/wiki/Ye_Gods!_was_Strephon's_Picture_Blest,_Hob.XXXIa:43_(Haydn,_Joseph)","voice, violin, keyboard (including figured bass)",D major,Classical,,,Classical,,2224
Ye Guardian Powers,"Boyce, William","https://imslp.org/wiki/Ye_Guardian_Powers_(Boyce,_William)","voices, orchestra (2 oboes, 2 trumpets, timpani, strings, continuo",,Classical,,1759,Baroque,,19
"Ye Happy Swains, Z.443","Purcell, Henry","https://imslp.org/wiki/Ye_Happy_Swains,_Z.443_(Purcell,_Henry)","voice, continuo",D minor,Baroque,,1685,Baroque,,14
Ye Lads and Ye Lasses,Anonymous,https://imslp.org/wiki/Ye_Lads_and_Ye_Lasses_(Anonymous),voice,G minor,Baroque,,,,,11
Ye Midnight Stars!,"Thomas, John Rogers","https://imslp.org/wiki/Ye_Midnight_Stars!_(Thomas,_John_Rogers)","voice, mixed chorus (SATB), piano",B-flat major,Romantic,,,Romantic,3-4 minutes,188
Ye Nymphs of Albion's Beauty-Blooming Isle,"Linley Jr., Thomas","https://imslp.org/wiki/Ye_Nymphs_of_Albion's_Beauty-Blooming_Isle_(Linley_Jr.,_Thomas)","soprano, orchestra",,Classical,,1768-1776 ca.,Classical,12 minutes,240
Ye Olde Englishe Dances,"Charbonnet, Alice Ellen","https://imslp.org/wiki/Ye_Olde_Englishe_Dances_(Charbonnet,_Alice_Ellen)",piano,,Romantic,,,Romantic,,53
Ye Restless Thoughts,"Bennet, John","https://imslp.org/wiki/Ye_Restless_Thoughts_(Bennet,_John)",4 voices,,Renaissance,,,Renaissance,,1770
Ye Sacred Muses,"Byrd, William","https://imslp.org/wiki/Ye_Sacred_Muses_(Byrd,_William)","Voice, Viols",,Renaissance,,,Renaissance,,11790
Ye Servants of God,"Coleman, Henry","https://imslp.org/wiki/Ye_Servants_of_God_(Coleman,_Henry)","mixed chorus (SATB), organ",,Early 20th century,,,Early 20th century,,0
Ye Servants of God,"Coleman, Richard Henry Pinwill","https://imslp.org/wiki/Ye_Servants_of_God_(Coleman,_Richard_Henry_Pinwill)","mixed chorus (SATB), organ",,Early 20th century,,,Early 20th century,,0
"Ye Shepherds, Tell Me","Mazzinghi, Joseph","https://imslp.org/wiki/Ye_Shepherds,_Tell_Me_(Mazzinghi,_Joseph)",SSB or TTB and piano,A major,Classical,,,Classical,,279
Ye Sons and Daughters of the Lord,"Thomas, John Rogers","https://imslp.org/wiki/Ye_Sons_and_Daughters_of_the_Lord_(Thomas,_John_Rogers)",mixed chorus (SATB),D major,Romantic,,,Romantic,2-3 minutes,386
Ye Spotted Snakes,"Stevens, Richard John Samuel","https://imslp.org/wiki/Ye_Spotted_Snakes_(Stevens,_Richard_John_Samuel)","soprano, alto, tenor, bass",A major,Classical,,,Classical,,328
Ye Spotted Snakes With Double Tongue,"Brian, Havergal","https://imslp.org/wiki/Ye_Spotted_Snakes_With_Double_Tongue_(Brian,_Havergal)","female chorus (SSAA) or 2 sopranos, 2 altos",,Romantic,,,Early 20th century,,37
Ye That do Live in Pleasures,"Wilbye, John","https://imslp.org/wiki/Ye_That_do_Live_in_Pleasures_(Wilbye,_John)",5 voices,,Renaissance,,,Renaissance,,933
"Ye Tuneful Muses, Z.344","Purcell, Henry","https://imslp.org/wiki/Ye_Tuneful_Muses,_Z.344_(Purcell,_Henry)","2 sopranos, 2 altos, tenor, 2 basses (solos); mixed chorus (SATB), 2 recorders, strings, continuo",,Baroque,,1686,Baroque,23 minutes,549
Ye Watchers and Ye Holy Ones,Anonymous,https://imslp.org/wiki/Ye_Watchers_and_Ye_Holy_Ones_(Anonymous),voice or unison chorus,,Baroque,,,,,2410
Ye Watchers and Ye Holy Ones,"Oldroyd, George","https://imslp.org/wiki/Ye_Watchers_and_Ye_Holy_Ones_(Oldroyd,_George)",unison and two part voices with optional four-part harmony and organ,,Early 20th century,,,Early 20th century,,0
Ye Were Sometimes Darkness,"Ludtke, William G.","https://imslp.org/wiki/Ye_Were_Sometimes_Darkness_(Ludtke,_William_G.)","voice, organ",C major,Modern,,2022,Modern,3 minutes,43
Ye Who Are Oppressed,"Strickland, Lily","https://imslp.org/wiki/Ye_Who_Are_Oppressed_(Strickland,_Lily)","Voice, piano","D major (high voice), B ♭ major (low voice)",Early 20th century,,,Early 20th century,,339
Ye fields with blighted herbage brown,"Callcott, John Wall","https://imslp.org/wiki/Ye_fields_with_blighted_herbage_brown_(Callcott,_John_Wall)",3 voices,E major,Classical,,,Classical,,179
Ye merry birds,"Baur, Albert","https://imslp.org/wiki/Ye_merry_birds_(Baur,_Albert)",banjo,,Romantic,,,Romantic,,8
Ye shall dwell in the land,"Stainer, John","https://imslp.org/wiki/Ye_shall_dwell_in_the_land_(Stainer,_John)","mixed chorus (SATB), organ",G major,Romantic,,,Romantic,,51
Ye sons of Phoebus,"Blow, John","https://imslp.org/wiki/Ye_sons_of_Phoebus_(Blow,_John)","4 voices (AATB), mixed chorus (SSATB), 2 recorders, 2 violins, viola, continuo",,Baroque,,1687,Baroque,,17
Yeah but but but no but but but yeah but but but no but 1,"Omid, Aryan","https://imslp.org/wiki/Yeah_but_but_but_no_but_but_but_yeah_but_but_but_no_but_1_(Omid,_Aryan)",37 pianos,,Modern,,2021,Modern,,51
Yeah but but but no but but but yeah but but but no but 10,"Omid, Aryan","https://imslp.org/wiki/Yeah_but_but_but_no_but_but_but_yeah_but_but_but_no_but_10_(Omid,_Aryan)",37 pianos,,Modern,,2021,Modern,,30
Yeah but but but no but but but yeah but but but no but 2,"Omid, Aryan","https://imslp.org/wiki/Yeah_but_but_but_no_but_but_but_yeah_but_but_but_no_but_2_(Omid,_Aryan)",37 pianos,,Modern,,2021,Modern,,29
Yeah but but but no but but but yeah but but but no but 3,"Omid, Aryan","https://imslp.org/wiki/Yeah_but_but_but_no_but_but_but_yeah_but_but_but_no_but_3_(Omid,_Aryan)",37 pianos,,Modern,,2021,Modern,,27
Yeah but but but no but but but yeah but but but no but 4,"Omid, Aryan","https://imslp.org/wiki/Yeah_but_but_but_no_but_but_but_yeah_but_but_but_no_but_4_(Omid,_Aryan)",37 pianos,,Modern,,2021,Modern,,27
Yeah but but but no but but but yeah but but but no but 5,"Omid, Aryan","https://imslp.org/wiki/Yeah_but_but_but_no_but_but_but_yeah_but_but_but_no_but_5_(Omid,_Aryan)",37 pianos,,Modern,,2021,Modern,,27
Yeah but but but no but but but yeah but but but no but 6,"Omid, Aryan","https://imslp.org/wiki/Yeah_but_but_but_no_but_but_but_yeah_but_but_but_no_but_6_(Omid,_Aryan)",37 pianos,,Modern,,2021,Modern,,30
Yeah but but but no but but but yeah but but but no but 7,"Omid, Aryan","https://imslp.org/wiki/Yeah_but_but_but_no_but_but_but_yeah_but_but_but_no_but_7_(Omid,_Aryan)",37 pianos,,Modern,,2021,Modern,,25
Yeah but but but no but but but yeah but but but no but 8,"Omid, Aryan","https://imslp.org/wiki/Yeah_but_but_but_no_but_but_but_yeah_but_but_but_no_but_8_(Omid,_Aryan)",37 pianos,,Modern,,2021,Modern,,25
Yeah but but but no but but but yeah but but but no but 9,"Omid, Aryan","https://imslp.org/wiki/Yeah_but_but_but_no_but_but_but_yeah_but_but_but_no_but_9_(Omid,_Aryan)",37 pianos,,Modern,,2021,Modern,,22
Yeah!,"Beischer-Matyó, Tamás","https://imslp.org/wiki/Yeah!_(Beischer-Matyó,_Tamás)","2 tenors, 2 baritones, 2 basses (or male chamber chorus), piano",,Modern,,2020,Modern,7 minutes,126
Yearning,"Daniels, Charles N.","https://imslp.org/wiki/Yearning_(Daniels,_Charles_N.)","voice, piano",,Early 20th century,,,Early 20th century,,34
Yearning,"Dhanrajani, Anish","https://imslp.org/wiki/Yearning_(Dhanrajani,_Anish)","flute, clarinet, violin",,Modern,,2026,Modern,1 minute,15
Yearning,"Gottschalk, Louis Moreau","https://imslp.org/wiki/Yearning_(Gottschalk,_Louis_Moreau)",piano,G-flat major,Romantic,,,Romantic,,1048
Yearning,"Ossusky, Hilda","https://imslp.org/wiki/Yearning_(Ossusky,_Hilda)","voice, piano",D major,Early 20th century,,,Early 20th century,,6
"Yearning For Love, Op.42","Boyle, Tyler John","https://imslp.org/wiki/Yearning_For_Love,_Op.42_(Boyle,_Tyler_John)","viola, piano",C-sharp minor,Modern,,,Modern,20 minutes,506
Yearning Waltz,"Carbajo, Víctor","https://imslp.org/wiki/Yearning_Waltz_(Carbajo,_Víctor)",piano,D minor,Early 20th century,,2013,Modern,2 minutes,522
Yearning Waltz No.2,"Carbajo, Víctor","https://imslp.org/wiki/Yearning_Waltz_No.2_(Carbajo,_Víctor)",piano,D minor,Romantic,,2020,Modern,3.5 minutes,310
"Years, Years Ago","Friedman, Leo","https://imslp.org/wiki/Years,_Years_Ago_(Friedman,_Leo)","voice, piano",B-flat major,Early 20th century,,,Early 20th century,,5
Yedda,"Métra, Olivier","https://imslp.org/wiki/Yedda_(Métra,_Olivier)",orchestra,,Romantic,,,Romantic,,286
Yedda,"Reis, Julio","https://imslp.org/wiki/Yedda_(Reis,_Julio)",piano,D major,Romantic,,,Romantic,,17
Yee Haw,"Simpson, Cameron Lee","https://imslp.org/wiki/Yee_Haw_(Simpson,_Cameron_Lee)",piano,G major,Jazz,,2022,Modern,2:38 minutes,56
Yehi Rotzon,"Secunda, Sholom","https://imslp.org/wiki/Yehi_Rotzon_(Secunda,_Sholom)","voice, piano",A minor,Early 20th century,,,Early 20th century,,22
Yellow,"Grinholc, Piotr Fryderyk","https://imslp.org/wiki/Yellow_(Grinholc,_Piotr_Fryderyk)",strings,A major,Modern,,2013,Modern,2 minutes,565
Yellow Album of 20 Pieces for the Organ,Various,https://imslp.org/wiki/Yellow_Album_of_20_Pieces_for_the_Organ_(Various),Organ,,Romantic,,,,,4239
Yellow Flowers,"Esmen, Nurtan Alan","https://imslp.org/wiki/Yellow_Flowers_(Esmen,_Nurtan_Alan)","flute, harp",G major,Romantic,,2015,Modern,4 1/2 minutes,943
Yellow Kids on Parade,"Vandersloot, C. E.","https://imslp.org/wiki/Yellow_Kids_on_Parade_(Vandersloot,_C._E.)",piano,B-flat major,Romantic,,,Early 20th century,,9
"Yellow River Concerto II, Op.18","Alburger, Mark","https://imslp.org/wiki/Yellow_River_Concerto_II,_Op.18_(Alburger,_Mark)",Oboe (and Violin or Percussion or Any Instrument),,Modern,,1979,Modern,5 minutes,2882
Yellow Saraband,"Carbajo, Víctor","https://imslp.org/wiki/Yellow_Saraband_(Carbajo,_Víctor)",piano,D minor,Romantic,,2015,Modern,3 minutes,1068
"Yellowed Leaves, Op.31","Myaskovsky, Nikolay","https://imslp.org/wiki/Yellowed_Leaves,_Op.31_(Myaskovsky,_Nikolay)",piano,,Early 20th century,,1928,Early 20th century,,3964
Yellowstone,"Saman, Rob","https://imslp.org/wiki/Yellowstone_(Saman,_Rob)","orchestra, choir voices, piano, electric bass, percussion, synthesizers",,Modern,,2015,Modern,8 minutes,279
Yellowstone Rag,"Simpson, Cameron Lee","https://imslp.org/wiki/Yellowstone_Rag_(Simpson,_Cameron_Lee)",piano,A-flat major,Jazz,,2025,Modern,3 minutes,16
Yelpazə,"Folk Songs, Azerbaijani","https://imslp.org/wiki/Yelpazə_(Folk_Songs,_Azerbaijani)",voices,,Traditional,,,,,56
Yelva,"Ascher, Joseph","https://imslp.org/wiki/Yelva_(Ascher,_Joseph)",piano,A-flat major,Romantic,,,Romantic,,26
Yelva,"Henrion, Paul","https://imslp.org/wiki/Yelva_(Henrion,_Paul)",piano,,Romantic,,,Romantic,,9
Yelva,"Lortzing, Albert","https://imslp.org/wiki/Yelva_(Lortzing,_Albert)","Voices: 2 sopranos, tenor, bass + mixed chorus (SSTB) Orchestra",,Romantic,,1832,Romantic,,164
Yelva,"Reissiger, Carl Gottlieb","https://imslp.org/wiki/Yelva_(Reissiger,_Carl_Gottlieb)","voices, mixed chorus (SATB), orchestra",,Romantic,,,Romantic,,208
Yemaya Orisha Ocean Goddess,"Vincent IV, Teo","https://imslp.org/wiki/Yemaya_Orisha_Ocean_Goddess_(Vincent_IV,_Teo)",piano solo,C minor,Modern,,2006,,,421
Yemelyan Pugachev,"Koval, Marian","https://imslp.org/wiki/Yemelyan_Pugachev_(Koval,_Marian)","voices, mixed chorus (SATB), orchestra",,Early 20th century,,1939,Early 20th century,,0
"Yenə, yarəb","Folk Songs, Azerbaijani","https://imslp.org/wiki/Yenə,_yarəb_(Folk_Songs,_Azerbaijani)",voices,,Traditional,,,,,56
Yerangi,"Martirosyan, Levon","https://imslp.org/wiki/Yerangi_(Martirosyan,_Levon)",piano,,Modern,,,Modern,,146
"Yeri ha, yeri ha","Folk Songs, Azerbaijani","https://imslp.org/wiki/Yeri_ha,_yeri_ha_(Folk_Songs,_Azerbaijani)",voices,,Traditional,,,,,56
"Yeri, dam üstə yeri","Folk Songs, Azerbaijani","https://imslp.org/wiki/Yeri,_dam_üstə_yeri_(Folk_Songs,_Azerbaijani)",voices,,Traditional,,,,,55
"Yeri, nazənin","Folk Songs, Azerbaijani","https://imslp.org/wiki/Yeri,_nazənin_(Folk_Songs,_Azerbaijani)",voices,,Traditional,,,,,52
"Yeri, yeri","Folk Songs, Azerbaijani","https://imslp.org/wiki/Yeri,_yeri_(Folk_Songs,_Azerbaijani)",voices,,Traditional,,,,,56
"Yeri- yeri, qurbanım olum","Folk Songs, Azerbaijani","https://imslp.org/wiki/Yeri-_yeri,_qurbanım_olum_(Folk_Songs,_Azerbaijani)",voices,,Traditional,,,,,62
Yerra con poco saber,"Cornago, Johannes","https://imslp.org/wiki/Yerra_con_poco_saber_(Cornago,_Johannes)",3 voices,,Renaissance,,,Renaissance,,214
Yes It's Love,"Vincent IV, Teo","https://imslp.org/wiki/Yes_It's_Love_(Vincent_IV,_Teo)","voice, guitar",C major,Modern,,,,,0
Yes We Think of Thee at Home,"Ilsley, E. Clarke","https://imslp.org/wiki/Yes_We_Think_of_Thee_at_Home_(Ilsley,_E._Clarke)","voice, piano",,Romantic,,,Romantic,4 minutes,73
Yes and no,"Gray, Louisa","https://imslp.org/wiki/Yes_and_no_(Gray,_Louisa)","voice, piano",D major,Romantic,,,Romantic,,19
"Yes! Dearest, Sing Once More That Song","Loder, Edward James","https://imslp.org/wiki/Yes!_Dearest,_Sing_Once_More_That_Song_(Loder,_Edward_James)",Voice and piano,,Romantic,,,Romantic,,47
Yes! We Have No Bananas,"Silver, Frank","https://imslp.org/wiki/Yes!_We_Have_No_Bananas_(Silver,_Frank)","voice, piano",C major,Early 20th century,,,Early 20th century,,24
"Yes! the Die is Cast, Op.219","Grobe, Charles","https://imslp.org/wiki/Yes!_the_Die_is_Cast,_Op.219_(Grobe,_Charles)",piano,F major,Romantic,,,Romantic,,15
"Yes, He Loves Me","Pratt, Aaron","https://imslp.org/wiki/Yes,_He_Loves_Me_(Pratt,_Aaron)","voice, piano",F major,Modern,,2010,Modern,,1
"Yes, I Love You","Stults, Robert Morrison","https://imslp.org/wiki/Yes,_I_Love_You_(Stults,_Robert_Morrison)","voice, piano",B-flat major,Romantic,,1893,Romantic,3-4 minutes,329
"Yes, I Would the War Were Over","Winner, Septimus","https://imslp.org/wiki/Yes,_I_Would_the_War_Were_Over_(Winner,_Septimus)","voice, mixed chorus (SATB), piano",D major,Romantic,,,Romantic,,20
"Yes, We Think of Thee at Home","Hays, William Shakespeare","https://imslp.org/wiki/Yes,_We_Think_of_Thee_at_Home_(Hays,_William_Shakespeare)","solo voice, piano",E major,Romantic,,,Romantic,,22
"Yes, We Will Be True to Each Other","Root, George Frederick","https://imslp.org/wiki/Yes,_We_Will_Be_True_to_Each_Other_(Root,_George_Frederick)","voice, mixed chorus (SATB), piano",C major,Romantic,,,Romantic,,4
"Yes, many a maid with ev'ry charm","Masi, Girolamo","https://imslp.org/wiki/Yes,_many_a_maid_with_ev'ry_charm_(Masi,_Girolamo)","voice, piano",C major,Classical,,,Classical,,5
"Yesenin's Songs, Op.26","Vinogradova, Anastasia","https://imslp.org/wiki/Yesenin's_Songs,_Op.26_(Vinogradova,_Anastasia)","soprano, piano",,Modern,,2020,Modern,15 minutes,21
Yester Eve,"Zamecnik, John Stepan","https://imslp.org/wiki/Yester_Eve_(Zamecnik,_John_Stepan)","2 clarinets, 2 cornets, piano, 2 violins, cello",,Early 20th century,,,Early 20th century,,0
Yesterday,"Blockley, John","https://imslp.org/wiki/Yesterday_(Blockley,_John)","voice, piano",,Romantic,,,Romantic,,43
Yesterday,"Chadwick, George Whitefield","https://imslp.org/wiki/Yesterday_(Chadwick,_George_Whitefield)","Voice, piano",F major,Early 20th century,,,Romantic,,918
Yesterday,"Harris, Charles Kassell","https://imslp.org/wiki/Yesterday_(Harris,_Charles_Kassell)","voice, piano",,Romantic,,,Romantic,,42
Yesterday,"Tosti, Francesco Paolo","https://imslp.org/wiki/Yesterday_(Tosti,_Francesco_Paolo)","Voice, Piano",,Romantic,,,Romantic,,1340
Yesterday,"Wilson, Al H.","https://imslp.org/wiki/Yesterday_(Wilson,_Al_H.)","voice, piano",C major,Early 20th century,,,Early 20th century,,9
Yesterday Bacchic Friends,"Yakovlev, Mikhail","https://imslp.org/wiki/Yesterday_Bacchic_Friends_(Yakovlev,_Mikhail)",Voice and Piano,,Romantic,,,Romantic,,52
Yesterday Bacchic friends,"Yakolev, Mikhail","https://imslp.org/wiki/Yesterday_Bacchic_friends_(Yakolev,_Mikhail)",Voice and Piano,,Romantic,,,Romantic,,52
Yesterday and Today,"Spross, Charles Gilbert","https://imslp.org/wiki/Yesterday_and_Today_(Spross,_Charles_Gilbert)","voice, piano",,Early 20th century,,,Early 20th century,,8
Yesterday!,"Beischer-Matyó, Tamás","https://imslp.org/wiki/Yesterday!_(Beischer-Matyó,_Tamás)","SSAA quartet (or chamber choir), piano",,Modern,,2025,Modern,7 minutes,66
"Yesterthoughts, Op.37","Herbert, Victor","https://imslp.org/wiki/Yesterthoughts,_Op.37_(Herbert,_Victor)",piano,G major,Early 20th century,,,Romantic,,225
Yet Awhile Sweet Sleep Deceive Me,"Sacchini, Antonio","https://imslp.org/wiki/Yet_Awhile_Sweet_Sleep_Deceive_Me_(Sacchini,_Antonio)","voice, keyboard, violins",F,Classical,,,Classical,,823
Yetta,"Lecocq, Charles","https://imslp.org/wiki/Yetta_(Lecocq,_Charles)","Vocal soloists, Chorus, Orchestra",,Romantic,,,Romantic,,184
Yevarechecha,"Bachlund, Gary","https://imslp.org/wiki/Yevarechecha_(Bachlund,_Gary)","medium voice, guitar",,Modern,,2010,Modern,2 minutes,386
Yfir djúpi,"Pálsson, Ísólfur","https://imslp.org/wiki/Yfir_djúpi_(Pálsson,_Ísólfur)","voice, piano; mixed chorus (SATB)",E minor,Romantic,,1916,Romantic,,8
Yfir djúpi,Ísólfur Pálsson,https://imslp.org/wiki/Yfir_djúpi_(Ísólfur_Pálsson),"voice, piano; mixed chorus (SATB)",E minor,Romantic,,1916,Romantic,,8
Yfir fornum frægðar ströndum,Helgi Helgason,https://imslp.org/wiki/Yfir_fornum_frægðar_ströndum_(Helgi_Helgason),mixed chorus (SATB),D major,Romantic,,,Romantic,,24
Yfir hafið,"Helgason, Helgi","https://imslp.org/wiki/Yfir_hafið_(Helgason,_Helgi)",mixed chorus (SATB),G major,Romantic,,,Romantic,,5
Yfir hafið,Helgi Helgason,https://imslp.org/wiki/Yfir_hafið_(Helgi_Helgason),mixed chorus (SATB),G major,Romantic,,,Romantic,,5
Yfir heiðum og högum,Halldór Jónsson,https://imslp.org/wiki/Yfir_heiðum_og_högum_(Halldór_Jónsson),"voice, harmonium (or piano)",C major,Romantic,,,Romantic,,6
Yfir kaldan eyðisand,"Blöndal, Þorvaldur","https://imslp.org/wiki/Yfir_kaldan_eyðisand_(Blöndal,_Þorvaldur)","voice, piano",G minor,Romantic,,,Romantic,,4
Yfir kaldan eyðisand,Kristján Kristjánsson,https://imslp.org/wiki/Yfir_kaldan_eyðisand_(Kristján_Kristjánsson),male chorus (TTBB),D minor,Romantic,,,Romantic,,15
Yfir minni Íslands,"Laxdal, Jón","https://imslp.org/wiki/Yfir_minni_Íslands_(Laxdal,_Jón)",male chorus (TTBB); mixed chorus (SATB),,Romantic,,,Romantic,,14
Yfir voru ættarlandi,"Einarsson, Sigfús","https://imslp.org/wiki/Yfir_voru_ættarlandi_(Einarsson,_Sigfús)",,F major,Romantic,,,Romantic,,5
Yfir voru ættarlandi,Sigfús Einarsson,https://imslp.org/wiki/Yfir_voru_ættarlandi_(Sigfús_Einarsson),,F major,Romantic,,,Romantic,,5
Yiddish Zhok,"Bernet, Atie","https://imslp.org/wiki/Yiddish_Zhok_(Bernet,_Atie)",2 or 3 violins,D minor,Classical,,2011,Modern,,6779
Yiddle on Your Fiddle Play Some Rag Time,"Berlin, Irving","https://imslp.org/wiki/Yiddle_on_Your_Fiddle_Play_Some_Rag_Time_(Berlin,_Irving)","voice, piano",G major,Early 20th century,,,Early 20th century,,45
Yidisher Air,"Nichifor, Serban","https://imslp.org/wiki/Yidisher_Air_(Nichifor,_Serban)","flute, piano",D major,Modern,,2018,Modern,5 minutes,287
Yidisher Faust,"Goldfaden, Abraham","https://imslp.org/wiki/Yidisher_Faust_(Goldfaden,_Abraham)","voices, chorus, piano",,Romantic,,,Romantic,,14
Yiftaḥ,"Idelsohn, Abraham Zevi","https://imslp.org/wiki/Yiftaḥ_(Idelsohn,_Abraham_Zevi)","voices, orchestra",,Romantic,,,Early 20th century,,8
Yih'yu L'ratzon 1,"Deutsch, Leslie Joseph","https://imslp.org/wiki/Yih'yu_L'ratzon_1_(Deutsch,_Leslie_Joseph)","soprano, mixed chorus (SATB), flute",E minor,Modern,,1977,Modern,3 minutes,8
Yih'yu L'ratzon 2,"Deutsch, Leslie Joseph","https://imslp.org/wiki/Yih'yu_L'ratzon_2_(Deutsch,_Leslie_Joseph)","female chorus (SSA), organ",G minor,Modern,,1984,Modern,2.5 minutes,10
Yijianzhi,"Olvera, Moises","https://imslp.org/wiki/Yijianzhi_(Olvera,_Moises)","synthesizer, guitar, cello, electric bass",D minor,Modern,,2023,Modern,6 minutes,43
Yin and Yang Cantata,"Lambert, Edward","https://imslp.org/wiki/Yin_and_Yang_Cantata_(Lambert,_Edward)","soprano, bass, strings, organ",,Modern,,2015,Modern,11 minutes,229
Yin-Yang,"Jolivet, André","https://imslp.org/wiki/Yin-Yang_(Jolivet,_André)","6 violins, 2 violas, 2 cellos, double bass",,Modern,,1973,Modern,17 minutes,28
Yinchuan Hornpipe,"Messerschmidt, Hans Jorgen","https://imslp.org/wiki/Yinchuan_Hornpipe_(Messerschmidt,_Hans_Jorgen)",trumpet,A-flat major,Modern,,2015,Modern,1 minutes,3
Yine Bir Gülnihal,"İsmail Dede, Hammâmî-zâde","https://imslp.org/wiki/Yine_Bir_Gülnihal_(İsmail_Dede,_Hammâmî-zâde)",unknown,,Romantic,,,Romantic,,1488
Yine bir gülnihal,"Ekserciyan, Kemani Tatyos","https://imslp.org/wiki/Yine_bir_gülnihal_(Ekserciyan,_Kemani_Tatyos)",unknown,,Romantic,,,Romantic,,1490
Yip Yip Yaphank,"Berlin, Irving","https://imslp.org/wiki/Yip_Yip_Yaphank_(Berlin,_Irving)","vocal soloists, chorus, orchestra",,Early 20th century,,1918,Early 20th century,,292
Yip-I-Addy-I-Ay!,"Flynn, John H.","https://imslp.org/wiki/Yip-I-Addy-I-Ay!_(Flynn,_John_H.)","voice, piano",C major,Early 20th century,,,Romantic,,8
Yippee!,"Simpson, Cameron Lee","https://imslp.org/wiki/Yippee!_(Simpson,_Cameron_Lee)",piano,G major,Jazz,,2025,Modern,,30
Yirdaki,"Malancioiu, Gabriel","https://imslp.org/wiki/Yirdaki_(Malancioiu,_Gabriel)",Trombone,,Modern,,2009,Modern,5-6 minutes,2088
"Yksin, Op.29b No.4","Kuula, Toivo","https://imslp.org/wiki/Yksin,_Op.29b_No.4_(Kuula,_Toivo)",Female choir a cappella,G minor,Early 20th century,,1907,Romantic,,533
"Yksinlauluja pianon säestyksellä, Op.25","Madetoja, Leevi","https://imslp.org/wiki/Yksinlauluja_pianon_säestyksellä,_Op.25_(Madetoja,_Leevi)","voice, piano",,Romantic,,1914-15,Early 20th century,,15
"Yksinlauluja pianon säestyksellä, Op.60","Madetoja, Leevi","https://imslp.org/wiki/Yksinlauluja_pianon_säestyksellä,_Op.60_(Madetoja,_Leevi)","voice, piano",,Romantic,,1921,Early 20th century,,17
"Yksinlauluja pianon säestyksellä, Op.9","Madetoja, Leevi","https://imslp.org/wiki/Yksinlauluja_pianon_säestyksellä,_Op.9_(Madetoja,_Leevi)","voice, piano",,Romantic,,1909-11,Early 20th century,,7
Ylistäkää Herraa taivaista,"Kinnunen, Reijo","https://imslp.org/wiki/Ylistäkää_Herraa_taivaista_(Kinnunen,_Reijo)",female chorus,,Modern,,2015,Modern,,264
"Yllätä, ikuinen yö, Op.4 No.2","Kuula, Toivo","https://imslp.org/wiki/Yllätä,_ikuinen_yö,_Op.4_No.2_(Kuula,_Toivo)",Male choir a cappella,E-flat minor,Romantic,,1906,Romantic,,54
Ymir,"Sauter, Louis","https://imslp.org/wiki/Ymir_(Sauter,_Louis)",piano,,Modern,,2021,Modern,3 minutes,51
Yntentos y alzare,"Teixidor y Barceló, José","https://imslp.org/wiki/Yntentos_y_alzare_(Teixidor_y_Barceló,_José)",keyboard,,Classical,,,Classical,,16
Yo Casio,"Drehmer, Earl Richard","https://imslp.org/wiki/Yo_Casio_(Drehmer,_Earl_Richard)",keyboard (Casio sounds),,Modern,,1988 ca.,Modern,1.8 minutes,0
Yo Soy La Locura,"Bailly, Henri du","https://imslp.org/wiki/Yo_Soy_La_Locura_(Bailly,_Henri_du)",lute,G minor,Renaissance,,1614 ca.,Baroque,,116
Yo Te Amo Means I Love You,"Whiting, Richard Armstrong","https://imslp.org/wiki/Yo_Te_Amo_Means_I_Love_You_(Whiting,_Richard_Armstrong)","voice, piano",C major,Early 20th century,,,Early 20th century,3 minutes,0
Yo agio pianto tanto,Anonymous,https://imslp.org/wiki/Yo_agio_pianto_tanto_(Anonymous),4 voices,,Renaissance,,,,,49
Yo alexino half on them chips innit 1,"Omid, Aryan","https://imslp.org/wiki/Yo_alexino_half_on_them_chips_innit_1_(Omid,_Aryan)","any number of play-ers or as many play-ers as possible or 155 play-ers, each with 2 stones",,Modern,,2020,Modern,,35
Yo alexino half on them chips innit 10,"Omid, Aryan","https://imslp.org/wiki/Yo_alexino_half_on_them_chips_innit_10_(Omid,_Aryan)","any number of play-ers or as many play-ers as possible or 147 play-ers, each with 2 stones",,Modern,,2020,Modern,,20
Yo alexino half on them chips innit 11,"Omid, Aryan","https://imslp.org/wiki/Yo_alexino_half_on_them_chips_innit_11_(Omid,_Aryan)","any number of play-ers or as many play-ers as possible or 632 play-ers, each with 2 stones",,Modern,,2020,Modern,,22
Yo alexino half on them chips innit 12,"Omid, Aryan","https://imslp.org/wiki/Yo_alexino_half_on_them_chips_innit_12_(Omid,_Aryan)","any number of play-ers or as many play-ers as possible or 829 play-ers, each with 2 stones",,Modern,,2020,Modern,,20
Yo alexino half on them chips innit 2,"Omid, Aryan","https://imslp.org/wiki/Yo_alexino_half_on_them_chips_innit_2_(Omid,_Aryan)","any number of play-ers or as many play-ers as possible or 364 play-ers, each with 2 stones",,Modern,,2020,Modern,,23
Yo alexino half on them chips innit 3,"Omid, Aryan","https://imslp.org/wiki/Yo_alexino_half_on_them_chips_innit_3_(Omid,_Aryan)","any number of play-ers or as many play-ers as possible or 924 play-ers, each with 2 stones",,Modern,,2020,Modern,,22
Yo alexino half on them chips innit 4,"Omid, Aryan","https://imslp.org/wiki/Yo_alexino_half_on_them_chips_innit_4_(Omid,_Aryan)","any number of play-ers or as many play-ers as possible or 577 play-ers, each with 2 stones",,Modern,,2020,Modern,,16
Yo alexino half on them chips innit 5,"Omid, Aryan","https://imslp.org/wiki/Yo_alexino_half_on_them_chips_innit_5_(Omid,_Aryan)","any number of play-ers or as many play-ers as possible or 838 play-ers, each with 2 stones",,Modern,,2020,Modern,,23
Yo alexino half on them chips innit 6,"Omid, Aryan","https://imslp.org/wiki/Yo_alexino_half_on_them_chips_innit_6_(Omid,_Aryan)","any number of play-ers or as many play-ers as possible or 624 play-ers, each with 2 stones",,Modern,,2020,Modern,,20
Yo alexino half on them chips innit 7,"Omid, Aryan","https://imslp.org/wiki/Yo_alexino_half_on_them_chips_innit_7_(Omid,_Aryan)","any number of play-ers or as many play-ers as possible or 751 play-ers, each with 2 stones",,Modern,,2020,Modern,,23
Yo alexino half on them chips innit 8,"Omid, Aryan","https://imslp.org/wiki/Yo_alexino_half_on_them_chips_innit_8_(Omid,_Aryan)","any number of play-ers or as many play-ers as possible or 388 play-ers, each with 2 stones",,Modern,,2020,Modern,,21
Yo alexino half on them chips innit 9,"Omid, Aryan","https://imslp.org/wiki/Yo_alexino_half_on_them_chips_innit_9_(Omid,_Aryan)","any number of play-ers or as many play-ers as possible or 679 play-ers, each with 2 stones",,Modern,,2020,Modern,,19
Yo la tengo de cantar,"Quiroz, Manuel José de","https://imslp.org/wiki/Yo_la_tengo_de_cantar_(Quiroz,_Manuel_José_de)","alto, continuo",,Baroque,,,Baroque,,72
"Yo no sé, Op.147","Plante, Cyril","https://imslp.org/wiki/Yo_no_sé,_Op.147_(Plante,_Cyril)","Tenor, piano",,Early 20th century,,,Modern,,349
Yo que soy,"Dallo y Lana, Miguel Matheo","https://imslp.org/wiki/Yo_que_soy_(Dallo_y_Lana,_Miguel_Matheo)","alto, 2 violins, continuo",,Baroque,,,Baroque,,73
Yo so contento de la mya dona,Anonymous,https://imslp.org/wiki/Yo_so_contento_de_la_mya_dona_(Anonymous),3 voices,,Renaissance,,,,,104
Yo soy un amolador,Dueñas,https://imslp.org/wiki/Yo_soy_un_amolador_(Dueñas),"SSA(T), continuo (see below)",,Baroque,,,Baroque,,57
"Yo te adoro, Op.18","Gonzaga, Chiquinha","https://imslp.org/wiki/Yo_te_adoro,_Op.18_(Gonzaga,_Chiquinha)",piano,F major,Romantic,,1881,Romantic,,101
"Yo te amaré, Op.116","Cruz, Antonio de la","https://imslp.org/wiki/Yo_te_amaré,_Op.116_(Cruz,_Antonio_de_la)","voice (mezzo soprano), piano",,Romantic,,,Romantic,,14
Yo te amo,"Mueller, Joseph","https://imslp.org/wiki/Yo_te_amo_(Mueller,_Joseph)",piano,A major,Early 20th century,,,Early 20th century,,15
Yo te amo,"Rolfe, Walter","https://imslp.org/wiki/Yo_te_amo_(Rolfe,_Walter)",piano,,Early 20th century,,,Early 20th century,,28
Yo te quiero mucho,"Espinoza Reyes, Miguel","https://imslp.org/wiki/Yo_te_quiero_mucho_(Espinoza_Reyes,_Miguel)",piano,D minor,Romantic,,,Romantic,,0
"Yo vivo por ti, Op.195","Cruz, Antonio de la","https://imslp.org/wiki/Yo_vivo_por_ti,_Op.195_(Cruz,_Antonio_de_la)",voice + piano,,Romantic,,,Romantic,,7
"Yo! mountains, yo! dales","Vysotsky, Mikhail","https://imslp.org/wiki/Yo!_mountains,_yo!_dales_(Vysotsky,_Mikhail)",guitar,A major,Romantic,,,Romantic,,14
Yodeling Yolanda,"Rondeau, Michel","https://imslp.org/wiki/Yodeling_Yolanda_(Rondeau,_Michel)",piano,C major,Classical,,2020,Modern,2 minutes,73
Yodle Songs,"Knuth, Jürgen","https://imslp.org/wiki/Yodle_Songs_(Knuth,_Jürgen)",Voices,,Modern,,,Modern,,3049
Yoga Suite,"Allard, Michel","https://imslp.org/wiki/Yoga_Suite_(Allard,_Michel)",piano,,Modern,,2013,Modern,60 minutes,1037
Yoho!,"Pease, Alfred Humphries","https://imslp.org/wiki/Yoho!_(Pease,_Alfred_Humphries)","voice, piano",,Romantic,,,Romantic,,14
Yoimachigusa,"Ōno, Tadasuke","https://imslp.org/wiki/Yoimachigusa_(Ōno,_Tadasuke)","voice, piano",C minor,Romantic,,1917,Romantic,,5310
Yokohama,"DeBaugh, W. C.","https://imslp.org/wiki/Yokohama_(DeBaugh,_W._C.)",piano,F major,Early 20th century,,,Early 20th century,,17
Yokohama Hornpipe,"Messerschmidt, Hans Jorgen","https://imslp.org/wiki/Yokohama_Hornpipe_(Messerschmidt,_Hans_Jorgen)",trumpet,A-flat major,Modern,,2015,Modern,1 minutes,1
Yola,"Costa, Americo","https://imslp.org/wiki/Yola_(Costa,_Americo)",piano,D-flat major,Early 20th century,,,Early 20th century,,16
Yolanda,"Carvalho, Carlos T. de","https://imslp.org/wiki/Yolanda_(Carvalho,_Carlos_T._de)",piano,E-flat major,Early 20th century,,1908 ca.,Romantic,,19
Yolanda,"Figueira, A.","https://imslp.org/wiki/Yolanda_(Figueira,_A.)",piano,C major,Romantic,,1912 ca.,Romantic,,14
Yolanda,"Nazareth, Ernesto","https://imslp.org/wiki/Yolanda_(Nazareth,_Ernesto)",piano,D major,Early 20th century,,1922 ca.,Early 20th century,,222
"Yolande, Op.5","Magnard, Albéric","https://imslp.org/wiki/Yolande,_Op.5_(Magnard,_Albéric)","Voices, Mixed Chorus, Orchestra",,Romantic,,1888–91,Romantic,,428
Yolita,"Domingues, Misael","https://imslp.org/wiki/Yolita_(Domingues,_Misael)",piano,E-flat major,Romantic,,,Romantic,,13
"Yon Wild Mossy Mountains, Hob.XXXIa:119","Haydn, Joseph","https://imslp.org/wiki/Yon_Wild_Mossy_Mountains,_Hob.XXXIa:119_(Haydn,_Joseph)","voice, violin, keyboard (including figured bass)",G minor,Classical,,,Classical,,2195
Yonder,"St. Clair, Richard","https://imslp.org/wiki/Yonder_(St._Clair,_Richard)",mixed chorus (SATB),,Early 20th century,,1971-1972 (2014 revision),Modern,10-14 minutes,94
"Yonder! Yonder!, Op.24","Plumhof, Henri","https://imslp.org/wiki/Yonder!_Yonder!,_Op.24_(Plumhof,_Henri)",4 voices,,Early 20th century,,,Romantic,,8
Yonder-Yore Songs,"Besset, Julian Raoul","https://imslp.org/wiki/Yonder-Yore_Songs_(Besset,_Julian_Raoul)","voice, piano",,Early 20th century,,,Modern,,74
Yong Sang,"Kim, Hee Cheol","https://imslp.org/wiki/Yong_Sang_(Kim,_Hee_Cheol)",orchestra,,Modern,,1991,Modern,,76
Yongding Hee Hornpipe,"Messerschmidt, Hans Jorgen","https://imslp.org/wiki/Yongding_Hee_Hornpipe_(Messerschmidt,_Hans_Jorgen)",trumpet,G major,Modern,,2015,Modern,1 minutes,0
Yoo-Hoo,"Jolson, Al","https://imslp.org/wiki/Yoo-Hoo_(Jolson,_Al)","voice, piano",G major,Jazz,,1921,Early 20th century,,60
Yoo-Hoo O' Skinnay,"Annette, Marie","https://imslp.org/wiki/Yoo-Hoo_O'_Skinnay_(Annette,_Marie)","voice, piano",G major,Early 20th century,,,Early 20th century,,22
Yorkshire,"Kimberling, Clark","https://imslp.org/wiki/Yorkshire_(Kimberling,_Clark)",piano,,Modern,,2021,Modern,2 minutes,44
Yorkshire Airs,"Mather, Samuel","https://imslp.org/wiki/Yorkshire_Airs_(Mather,_Samuel)",piano,,Classical,,,Classical,,52
Yorkshire Bells,"Pridham, John","https://imslp.org/wiki/Yorkshire_Bells_(Pridham,_John)",Piano,,Romantic,,,Romantic,,169
Yorktown Centennial,"Sousa, John Philip","https://imslp.org/wiki/Yorktown_Centennial_(Sousa,_John_Philip)",Band / Orchestra / Piano,,Romantic,,1881,Romantic,,786
Yorktown March,"Dugenne, Daniel","https://imslp.org/wiki/Yorktown_March_(Dugenne,_Daniel)",piano,F major,Romantic,,,Romantic,,19
Yoru no Machi,"Ibaraki, Nobuhito","https://imslp.org/wiki/Yoru_no_Machi_(Ibaraki,_Nobuhito)",keyboard,C minor,Romantic,,1998 ca.,Modern,,120
Yoruba Diasporas,"Vincent IV, Teo","https://imslp.org/wiki/Yoruba_Diasporas_(Vincent_IV,_Teo)","conga drum, agogo, clave percussion, piano",F major,Modern,,,,,846
Yosemite,"Patterson, Phil","https://imslp.org/wiki/Yosemite_(Patterson,_Phil)","voice, piano",,Early 20th century,,,Early 20th century,,5
Yosholawa Hornpipe,"Messerschmidt, Hans Jorgen","https://imslp.org/wiki/Yosholawa_Hornpipe_(Messerschmidt,_Hans_Jorgen)",trumpet,A-flat major,Modern,,2015,Modern,1 minutes,0
You,"Heck, Ernest R.","https://imslp.org/wiki/You_(Heck,_Ernest_R.)","voice, piano",E-flat major,Early 20th century,,,Early 20th century,,4
You,"Robyn, Alfred George","https://imslp.org/wiki/You_(Robyn,_Alfred_George)","voice, piano",,Romantic,,,Romantic,,26
You,"Simpson, Daniel Léo","https://imslp.org/wiki/You_(Simpson,_Daniel_Léo)","vocals, flute, piano, synth, acoustic guitar, lead guitar, bass guitar, drums",C major,Modern,,"2014, February 23",Modern,4 minutes,965
You (name),"Torre, Salvador","https://imslp.org/wiki/You_(name)_(Torre,_Salvador)",flute,,Modern,,2004,Modern,5 minutes,579
You Are Always Young to Me,"Danks, Hart Pease","https://imslp.org/wiki/You_Are_Always_Young_to_Me_(Danks,_Hart_Pease)","voice, mixed chorus(SATB) & piano",B-flat major,Romantic,,,Romantic,5 minutes,4
"You Are Going to the Wars, Willie Boy!","Hewitt, John Hill","https://imslp.org/wiki/You_Are_Going_to_the_Wars,_Willie_Boy!_(Hewitt,_John_Hill)","voice, piano",G major,Romantic,,,Romantic,2-3 minutes,73
You Are Mine,"Murray, J. K.","https://imslp.org/wiki/You_Are_Mine_(Murray,_J._K.)","voice, piano",G major,Early 20th century,,,Early 20th century,,5
You Are My Everything,"Afromeyev, Aleksey","https://imslp.org/wiki/You_Are_My_Everything_(Afromeyev,_Aleksey)",guitar,C minor,Romantic,,,Romantic,,15
You Are Surely Welcome to Atlanta,"Wilson, Arthur C.","https://imslp.org/wiki/You_Are_Surely_Welcome_to_Atlanta_(Wilson,_Arthur_C.)","voice, piano",F major,Early 20th century,,,Early 20th century,,5
You Are a Teacher,"Brolsma, Bruce Edward","https://imslp.org/wiki/You_Are_a_Teacher_(Brolsma,_Bruce_Edward)","soprano, alto, tenor, bass, piano",D major,Modern,,2003,Modern,3 minutes,23
You Are the Ideal of My Dreams,"Ingraham, Herbert","https://imslp.org/wiki/You_Are_the_Ideal_of_My_Dreams_(Ingraham,_Herbert)","voice, piano",,Early 20th century,,,Early 20th century,,7
"You Are the Love of My Life, CCW36","Labrecque, Samuel","https://imslp.org/wiki/You_Are_the_Love_of_My_Life,_CCW36_(Labrecque,_Samuel)","voice, piano",G minor,Modern,,2008,Modern,4 minutes,127
You Are the Rose of My Heart,"Kendis, James","https://imslp.org/wiki/You_Are_the_Rose_of_My_Heart_(Kendis,_James)","voice, piano",C major,Early 20th century,,,Romantic,,11
You Ask Why These Mountains Delight,"Cooke, Henry","https://imslp.org/wiki/You_Ask_Why_These_Mountains_Delight_(Cooke,_Henry)","voice, cello, harpsichord",F major,Classical,,1812,Classical,,12
You Broke My Heart to Pass the Time Away,"Goodwin, Joe","https://imslp.org/wiki/You_Broke_My_Heart_to_Pass_the_Time_Away_(Goodwin,_Joe)","voice, piano",G major,Early 20th century,,,Early 20th century,,16
You Brought Ireland Right Over to Me,"Ball, Ernest Roland","https://imslp.org/wiki/You_Brought_Ireland_Right_Over_to_Me_(Ball,_Ernest_Roland)","voice, piano",E-flat major,Early 20th century,,,Romantic,,9
You Brought Old Ireland Back to Me,"Robinson, J. Russel","https://imslp.org/wiki/You_Brought_Old_Ireland_Back_to_Me_(Robinson,_J._Russel)","voice, piano",,Early 20th century,,,Early 20th century,,10
You Came Like the Dawn,"McScod, Ivan","https://imslp.org/wiki/You_Came_Like_the_Dawn_(McScod,_Ivan)","voice, piano",,Early 20th century,,,Early 20th century,,8
"You Can Have It, I Don't Want It","Hill, May","https://imslp.org/wiki/You_Can_Have_It,_I_Don't_Want_It_(Hill,_May)","voice, piano",B-flat major,Early 20th century,,,Early 20th century,,18
You Can Never Win Us Back,"Smith, J. E.","https://imslp.org/wiki/You_Can_Never_Win_Us_Back_(Smith,_J._E.)","voice, piano (arranged)",E-flat major,Romantic,,,Romantic,,4
You Can Stay but that Doggone Fiddle Must Go,"Baskette, Billy","https://imslp.org/wiki/You_Can_Stay_but_that_Doggone_Fiddle_Must_Go_(Baskette,_Billy)","voice, piano",E-flat major,Early 20th century,,,Early 20th century,,17
You Can Take Me Away from Dixie,"Rose, Fred","https://imslp.org/wiki/You_Can_Take_Me_Away_from_Dixie_(Rose,_Fred)","voice, piano",F major,Early 20th century,,,Early 20th century,,8
You Can't Afford to Marry,"Frost, Jack","https://imslp.org/wiki/You_Can't_Afford_to_Marry_(Frost,_Jack)","voice, piano",E-flat major,Early 20th century,,,Early 20th century,,7
You Can't Beat Us,"Ball, Ernest Roland","https://imslp.org/wiki/You_Can't_Beat_Us_(Ball,_Ernest_Roland)","voice, piano",C major,Early 20th century,,,Romantic,,8
You Can't Blame the Girlies at All,"Silver, Abner","https://imslp.org/wiki/You_Can't_Blame_the_Girlies_at_All_(Silver,_Abner)","voice, piano",C major,Early 20th century,,,Early 20th century,,10
You Can't Deny You're Irish,"Cohan, George Michael","https://imslp.org/wiki/You_Can't_Deny_You're_Irish_(Cohan,_George_Michael)","voice, mixed chorus, piano",G major,Romantic,,,Early 20th century,,4
You Can't Get Away from It,"Schwartz, Jean","https://imslp.org/wiki/You_Can't_Get_Away_from_It_(Schwartz,_Jean)","voice, piano",C major,Early 20th century,,,Early 20th century,,10
You Can't Jolly Molly Anymore,"Allen, Thomas S.","https://imslp.org/wiki/You_Can't_Jolly_Molly_Anymore_(Allen,_Thomas_S.)","voice, piano",B-flat major,Romantic,,,Romantic,,33
You Can't Keep the Union Man Down,"McCarthy, Eddie","https://imslp.org/wiki/You_Can't_Keep_the_Union_Man_Down_(McCarthy,_Eddie)","voice, piano",F major,Early 20th century,,,Early 20th century,,4
You Can't Make a Fool out of Me,"Van Alstyne, Egbert","https://imslp.org/wiki/You_Can't_Make_a_Fool_out_of_Me_(Van_Alstyne,_Egbert)","voice, piano",A-flat major,Early 20th century,,,Early 20th century,,52
You Can't Play in Our Yard Any More,"Petrie, Henry W.","https://imslp.org/wiki/You_Can't_Play_in_Our_Yard_Any_More_(Petrie,_Henry_W.)","voice, piano",F major,Romantic,,,Early 20th century,,12
You Can't Repay Your Mother,"Miller, Harry S.","https://imslp.org/wiki/You_Can't_Repay_Your_Mother_(Miller,_Harry_S.)","voice, piano",B-flat major,Romantic,,,Early 20th century,,7
You Cannot Doubt My Love,"Hewitt, John Hill","https://imslp.org/wiki/You_Cannot_Doubt_My_Love_(Hewitt,_John_Hill)","voice, piano",F major,Romantic,,,Romantic,2 minutes,72
You Cannot Shake that 'Shimmie' Here,"Van, Gus","https://imslp.org/wiki/You_Cannot_Shake_that_'Shimmie'_Here_(Van,_Gus)","voice, piano",,Early 20th century,,,Early 20th century,,15
You Cannot Shake that Shimmie Here,"Van, Gus","https://imslp.org/wiki/You_Cannot_Shake_that_Shimmie_Here_(Van,_Gus)","voice, piano",C major,Early 20th century,,,Early 20th century,,15
You Close Your Eyes and Your Ears and All the Sounds,"Psimikakis-Chalkokondylis, Nikolaos-Laonikos","https://imslp.org/wiki/You_Close_Your_Eyes_and_Your_Ears_and_All_the_Sounds_(Psimikakis-Chalkokondylis,_Nikolaos-Laonikos)","soprano, electric guitar, soprano saxophone, violoncello, accordion",,Modern,,2008,Modern,4-5 minutes,4935
You Dear,"Feiner, Leo","https://imslp.org/wiki/You_Dear_(Feiner,_Leo)","voice, piano",E-flat major,Early 20th century,,,Early 20th century,,11
You Didn't Want Me When I Wanted You,"Stern, Jack","https://imslp.org/wiki/You_Didn't_Want_Me_When_I_Wanted_You_(Stern,_Jack)","voice, piano",B-flat major,Early 20th century,,,Early 20th century,,7
You Didn't Want Me When You Had Me,"Bennett, George J.","https://imslp.org/wiki/You_Didn't_Want_Me_When_You_Had_Me_(Bennett,_George_J.)","voice, piano",C major,Early 20th century,,,Early 20th century,,30
You Didn't Want Me When You Had Me,"Bennett, George John","https://imslp.org/wiki/You_Didn't_Want_Me_When_You_Had_Me_(Bennett,_George_John)","voice, piano",C major,Early 20th century,,,Early 20th century,,30
You Don't Know,"Davis, Wheatley","https://imslp.org/wiki/You_Don't_Know_(Davis,_Wheatley)","voice, piano",E-flat major,Early 20th century,,,Early 20th century,,5
You Gave Me Your Heart,"Webbe, Samuel","https://imslp.org/wiki/You_Gave_Me_Your_Heart_(Webbe,_Samuel)",SATTB voices,A major,Classical,,1776,Classical,,402
You Gave Me a White Carnation,"Rice, Gitz","https://imslp.org/wiki/You_Gave_Me_a_White_Carnation_(Rice,_Gitz)","voice, piano",,Early 20th century,,,Romantic,,10
You Great Big Bashful Doll,"Abrahams, Maurice","https://imslp.org/wiki/You_Great_Big_Bashful_Doll_(Abrahams,_Maurice)","voice, piano",E-flat major,Early 20th century,,,Early 20th century,,30
You Great Big Handsome Marine,"Dixon, Harold","https://imslp.org/wiki/You_Great_Big_Handsome_Marine_(Dixon,_Harold)","voice, piano",B-flat major,Early 20th century,,,Early 20th century,,8
You Have a Wonderful Way,"Smith, Earl K.","https://imslp.org/wiki/You_Have_a_Wonderful_Way_(Smith,_Earl_K.)","voice, piano",F major,Early 20th century,,,Early 20th century,,9
You Have the Conquest Won,"King, Robert","https://imslp.org/wiki/You_Have_the_Conquest_Won_(King,_Robert)",3 voices and continuo.,A minor,Baroque,,,Baroque,,294
"You Jes' Will Git Ready, You Gwine a Die","Guion, David W.","https://imslp.org/wiki/You_Jes'_Will_Git_Ready,_You_Gwine_a_Die_(Guion,_David_W.)","voice, piano",F major,Early 20th century,,,Modern,,19
You King and Country Want You,"Rubens, Paul Alfred","https://imslp.org/wiki/You_King_and_Country_Want_You_(Rubens,_Paul_Alfred)","voice, piano",C major,Early 20th century,,,Early 20th century,,8
You Kissed Me,"Harris, Charles Kassell","https://imslp.org/wiki/You_Kissed_Me_(Harris,_Charles_Kassell)",piano,C major,Romantic,,,Romantic,,19
You Know,"Lloyd, Arthur","https://imslp.org/wiki/You_Know_(Lloyd,_Arthur)","voice, piano",D major,Romantic,,,Early 20th century,,6
You Know,"Polla, William Conrad","https://imslp.org/wiki/You_Know_(Polla,_William_Conrad)","voice, piano",B-flat major,Early 20th century,,,Early 20th century,,8
You Know You Belong to Somebody Else,"Monaco, James Vincent","https://imslp.org/wiki/You_Know_You_Belong_to_Somebody_Else_(Monaco,_James_Vincent)","voice, piano",B-flat major,Early 20th century,,,Early 20th century,,8
You Know You Do!,"Holst, Eduard","https://imslp.org/wiki/You_Know_You_Do!_(Holst,_Eduard)","2 children's voices (male and female), piano",,Romantic,,,Romantic,,8
You Left Me Out in the Rain,"Ginsberg, Sol","https://imslp.org/wiki/You_Left_Me_Out_in_the_Rain_(Ginsberg,_Sol)","voice, piano",G major,Early 20th century,,,Early 20th century,,13
You Look Better Goin' Then You Do a Comin',"Davison, Walter E.","https://imslp.org/wiki/You_Look_Better_Goin'_Then_You_Do_a_Comin'_(Davison,_Walter_E.)","voice, piano",F major,Early 20th century,,,Early 20th century,,6
You Made Me Love You,"Monaco, James Vincent","https://imslp.org/wiki/You_Made_Me_Love_You_(Monaco,_James_Vincent)","voice, piano",,Early 20th century,,,Early 20th century,,64
You May Be A Doggone Dangerous Girl But I'm A Desperate Guy,"Silvers, Louis","https://imslp.org/wiki/You_May_Be_A_Doggone_Dangerous_Girl_But_I'm_A_Desperate_Guy_(Silvers,_Louis)","voice, piano",E-flat major,Early 20th century,,1918,Early 20th century,,14
You May Be Lonesome,"Gillham, Art","https://imslp.org/wiki/You_May_Be_Lonesome_(Gillham,_Art)","voice, piano",C major,Early 20th century,,,Early 20th century,,16
You May Belong to Some One Else but Your Heart Belongs to Me,"Garton, Cedric H.","https://imslp.org/wiki/You_May_Belong_to_Some_One_Else_but_Your_Heart_Belongs_to_Me_(Garton,_Cedric_H.)","voice, piano",F major,Early 20th century,,,Early 20th century,,4
You May Bury Me in de Eas',"Burleigh, Harry Thacker","https://imslp.org/wiki/You_May_Bury_Me_in_de_Eas'_(Burleigh,_Harry_Thacker)","voice, piano",,Romantic,,,Early 20th century,,418
"You Might Get a History Page, O.127","Verotta, Davide","https://imslp.org/wiki/You_Might_Get_a_History_Page,_O.127_(Verotta,_Davide)","voice, synthesized voices, fixed media, percussion, piano",,Modern,,2026,Modern,8 minutes,6
You Must Come Over Tonight,"Conrad, Art","https://imslp.org/wiki/You_Must_Come_Over_Tonight_(Conrad,_Art)","voice, piano",C major,Early 20th century,,,Early 20th century,,6
You Must Get Yourself a New Hat,"Leo, Frank","https://imslp.org/wiki/You_Must_Get_Yourself_a_New_Hat_(Leo,_Frank)","voice, piano",F major,Early 20th century,,1926,Romantic,,6
You Must Have Something on Your Feet,"Stroud, Arthur","https://imslp.org/wiki/You_Must_Have_Something_on_Your_Feet_(Stroud,_Arthur)","voice, piano",G major,Early 20th century,,1925,Early 20th century,,22
You Never Can Be Too Sure about the Girls,"Cowan, Rubey","https://imslp.org/wiki/You_Never_Can_Be_Too_Sure_about_the_Girls_(Cowan,_Rubey)","voice, piano",B-flat major,Early 20th century,,,Early 20th century,,7
You Never Can Tell,"Von Tilzer, Albert","https://imslp.org/wiki/You_Never_Can_Tell_(Von_Tilzer,_Albert)","voice, piano",B-flat major,Early 20th century,,,Early 20th century,,13
You Never Know What You Can Do Till You Try,"Thomas, John Rogers","https://imslp.org/wiki/You_Never_Know_What_You_Can_Do_Till_You_Try_(Thomas,_John_Rogers)","voice, piano",F major,Romantic,,,Romantic,2 minutes,274
You Never Miss the Water Till the Well Runs Dry,"Howard, Rollin","https://imslp.org/wiki/You_Never_Miss_the_Water_Till_the_Well_Runs_Dry_(Howard,_Rollin)",voice & piano,G major,Romantic,,,Romantic,5-6 minutes,0
You Never Miss the Water Till the Well Runs Dry,"Howard, Rowland","https://imslp.org/wiki/You_Never_Miss_the_Water_Till_the_Well_Runs_Dry_(Howard,_Rowland)","voice, piano",G major,Romantic,,,Romantic,,8
You Ought to Know,"Casey, James W.","https://imslp.org/wiki/You_Ought_to_Know_(Casey,_James_W.)","voice, piano",F major,Early 20th century,,,Early 20th century,,5
You Ought to Know,"Sissle, Noble","https://imslp.org/wiki/You_Ought_to_Know_(Sissle,_Noble)","voice, piano",A-flat major,Early 20th century,,,Early 20th century,,19
You Ought to See Her Now,"Pease, Harry","https://imslp.org/wiki/You_Ought_to_See_Her_Now_(Pease,_Harry)","voice, piano",F major,Early 20th century,,,Early 20th century,,5
You Ought to See My Baby,"Ahlert, Fred","https://imslp.org/wiki/You_Ought_to_See_My_Baby_(Ahlert,_Fred)","voice, piano",A-flat major,Early 20th century,,,Early 20th century,,17
You Promised to Write Me a Letter,"Macy, James Cartwright","https://imslp.org/wiki/You_Promised_to_Write_Me_a_Letter_(Macy,_James_Cartwright)","Voice, Chorus, piano",B-flat major,Romantic,,,Romantic,,109
You Remember When We Parted,"Hewitt, John Hill","https://imslp.org/wiki/You_Remember_When_We_Parted_(Hewitt,_John_Hill)","voice, piano",C major,Romantic,,,Romantic,3 minutes,76
You Remind Me of the Girl that Used to Go to School with Me,"Miller, Charles","https://imslp.org/wiki/You_Remind_Me_of_the_Girl_that_Used_to_Go_to_School_with_Me_(Miller,_Charles)","voice, piano",B-flat major,Early 20th century,,,Early 20th century,,10
You Said It,"Arlen, Harold","https://imslp.org/wiki/You_Said_It_(Arlen,_Harold)","voice, piano",,Early 20th century,,1930,Early 20th century,3 minutes,13
You Said It!,"Santly, Henry W.","https://imslp.org/wiki/You_Said_It!_(Santly,_Henry_W.)","voice, piano",C major,Early 20th century,,,Early 20th century,,10
You Say We Part Forever,"Romer, Frank","https://imslp.org/wiki/You_Say_We_Part_Forever_(Romer,_Frank)","Soprano, piano",E-flat major,Romantic,,1850,Romantic,3 minutes,118
You Sleep,"Sullivan, Arthur","https://imslp.org/wiki/You_Sleep_(Sullivan,_Arthur)","voice, piano",D-flat major,Romantic,,1889,Romantic,4 minutes,187
You Stole My Love,"Macfarren, Walter","https://imslp.org/wiki/You_Stole_My_Love_(Macfarren,_Walter)",mixed chorus (SATB),D major,Romantic,,,Romantic,,13
"You Taught Me How to Love You, Now Teach Me to Forget","Meyer, George W.","https://imslp.org/wiki/You_Taught_Me_How_to_Love_You,_Now_Teach_Me_to_Forget_(Meyer,_George_W.)","voice, piano",F major,Early 20th century,,,Early 20th century,,6
You Taught Me to Care,"Sparkfair, Dale","https://imslp.org/wiki/You_Taught_Me_to_Care_(Sparkfair,_Dale)","voice, piano",B-flat major,Early 20th century,,,Early 20th century,,8
"You Tell 'Em, Ivories","Confrey, Zez","https://imslp.org/wiki/You_Tell_'Em,_Ivories_(Confrey,_Zez)",piano,,Early 20th century,,,Early 20th century,,34
You Tell Her - I Stutter,"Friend, Cliff","https://imslp.org/wiki/You_Tell_Her_-_I_Stutter_(Friend,_Cliff)","voice, piano",C major,Early 20th century,,,Early 20th century,,15
You Tell It Jitney-Bus Joy,"Hendon, Frank","https://imslp.org/wiki/You_Tell_It_Jitney-Bus_Joy_(Hendon,_Frank)","voice, piano",B-flat major,Early 20th century,,,Early 20th century,,7
"You Tell Me Your Dream, I'll Tell You Mine","Daniels, Charles N.","https://imslp.org/wiki/You_Tell_Me_Your_Dream,_I'll_Tell_You_Mine_(Daniels,_Charles_N.)","voice, piano",A-flat major,Early 20th century,,,Early 20th century,,0
You That Pine in Long Desire,"Pilkington, Francis","https://imslp.org/wiki/You_That_Pine_in_Long_Desire_(Pilkington,_Francis)","voice, lute, viol (or 4 voices)",,Renaissance,,,Renaissance,,806
You That Wont to My Pipe's Sound,"Morley, Thomas","https://imslp.org/wiki/You_That_Wont_to_My_Pipe's_Sound_(Morley,_Thomas)",5 voices,,Renaissance,,,Renaissance,,3384
You Think I have a Merry Heart,G. P. ...,https://imslp.org/wiki/You_Think_I_have_a_Merry_Heart_(G._P._...),"voice, piano",D major,Romantic,,,Romantic,,6
You Turn,"Simpson, Cameron Lee","https://imslp.org/wiki/You_Turn_(Simpson,_Cameron_Lee)",piano,G major,Jazz,,2023,Modern,3 minutes,35
You Used To,"Young, E. Forrest","https://imslp.org/wiki/You_Used_To_(Young,_E._Forrest)","voice, piano",F major,Early 20th century,,,Early 20th century,,9
You Used to Love Me,"Voelk, Murry","https://imslp.org/wiki/You_Used_to_Love_Me_(Voelk,_Murry)","voice, piano",E-flat major,Early 20th century,,,Early 20th century,,11
You Wanted Me—I Wanted You,Various,https://imslp.org/wiki/You_Wanted_Me—I_Wanted_You_(Various),"voice, piano",E-flat major,Early 20th century,,1930,,3 minutes,7
You Were Meant For Me,"Brown, Nacio Herb","https://imslp.org/wiki/You_Were_Meant_For_Me_(Brown,_Nacio_Herb)","voice, piano",F major,Early 20th century,,1929,Early 20th century,3 minutes,13
You Were Never Introduced to Me,"Bivins, Nathan","https://imslp.org/wiki/You_Were_Never_Introduced_to_Me_(Bivins,_Nathan)","voice, piano",B-flat major,Early 20th century,,,Early 20th century,,6
You Who at Hymen's Sacred Altar Stand,"Croft, William","https://imslp.org/wiki/You_Who_at_Hymen's_Sacred_Altar_Stand_(Croft,_William)","voice, 3 voices, flute (or violin), continuo",,Baroque,,,Baroque,,15
You Will Have to Sing an Irish Song,"Von Tilzer, Albert","https://imslp.org/wiki/You_Will_Have_to_Sing_an_Irish_Song_(Von_Tilzer,_Albert)","voice, piano",D major,Early 20th century,,,Early 20th century,,9
You Will Miss the Colored Soldiers,"Dabney, Wendell Phillips","https://imslp.org/wiki/You_Will_Miss_the_Colored_Soldiers_(Dabney,_Wendell_Phillips)","voice, piano",F major,Early 20th century,,,Early 20th century,,13
You Won't See Me,"De Sylva, B. G.","https://imslp.org/wiki/You_Won't_See_Me_(De_Sylva,_B._G.)",orchestra,F major,Early 20th century,,,Early 20th century,,23
You Wouldn't Treat a Girl Like That?,"Hanray, Lawrence","https://imslp.org/wiki/You_Wouldn't_Treat_a_Girl_Like_That?_(Hanray,_Lawrence)","voice, piano",D major,Early 20th century,,1906,Early 20th century,,11
You and I,"Barnard, Charlotte Alington","https://imslp.org/wiki/You_and_I_(Barnard,_Charlotte_Alington)","voice, piano",,Romantic,,,Romantic,,60
You and I,"Bulbuloglu, Polad","https://imslp.org/wiki/You_and_I_(Bulbuloglu,_Polad)","voice, piano",,Modern,,,Modern,,141
You and I,"Lehmann, Liza","https://imslp.org/wiki/You_and_I_(Lehmann,_Liza)","voice, piano",,Romantic,,,Romantic,,48
You and I,"Stephens, Ward","https://imslp.org/wiki/You_and_I_(Stephens,_Ward)","voice, piano",B-flat major,Romantic,,,Romantic,,9
You and I and Cupid,"Le Boy, Grace","https://imslp.org/wiki/You_and_I_and_Cupid_(Le_Boy,_Grace)","voice, piano",G major,Early 20th century,,,Modern,,11
You and the Moon and a Ragtime Tune,"Von Tilzer, Harry","https://imslp.org/wiki/You_and_the_Moon_and_a_Ragtime_Tune_(Von_Tilzer,_Harry)","voice, piano",E-flat major,Early 20th century,,,Early 20th century,,11
You are Just a Little Pansy,"Silver, Abner","https://imslp.org/wiki/You_are_Just_a_Little_Pansy_(Silver,_Abner)","voice, piano",E-flat major,Early 20th century,,,Early 20th century,,12
You are in a hurry,"Bulbuloglu, Polad","https://imslp.org/wiki/You_are_in_a_hurry_(Bulbuloglu,_Polad)","voice, piano",,Modern,,,Modern,2-3 minutes,96
You are my Sky,"Gurney, Ivor","https://imslp.org/wiki/You_are_my_Sky_(Gurney,_Ivor)","voice, piano",D-flat major,Early 20th century,,1920,Early 20th century,2.5 minutes,0
You are the Magic,"Vincent IV, Teo","https://imslp.org/wiki/You_are_the_Magic_(Vincent_IV,_Teo)","voice, guitar, piano",F major,Modern,,,,,375
You feel,"Vysotsky, Mikhail","https://imslp.org/wiki/You_feel_(Vysotsky,_Mikhail)",guitar,B minor,Romantic,,,Romantic,,16
You for Me in the Summertime,"Ingraham, Roy","https://imslp.org/wiki/You_for_Me_in_the_Summertime_(Ingraham,_Roy)","voice, piano",C major,Early 20th century,,,Modern,,7
You think There is a Gravity to God?,"Sysmoebius, Z Q","https://imslp.org/wiki/You_think_There_is_a_Gravity_to_God?_(Sysmoebius,_Z_Q)",electric guitar,A major,Modern,,2020,Modern,3 minutes,0
You want…onion? 1,"Omid, Aryan","https://imslp.org/wiki/You_want…onion?_1_(Omid,_Aryan)","as many play-ers as possible (minimum 5), each with: 2 pieces of aluminium foil 2 pieces of expanded polystyrene (EPS) foam ('Styrofoam') 2 pieces of paper 2 pieces of paperboard ('cardboard') 2 plastic shopping bags",,Modern,,2021,Modern,,26
You want…onion? 10,"Omid, Aryan","https://imslp.org/wiki/You_want…onion?_10_(Omid,_Aryan)","as many play-ers as possible (minimum 5), each with: 2 pieces of aluminium foil 2 pieces of expanded polystyrene (EPS) foam ('Styrofoam') 2 pieces of paper 2 pieces of paperboard ('cardboard') 2 plastic shopping bags",,Modern,,2021,Modern,,17
You want…onion? 11,"Omid, Aryan","https://imslp.org/wiki/You_want…onion?_11_(Omid,_Aryan)","as many play-ers as possible (minimum 5), each with: 2 pieces of aluminium foil 2 pieces of expanded polystyrene (EPS) foam ('Styrofoam') 2 pieces of paper 2 pieces of paperboard ('cardboard') 2 plastic shopping bags",,Modern,,2021,Modern,,14
You want…onion? 12,"Omid, Aryan","https://imslp.org/wiki/You_want…onion?_12_(Omid,_Aryan)","as many play-ers as possible (minimum 5), each with: 2 pieces of aluminium foil 2 pieces of expanded polystyrene (EPS) foam ('Styrofoam') 2 pieces of paper 2 pieces of paperboard ('cardboard') 2 plastic shopping bags",,Modern,,2021,Modern,,14
You want…onion? 13,"Omid, Aryan","https://imslp.org/wiki/You_want…onion?_13_(Omid,_Aryan)","as many play-ers as possible (minimum 5), each with: 2 pieces of aluminium foil 2 pieces of expanded polystyrene (EPS) foam ('Styrofoam') 2 pieces of paper 2 pieces of paperboard ('cardboard') 2 plastic shopping bags",,Modern,,2021,Modern,,14
You want…onion? 14,"Omid, Aryan","https://imslp.org/wiki/You_want…onion?_14_(Omid,_Aryan)","as many play-ers as possible (minimum 5), each with: 2 pieces of aluminium foil 2 pieces of expanded polystyrene (EPS) foam ('Styrofoam') 2 pieces of paper 2 pieces of paperboard ('cardboard') 2 plastic shopping bags",,Modern,,2021,Modern,,16
You want…onion? 15,"Omid, Aryan","https://imslp.org/wiki/You_want…onion?_15_(Omid,_Aryan)","as many play-ers as possible (minimum 5), each with: 2 pieces of aluminium foil 2 pieces of expanded polystyrene (EPS) foam ('Styrofoam') 2 pieces of paper 2 pieces of paperboard ('cardboard') 2 plastic shopping bags",,Modern,,2021,Modern,,15
You want…onion? 16,"Omid, Aryan","https://imslp.org/wiki/You_want…onion?_16_(Omid,_Aryan)","as many play-ers as possible (minimum 5), each with: 2 pieces of aluminium foil 2 pieces of expanded polystyrene (EPS) foam ('Styrofoam') 2 pieces of paper 2 pieces of paperboard ('cardboard') 2 plastic shopping bags",,Modern,,2021,Modern,,17
You want…onion? 17,"Omid, Aryan","https://imslp.org/wiki/You_want…onion?_17_(Omid,_Aryan)","as many play-ers as possible (minimum 5), each with: 2 pieces of aluminium foil 2 pieces of expanded polystyrene (EPS) foam ('Styrofoam') 2 pieces of paper 2 pieces of paperboard ('cardboard') 2 plastic shopping bags",,Modern,,2021,Modern,,19
You want…onion? 18,"Omid, Aryan","https://imslp.org/wiki/You_want…onion?_18_(Omid,_Aryan)","as many play-ers as possible (minimum 5), each with: 2 pieces of aluminium foil 2 pieces of expanded polystyrene (EPS) foam ('Styrofoam') 2 pieces of paper 2 pieces of paperboard ('cardboard') 2 plastic shopping bags",,Modern,,2021,Modern,,17
You want…onion? 19,"Omid, Aryan","https://imslp.org/wiki/You_want…onion?_19_(Omid,_Aryan)","as many play-ers as possible (minimum 5), each with: 2 pieces of aluminium foil 2 pieces of expanded polystyrene (EPS) foam ('Styrofoam') 2 pieces of paper 2 pieces of paperboard ('cardboard') 2 plastic shopping bags",,Modern,,2021,Modern,,22
You want…onion? 2,"Omid, Aryan","https://imslp.org/wiki/You_want…onion?_2_(Omid,_Aryan)","as many play-ers as possible (minimum 5), each with: 2 pieces of aluminium foil 2 pieces of expanded polystyrene (EPS) foam ('Styrofoam') 2 pieces of paper 2 pieces of paperboard ('cardboard') 2 plastic shopping bags",,Modern,,2021,Modern,,18
You want…onion? 20,"Omid, Aryan","https://imslp.org/wiki/You_want…onion?_20_(Omid,_Aryan)","as many play-ers as possible (minimum 5), each with: 2 pieces of aluminium foil 2 pieces of expanded polystyrene (EPS) foam ('Styrofoam') 2 pieces of paper 2 pieces of paperboard ('cardboard') 2 plastic shopping bags",,Modern,,2021,Modern,,22
You want…onion? 21,"Omid, Aryan","https://imslp.org/wiki/You_want…onion?_21_(Omid,_Aryan)","as many play-ers as possible (minimum 5), each with: 2 pieces of aluminium foil 2 pieces of expanded polystyrene (EPS) foam ('Styrofoam') 2 pieces of paper 2 pieces of paperboard ('cardboard') 2 plastic shopping bags",,Modern,,2021,Modern,,20
You want…onion? 22,"Omid, Aryan","https://imslp.org/wiki/You_want…onion?_22_(Omid,_Aryan)","as many play-ers as possible (minimum 5), each with: 2 pieces of aluminium foil 2 pieces of expanded polystyrene (EPS) foam ('Styrofoam') 2 pieces of paper 2 pieces of paperboard ('cardboard') 2 plastic shopping bags",,Modern,,2021,Modern,,21
You want…onion? 23,"Omid, Aryan","https://imslp.org/wiki/You_want…onion?_23_(Omid,_Aryan)","as many play-ers as possible (minimum 5), each with: 2 pieces of aluminium foil 2 pieces of expanded polystyrene (EPS) foam ('Styrofoam') 2 pieces of paper 2 pieces of paperboard ('cardboard') 2 plastic shopping bags",,Modern,,2021,Modern,,21
You want…onion? 24,"Omid, Aryan","https://imslp.org/wiki/You_want…onion?_24_(Omid,_Aryan)","as many play-ers as possible (minimum 5), each with: 2 pieces of aluminium foil 2 pieces of expanded polystyrene (EPS) foam ('Styrofoam') 2 pieces of paper 2 pieces of paperboard ('cardboard') 2 plastic shopping bags",,Modern,,2021,Modern,,20
You want…onion? 25,"Omid, Aryan","https://imslp.org/wiki/You_want…onion?_25_(Omid,_Aryan)","as many play-ers as possible (minimum 5), each with: 2 pieces of aluminium foil 2 pieces of expanded polystyrene (EPS) foam ('Styrofoam') 2 pieces of paper 2 pieces of paperboard ('cardboard') 2 plastic shopping bags",,Modern,,2021,Modern,,26
You want…onion? 26,"Omid, Aryan","https://imslp.org/wiki/You_want…onion?_26_(Omid,_Aryan)","as many play-ers as possible (minimum 5), each with: 2 pieces of aluminium foil 2 pieces of expanded polystyrene (EPS) foam ('Styrofoam') 2 pieces of paper 2 pieces of paperboard ('cardboard') 2 plastic shopping bags",,Modern,,2021,Modern,,22
You want…onion? 27,"Omid, Aryan","https://imslp.org/wiki/You_want…onion?_27_(Omid,_Aryan)","as many play-ers as possible (minimum 5), each with: 2 pieces of aluminium foil 2 pieces of expanded polystyrene (EPS) foam ('Styrofoam') 2 pieces of paper 2 pieces of paperboard ('cardboard') 2 plastic shopping bags",,Modern,,2021,Modern,,20
You want…onion? 28,"Omid, Aryan","https://imslp.org/wiki/You_want…onion?_28_(Omid,_Aryan)","as many play-ers as possible (minimum 5), each with: 2 pieces of aluminium foil 2 pieces of expanded polystyrene (EPS) foam ('Styrofoam') 2 pieces of paper 2 pieces of paperboard ('cardboard') 2 plastic shopping bags",,Modern,,2021,Modern,,20
You want…onion? 29,"Omid, Aryan","https://imslp.org/wiki/You_want…onion?_29_(Omid,_Aryan)","as many play-ers as possible (minimum 5), each with: 2 pieces of aluminium foil 2 pieces of expanded polystyrene (EPS) foam ('Styrofoam') 2 pieces of paper 2 pieces of paperboard ('cardboard') 2 plastic shopping bags",,Modern,,2021,Modern,,21
You want…onion? 3,"Omid, Aryan","https://imslp.org/wiki/You_want…onion?_3_(Omid,_Aryan)","as many play-ers as possible (minimum 5), each with: 2 pieces of aluminium foil 2 pieces of expanded polystyrene (EPS) foam ('Styrofoam') 2 pieces of paper 2 pieces of paperboard ('cardboard') 2 plastic shopping bags",,Modern,,2021,Modern,,16
You want…onion? 30,"Omid, Aryan","https://imslp.org/wiki/You_want…onion?_30_(Omid,_Aryan)","as many play-ers as possible (minimum 5), each with: 2 pieces of aluminium foil 2 pieces of expanded polystyrene (EPS) foam ('Styrofoam') 2 pieces of paper 2 pieces of paperboard ('cardboard') 2 plastic shopping bags",,Modern,,2021,Modern,,18
You want…onion? 31,"Omid, Aryan","https://imslp.org/wiki/You_want…onion?_31_(Omid,_Aryan)","as many play-ers as possible (minimum 5), each with: 2 pieces of aluminium foil 2 pieces of expanded polystyrene (EPS) foam ('Styrofoam') 2 pieces of paper 2 pieces of paperboard ('cardboard') 2 plastic shopping bags",,Modern,,2021,Modern,,19
You want…onion? 32,"Omid, Aryan","https://imslp.org/wiki/You_want…onion?_32_(Omid,_Aryan)","as many play-ers as possible (minimum 5), each with: 2 pieces of aluminium foil 2 pieces of expanded polystyrene (EPS) foam ('Styrofoam') 2 pieces of paper 2 pieces of paperboard ('cardboard') 2 plastic shopping bags",,Modern,,2021,Modern,,20
You want…onion? 33,"Omid, Aryan","https://imslp.org/wiki/You_want…onion?_33_(Omid,_Aryan)","as many play-ers as possible (minimum 5), each with: 2 pieces of aluminium foil 2 pieces of expanded polystyrene (EPS) foam ('Styrofoam') 2 pieces of paper 2 pieces of paperboard ('cardboard') 2 plastic shopping bags",,Modern,,2021,Modern,,16
You want…onion? 34,"Omid, Aryan","https://imslp.org/wiki/You_want…onion?_34_(Omid,_Aryan)","as many play-ers as possible (minimum 5), each with: 2 pieces of aluminium foil 2 pieces of expanded polystyrene (EPS) foam ('Styrofoam') 2 pieces of paper 2 pieces of paperboard ('cardboard') 2 plastic shopping bags",,Modern,,2021,Modern,,16
You want…onion? 35,"Omid, Aryan","https://imslp.org/wiki/You_want…onion?_35_(Omid,_Aryan)","as many play-ers as possible (minimum 5), each with: 2 pieces of aluminium foil 2 pieces of expanded polystyrene (EPS) foam ('Styrofoam') 2 pieces of paper 2 pieces of paperboard ('cardboard') 2 plastic shopping bags",,Modern,,2021,Modern,,22
You want…onion? 36,"Omid, Aryan","https://imslp.org/wiki/You_want…onion?_36_(Omid,_Aryan)","as many play-ers as possible (minimum 5), each with: 2 pieces of aluminium foil 2 pieces of expanded polystyrene (EPS) foam ('Styrofoam') 2 pieces of paper 2 pieces of paperboard ('cardboard') 2 plastic shopping bags",,Modern,,2021,Modern,,21
You want…onion? 37,"Omid, Aryan","https://imslp.org/wiki/You_want…onion?_37_(Omid,_Aryan)","as many play-ers as possible (minimum 5), each with: 2 pieces of aluminium foil 2 pieces of expanded polystyrene (EPS) foam ('Styrofoam') 2 pieces of paper 2 pieces of paperboard ('cardboard') 2 plastic shopping bags",,Modern,,2021,Modern,,17
You want…onion? 38,"Omid, Aryan","https://imslp.org/wiki/You_want…onion?_38_(Omid,_Aryan)","as many play-ers as possible (minimum 5), each with: 2 pieces of aluminium foil 2 pieces of expanded polystyrene (EPS) foam ('Styrofoam') 2 pieces of paper 2 pieces of paperboard ('cardboard') 2 plastic shopping bags",,Modern,,2021,Modern,,19
You want…onion? 39,"Omid, Aryan","https://imslp.org/wiki/You_want…onion?_39_(Omid,_Aryan)","as many play-ers as possible (minimum 5), each with: 2 pieces of aluminium foil 2 pieces of expanded polystyrene (EPS) foam ('Styrofoam') 2 pieces of paper 2 pieces of paperboard ('cardboard') 2 plastic shopping bags",,Modern,,2021,Modern,,17
You want…onion? 4,"Omid, Aryan","https://imslp.org/wiki/You_want…onion?_4_(Omid,_Aryan)","as many play-ers as possible (minimum 5), each with: 2 pieces of aluminium foil 2 pieces of expanded polystyrene (EPS) foam ('Styrofoam') 2 pieces of paper 2 pieces of paperboard ('cardboard') 2 plastic shopping bags",,Modern,,2021,Modern,,13
You want…onion? 40,"Omid, Aryan","https://imslp.org/wiki/You_want…onion?_40_(Omid,_Aryan)","as many play-ers as possible (minimum 5), each with: 2 pieces of aluminium foil 2 pieces of expanded polystyrene (EPS) foam ('Styrofoam') 2 pieces of paper 2 pieces of paperboard ('cardboard') 2 plastic shopping bags",,Modern,,2021,Modern,,21
You want…onion? 41,"Omid, Aryan","https://imslp.org/wiki/You_want…onion?_41_(Omid,_Aryan)","as many play-ers as possible (minimum 5), each with: 2 pieces of aluminium foil 2 pieces of expanded polystyrene (EPS) foam ('Styrofoam') 2 pieces of paper 2 pieces of paperboard ('cardboard') 2 plastic shopping bags",,Modern,,2021,Modern,,18
You want…onion? 42,"Omid, Aryan","https://imslp.org/wiki/You_want…onion?_42_(Omid,_Aryan)","as many play-ers as possible (minimum 5), each with: 2 pieces of aluminium foil 2 pieces of expanded polystyrene (EPS) foam ('Styrofoam') 2 pieces of paper 2 pieces of paperboard ('cardboard') 2 plastic shopping bags",,Modern,,2021,Modern,,20
You want…onion? 43,"Omid, Aryan","https://imslp.org/wiki/You_want…onion?_43_(Omid,_Aryan)","as many play-ers as possible (minimum 5), each with: 2 pieces of aluminium foil 2 pieces of expanded polystyrene (EPS) foam ('Styrofoam') 2 pieces of paper 2 pieces of paperboard ('cardboard') 2 plastic shopping bags",,Modern,,2021,Modern,,19
You want…onion? 44,"Omid, Aryan","https://imslp.org/wiki/You_want…onion?_44_(Omid,_Aryan)","as many play-ers as possible (minimum 5), each with: 2 pieces of aluminium foil 2 pieces of expanded polystyrene (EPS) foam ('Styrofoam') 2 pieces of paper 2 pieces of paperboard ('cardboard') 2 plastic shopping bags",,Modern,,2021,Modern,,19
You want…onion? 45,"Omid, Aryan","https://imslp.org/wiki/You_want…onion?_45_(Omid,_Aryan)","as many play-ers as possible (minimum 5), each with: 2 pieces of aluminium foil 2 pieces of expanded polystyrene (EPS) foam ('Styrofoam') 2 pieces of paper 2 pieces of paperboard ('cardboard') 2 plastic shopping bags",,Modern,,2021,Modern,,17
You want…onion? 46,"Omid, Aryan","https://imslp.org/wiki/You_want…onion?_46_(Omid,_Aryan)","as many play-ers as possible (minimum 5), each with: 2 pieces of aluminium foil 2 pieces of expanded polystyrene (EPS) foam ('Styrofoam') 2 pieces of paper 2 pieces of paperboard ('cardboard') 2 plastic shopping bags",,Modern,,2021,Modern,,24
You want…onion? 47,"Omid, Aryan","https://imslp.org/wiki/You_want…onion?_47_(Omid,_Aryan)","as many play-ers as possible (minimum 5), each with: 2 pieces of aluminium foil 2 pieces of expanded polystyrene (EPS) foam ('Styrofoam') 2 pieces of paper 2 pieces of paperboard ('cardboard') 2 plastic shopping bags",,Modern,,2021,Modern,,20
You want…onion? 48,"Omid, Aryan","https://imslp.org/wiki/You_want…onion?_48_(Omid,_Aryan)","as many play-ers as possible (minimum 5), each with: 2 pieces of aluminium foil 2 pieces of expanded polystyrene (EPS) foam ('Styrofoam') 2 pieces of paper 2 pieces of paperboard ('cardboard') 2 plastic shopping bags",,Modern,,2021,Modern,,16
You want…onion? 49,"Omid, Aryan","https://imslp.org/wiki/You_want…onion?_49_(Omid,_Aryan)","as many play-ers as possible (minimum 5), each with: 2 pieces of aluminium foil 2 pieces of expanded polystyrene (EPS) foam ('Styrofoam') 2 pieces of paper 2 pieces of paperboard ('cardboard') 2 plastic shopping bags",,Modern,,2021,Modern,,28
You want…onion? 5,"Omid, Aryan","https://imslp.org/wiki/You_want…onion?_5_(Omid,_Aryan)","as many play-ers as possible (minimum 5), each with: 2 pieces of aluminium foil 2 pieces of expanded polystyrene (EPS) foam ('Styrofoam') 2 pieces of paper 2 pieces of paperboard ('cardboard') 2 plastic shopping bags",,Modern,,2021,Modern,,17
You want…onion? 50,"Omid, Aryan","https://imslp.org/wiki/You_want…onion?_50_(Omid,_Aryan)","as many play-ers as possible (minimum 5), each with: 2 pieces of aluminium foil 2 pieces of expanded polystyrene (EPS) foam ('Styrofoam') 2 pieces of paper 2 pieces of paperboard ('cardboard') 2 plastic shopping bags",,Modern,,2021,Modern,,31
You want…onion? 6,"Omid, Aryan","https://imslp.org/wiki/You_want…onion?_6_(Omid,_Aryan)","as many play-ers as possible (minimum 5), each with: 2 pieces of aluminium foil 2 pieces of expanded polystyrene (EPS) foam ('Styrofoam') 2 pieces of paper 2 pieces of paperboard ('cardboard') 2 plastic shopping bags",,Modern,,2021,Modern,,15
You want…onion? 7,"Omid, Aryan","https://imslp.org/wiki/You_want…onion?_7_(Omid,_Aryan)","as many play-ers as possible (minimum 5), each with: 2 pieces of aluminium foil 2 pieces of expanded polystyrene (EPS) foam ('Styrofoam') 2 pieces of paper 2 pieces of paperboard ('cardboard') 2 plastic shopping bags",,Modern,,2021,Modern,,14
You want…onion? 8,"Omid, Aryan","https://imslp.org/wiki/You_want…onion?_8_(Omid,_Aryan)","as many play-ers as possible (minimum 5), each with: 2 pieces of aluminium foil 2 pieces of expanded polystyrene (EPS) foam ('Styrofoam') 2 pieces of paper 2 pieces of paperboard ('cardboard') 2 plastic shopping bags",,Modern,,2021,Modern,,16
You want…onion? 9,"Omid, Aryan","https://imslp.org/wiki/You_want…onion?_9_(Omid,_Aryan)","as many play-ers as possible (minimum 5), each with: 2 pieces of aluminium foil 2 pieces of expanded polystyrene (EPS) foam ('Styrofoam') 2 pieces of paper 2 pieces of paperboard ('cardboard') 2 plastic shopping bags",,Modern,,2021,Modern,,16
You were surrounded by a special cow 1,"Omid, Aryan","https://imslp.org/wiki/You_were_surrounded_by_a_special_cow_1_(Omid,_Aryan)","mixed chorus, orchestra chorus: 143 female singers 143 male singers orchestra: 11 flutes, 11 oboes, 15 clarinets, 11 bassoons 16 horns, 14 trumpets, 11 trombones, 11 tubas 65 violins, 48 violas, 42 cellos, 33 basses",,Modern,,2020,Modern,,67
You were surrounded by a special cow 2,"Omid, Aryan","https://imslp.org/wiki/You_were_surrounded_by_a_special_cow_2_(Omid,_Aryan)","mixed chorus, orchestra chorus: 143 female singers 143 male singers orchestra: 11 flutes, 11 oboes, 15 clarinets, 11 bassoons 16 horns, 14 trumpets, 11 trombones, 11 tubas 65 violins, 48 violas, 42 cellos, 33 basses",,Modern,,2020,Modern,,27
You were surrounded by a special cow 3,"Omid, Aryan","https://imslp.org/wiki/You_were_surrounded_by_a_special_cow_3_(Omid,_Aryan)","mixed chorus, orchestra chorus: 143 female singers 143 male singers orchestra: 11 flutes, 11 oboes, 15 clarinets, 11 bassoons 16 horns, 14 trumpets, 11 trombones, 11 tubas 65 violins, 48 violas, 42 cellos, 33 basses",,Modern,,2020,Modern,,24
You were surrounded by a special cow 4,"Omid, Aryan","https://imslp.org/wiki/You_were_surrounded_by_a_special_cow_4_(Omid,_Aryan)","mixed chorus, orchestra chorus: 143 female singers 143 male singers orchestra: 11 flutes, 11 oboes, 15 clarinets, 11 bassoons 16 horns, 14 trumpets, 11 trombones, 11 tubas 65 violins, 48 violas, 42 cellos, 33 basses",,Modern,,2020,Modern,,27
You were surrounded by a special cow 5,"Omid, Aryan","https://imslp.org/wiki/You_were_surrounded_by_a_special_cow_5_(Omid,_Aryan)","mixed chorus, orchestra chorus: 143 female singers 143 male singers orchestra: 11 flutes, 11 oboes, 15 clarinets, 11 bassoons 16 horns, 14 trumpets, 11 trombones, 11 tubas 65 violins, 48 violas, 42 cellos, 33 basses",,Modern,,2020,Modern,,24
You were surrounded by a special cow 6,"Omid, Aryan","https://imslp.org/wiki/You_were_surrounded_by_a_special_cow_6_(Omid,_Aryan)","mixed chorus, orchestra chorus: 143 female singers 143 male singers orchestra: 11 flutes, 11 oboes, 15 clarinets, 11 bassoons 16 horns, 14 trumpets, 11 trombones, 11 tubas 65 violins, 48 violas, 42 cellos, 33 basses",,Modern,,2020,Modern,,27
You were surrounded by a special cow 7,"Omid, Aryan","https://imslp.org/wiki/You_were_surrounded_by_a_special_cow_7_(Omid,_Aryan)","mixed chorus, orchestra chorus: 143 female singers 143 male singers orchestra: 11 flutes, 11 oboes, 15 clarinets, 11 bassoons 16 horns, 14 trumpets, 11 trombones, 11 tubas 65 violins, 48 violas, 42 cellos, 33 basses",,Modern,,2020,Modern,,24
You were surrounded by a special cow 8,"Omid, Aryan","https://imslp.org/wiki/You_were_surrounded_by_a_special_cow_8_(Omid,_Aryan)","mixed chorus, orchestra chorus: 143 female singers 143 male singers orchestra: 11 flutes, 11 oboes, 15 clarinets, 11 bassoons 16 horns, 14 trumpets, 11 trombones, 11 tubas 65 violins, 48 violas, 42 cellos, 33 basses",,Modern,,2020,Modern,,23
You were surrounded by a special cow 9,"Omid, Aryan","https://imslp.org/wiki/You_were_surrounded_by_a_special_cow_9_(Omid,_Aryan)","mixed chorus, orchestra chorus: 143 female singers 143 male singers orchestra: 11 flutes, 11 oboes, 15 clarinets, 11 bassoons 16 horns, 14 trumpets, 11 trombones, 11 tubas 65 violins, 48 violas, 42 cellos, 33 basses",,Modern,,2020,Modern,,38
You will not fear,"Bachlund, Gary","https://imslp.org/wiki/You_will_not_fear_(Bachlund,_Gary)",organ,F major,Modern,,2020,Modern,6 minutes,78
You'd Be Surprised,"Berlin, Irving","https://imslp.org/wiki/You'd_Be_Surprised_(Berlin,_Irving)","voice, piano",G major,Early 20th century,,,Early 20th century,,56
You'd Better Be Nice to Them Now,"Tracey, William","https://imslp.org/wiki/You'd_Better_Be_Nice_to_Them_Now_(Tracey,_William)","voice, piano",E-flat major,Early 20th century,,,Early 20th century,,8
You'd Love to Live in Paris,"Trix, Helen","https://imslp.org/wiki/You'd_Love_to_Live_in_Paris_(Trix,_Helen)","voice, piano",F major,Early 20th century,,,Early 20th century,,10
You'd Never Know that Old Home-Town of Mine,"Donaldson, Walter","https://imslp.org/wiki/You'd_Never_Know_that_Old_Home-Town_of_Mine_(Donaldson,_Walter)","voice, piano",E-flat major,Early 20th century,,,Early 20th century,,9
You'll Always Be the Same Sweet Girl to Me,"Nugent, Maude","https://imslp.org/wiki/You'll_Always_Be_the_Same_Sweet_Girl_to_Me_(Nugent,_Maude)","voice, piano",G major,Early 20th century,,,Early 20th century,,6
You'll Always Find Me True,"Hays, William Shakespeare","https://imslp.org/wiki/You'll_Always_Find_Me_True_(Hays,_William_Shakespeare)","voice, mixed chorus (SATB), piano",A-flat major,Romantic,,,Romantic,,44
You'll Always Find a Lot of Sunshine in My Old Kentucky Home,"Cowan, Rubey","https://imslp.org/wiki/You'll_Always_Find_a_Lot_of_Sunshine_in_My_Old_Kentucky_Home_(Cowan,_Rubey)","voice, piano",C major,Early 20th century,,,Early 20th century,,12
You'll Be Sorry,"Pinkard, Maceo","https://imslp.org/wiki/You'll_Be_Sorry_(Pinkard,_Maceo)","voice, piano",C major,Early 20th century,,,Early 20th century,,10
You'll Be Sorry Just Too Late,"Gaston, Will","https://imslp.org/wiki/You'll_Be_Sorry_Just_Too_Late_(Gaston,_Will)","voice, piano",E-flat major,Early 20th century,,,Early 20th century,,8
You'll Do,"Hart, Constance Caroline","https://imslp.org/wiki/You'll_Do_(Hart,_Constance_Caroline)","voice, piano",E-flat major,Early 20th century,,,Early 20th century,,7
You'll Find Old Dixieland in France,"Meyer, George W.","https://imslp.org/wiki/You'll_Find_Old_Dixieland_in_France_(Meyer,_George_W.)","voice, piano",B-flat major,Early 20th century,,,Early 20th century,,6
You'll Have to Put Him to Sleep with the Marseillaise,"Von Tilzer, Harry","https://imslp.org/wiki/You'll_Have_to_Put_Him_to_Sleep_with_the_Marseillaise_(Von_Tilzer,_Harry)","voice, piano",G major,Early 20th century,,,Early 20th century,,15
You'll Miss Me When I'm Gone,"Danks, Hart Pease","https://imslp.org/wiki/You'll_Miss_Me_When_I'm_Gone_(Danks,_Hart_Pease)","voice, mixed chorus, piano",A major,Romantic,,,Romantic,,8
You'll Never Find Another Love Like Mine,"Solman, Alfred","https://imslp.org/wiki/You'll_Never_Find_Another_Love_Like_Mine_(Solman,_Alfred)","voice, piano",C major,Early 20th century,,,Early 20th century,,13
You'll Never Guess,"Robyn, Alfred George","https://imslp.org/wiki/You'll_Never_Guess_(Robyn,_Alfred_George)","voice, piano",,Romantic,,,Romantic,,15
You'll Never Know,"Harris, Charles Kassell","https://imslp.org/wiki/You'll_Never_Know_(Harris,_Charles_Kassell)",undetermined,C major,Romantic,,,Romantic,,8
You'll Want Me After All,"Schmitt, William M.","https://imslp.org/wiki/You'll_Want_Me_After_All_(Schmitt,_William_M.)","voice, piano",B-flat major,Early 20th century,,,Early 20th century,,9
You'll Want Me Back Someday,"Ellis, Seger","https://imslp.org/wiki/You'll_Want_Me_Back_Someday_(Ellis,_Seger)","voice, piano",B-flat major,Early 20th century,,,Modern,,19
You're As Strange As Me,"Hokin, Samuel","https://imslp.org/wiki/You're_As_Strange_As_Me_(Hokin,_Samuel)","voice, drums (not scored), 2 guitars, bass guitar,",A major,Modern,,1985,Modern,,11
You're Breaking My Heart with 'Good-bye',"Olman, Abe","https://imslp.org/wiki/You're_Breaking_My_Heart_with_'Good-bye'_(Olman,_Abe)","voice, piano",G major,Early 20th century,,,Early 20th century,,9
You're Driving Me Crazy!,"Donaldson, Walter","https://imslp.org/wiki/You're_Driving_Me_Crazy!_(Donaldson,_Walter)","voice, piano",F major,Early 20th century,,,Early 20th century,3 minutes,4
You're Going to Lose Your Honey Boy,"Carlton, Arthur","https://imslp.org/wiki/You're_Going_to_Lose_Your_Honey_Boy_(Carlton,_Arthur)","voice, piano",B-flat major,Early 20th century,,,Early 20th century,,5
You're Gwine to Get Somethin' What You Don't Expect,"Williams, Bert","https://imslp.org/wiki/You're_Gwine_to_Get_Somethin'_What_You_Don't_Expect_(Williams,_Bert)","voice, piano",G major,Early 20th century,,,Early 20th century,,11
You're Here and I'm Here,"Kern, Jerome","https://imslp.org/wiki/You're_Here_and_I'm_Here_(Kern,_Jerome)","voice, piano",E-flat major,Early 20th century,,,Early 20th century,,34
You're Hitting a Thousand in the Game of Love,"Ball, Ernest Roland","https://imslp.org/wiki/You're_Hitting_a_Thousand_in_the_Game_of_Love_(Ball,_Ernest_Roland)","voice, piano",G major,Early 20th century,,,Romantic,,24
You're In Love And I'm In Love,"Donaldson, Walter","https://imslp.org/wiki/You're_In_Love_And_I'm_In_Love_(Donaldson,_Walter)","voice, piano",G major,Early 20th century,,,Early 20th century,3 minutes,0
You're Just a Flower from an Old Bouquet,"Denni, Lucien","https://imslp.org/wiki/You're_Just_a_Flower_from_an_Old_Bouquet_(Denni,_Lucien)","voice, piano",,Early 20th century,,,Early 20th century,,10
You're Like the Young Apple Blossom Is to the Old Apple Tree,"Smith, Earl K.","https://imslp.org/wiki/You're_Like_the_Young_Apple_Blossom_Is_to_the_Old_Apple_Tree_(Smith,_Earl_K.)","voice, piano",G major,Early 20th century,,,Early 20th century,,10
You're Making a Miser of Me,"Ball, Ernest Roland","https://imslp.org/wiki/You're_Making_a_Miser_of_Me_(Ball,_Ernest_Roland)","voice, piano",C major,Early 20th century,,,Romantic,,6
You're My Baby,"Ayer, Nathaniel Davis","https://imslp.org/wiki/You're_My_Baby_(Ayer,_Nathaniel_Davis)","voice, piano",,Early 20th century,,,Early 20th century,,10
You're My Girl,"Heath, Bobby","https://imslp.org/wiki/You're_My_Girl_(Heath,_Bobby)","voice, piano",F major,Early 20th century,,,Early 20th century,,7
You're Never Too Old to Love,"Gumble, Albert","https://imslp.org/wiki/You're_Never_Too_Old_to_Love_(Gumble,_Albert)","voice, piano",B-flat major,Early 20th century,,,Early 20th century,,9
You're Not My First Little Girl,"Nelson, Edward G.","https://imslp.org/wiki/You're_Not_My_First_Little_Girl_(Nelson,_Edward_G.)","voice, piano",B-flat major,Early 20th century,,,Early 20th century,,7
You're Not the Only Pebble on the Beach,"Carter, Stanley","https://imslp.org/wiki/You're_Not_the_Only_Pebble_on_the_Beach_(Carter,_Stanley)","voice, piano",F major,Romantic,,,Romantic,,9
You're Simply Delish,"Meyer, Joseph","https://imslp.org/wiki/You're_Simply_Delish_(Meyer,_Joseph)","voice, piano",G major,Early 20th century,,,Modern,3 minutes,3
You're Some Girl,"Barron, Ted S.","https://imslp.org/wiki/You're_Some_Girl_(Barron,_Ted_S.)","voice, piano",E-flat major,Early 20th century,,,Early 20th century,,10
You're Some Pretty Doll,"Williams, Clarence","https://imslp.org/wiki/You're_Some_Pretty_Doll_(Williams,_Clarence)","voice, piano",B-flat major,Early 20th century,,,Early 20th century,,13
You're Still an Old Sweetheart of Mine,"Whiting, Richard Armstrong","https://imslp.org/wiki/You're_Still_an_Old_Sweetheart_of_Mine_(Whiting,_Richard_Armstrong)","voice, piano",A-flat major,Early 20th century,,,Early 20th century,,6
"You're There, Little Girl, You're There","Edwards, Gus","https://imslp.org/wiki/You're_There,_Little_Girl,_You're_There_(Edwards,_Gus)","voice, piano",,Early 20th century,,,Early 20th century,,18
You're Trying to Throw Me Down,"Robinson, J. Russel","https://imslp.org/wiki/You're_Trying_to_Throw_Me_Down_(Robinson,_J._Russel)","voice, piano",,Early 20th century,,,Early 20th century,,13
"You're Welcome, Yes, Welcome","Sawyer, Henry S.","https://imslp.org/wiki/You're_Welcome,_Yes,_Welcome_(Sawyer,_Henry_S.)","voice, piano",,Early 20th century,,,Romantic,,13
You're a Classy Lassie,"Blake, Charlotte","https://imslp.org/wiki/You're_a_Classy_Lassie_(Blake,_Charlotte)","voice, piano",G major,Early 20th century,,,Early 20th century,,12
You're a Dangerous Girl,"Monaco, James Vincent","https://imslp.org/wiki/You're_a_Dangerous_Girl_(Monaco,_James_Vincent)","voice, piano",E-flat major,Early 20th century,,,Early 20th century,,9
You're a Good Old Car,"Von Tilzer, Harry","https://imslp.org/wiki/You're_a_Good_Old_Car_(Von_Tilzer,_Harry)","voice, piano",G major,Early 20th century,,,Early 20th century,,9
You're a Grand Old Bell,"Schmid, Johann C.","https://imslp.org/wiki/You're_a_Grand_Old_Bell_(Schmid,_Johann_C.)","voice, piano",G major,Early 20th century,,,Early 20th century,,5
You're a Grand Old Flag,"Cohan, George Michael","https://imslp.org/wiki/You're_a_Grand_Old_Flag_(Cohan,_George_Michael)","voice, mixed chorus, piano",G major,Romantic,,,Early 20th century,,27
You're a Little Naughty Baby,"Vincent, Nat","https://imslp.org/wiki/You're_a_Little_Naughty_Baby_(Vincent,_Nat)","voice, piano",G major,Early 20th century,,,Modern,,9
You're a Million Miles from Nowhere,"Donaldson, Walter","https://imslp.org/wiki/You're_a_Million_Miles_from_Nowhere_(Donaldson,_Walter)","voice, piano",,Early 20th century,,,Early 20th century,,47
You're a Real Sweetheart,"Friend, Cliff","https://imslp.org/wiki/You're_a_Real_Sweetheart_(Friend,_Cliff)","voice, piano",F major,Early 20th century,,,Early 20th century,3 minutes,4
You're a Regular Girl,"Kendis, James","https://imslp.org/wiki/You're_a_Regular_Girl_(Kendis,_James)","voice, piano",F major,Early 20th century,,,Romantic,,5
"You're as Dear to Me, as Dixie Was to Lee","MacDonald, Georgia","https://imslp.org/wiki/You're_as_Dear_to_Me,_as_Dixie_Was_to_Lee_(MacDonald,_Georgia)","voice, piano",E-flat major,Early 20th century,,,Early 20th century,,5
You're as Welcome as the Flowers in May,"Sullivan, Dan J.","https://imslp.org/wiki/You're_as_Welcome_as_the_Flowers_in_May_(Sullivan,_Dan_J.)","voice, piano",E-flat major,Early 20th century,,,Early 20th century,,9
You're in Love,"Friml, Rudolf","https://imslp.org/wiki/You're_in_Love_(Friml,_Rudolf)","vocal soloists, mixed chorus (SATB), orchestra",,Early 20th century,,,Early 20th century,,339
You're in Love with Everyone,"Henderson, Ray","https://imslp.org/wiki/You're_in_Love_with_Everyone_(Henderson,_Ray)","voice, piano",B-flat major,Early 20th century,,,Modern,,9
You're in Style When You're Wearing a Smile,Various,https://imslp.org/wiki/You're_in_Style_When_You're_Wearing_a_Smile_(Various),"voice, piano",C major,Early 20th century,,,,,34
"You're my only weapon, my child, child","Yakolev, Mikhail","https://imslp.org/wiki/You're_my_only_weapon,_my_child,_child_(Yakolev,_Mikhail)",Voice and Piano,C minor,Romantic,,,Romantic,,43
You're the Best Little Mother of All,"Friedman, Leo","https://imslp.org/wiki/You're_the_Best_Little_Mother_of_All_(Friedman,_Leo)","voice, piano",B-flat major,Early 20th century,,,Early 20th century,,7
You're the Dawn of a Perfect Day,"Rossiter, Will","https://imslp.org/wiki/You're_the_Dawn_of_a_Perfect_Day_(Rossiter,_Will)","voice, piano",F major,Early 20th century,,,Early 20th century,,8
"You're the Flower of My Heart, Sweet Adeline","Armstrong, Henry W.","https://imslp.org/wiki/You're_the_Flower_of_My_Heart,_Sweet_Adeline_(Armstrong,_Henry_W.)","voice, piano",B-flat major,Early 20th century,,,Early 20th century,,20
You're the Girl that I've Been Longing For,"Johnson, Charles Leslie","https://imslp.org/wiki/You're_the_Girl_that_I've_Been_Longing_For_(Johnson,_Charles_Leslie)","voice, piano",,Early 20th century,,,Early 20th century,,27
You're the One I Love the Best,"Truax, Florence E.","https://imslp.org/wiki/You're_the_One_I_Love_the_Best_(Truax,_Florence_E.)","voice, piano",C major,Early 20th century,,,Romantic,,8
You're the Only Girl that Made Me Cry,"Fisher, Fred","https://imslp.org/wiki/You're_the_Only_Girl_that_Made_Me_Cry_(Fisher,_Fred)","voice, piano",,Early 20th century,,,Early 20th century,,17
You're the Only One that I Love,"Gray, Len","https://imslp.org/wiki/You're_the_Only_One_that_I_Love_(Gray,_Len)","voice, piano",F major,Early 20th century,,,Early 20th century,3 minutes,0
You're the Sweetest Flower that Grows in Tennessee,"Evans, George","https://imslp.org/wiki/You're_the_Sweetest_Flower_that_Grows_in_Tennessee_(Evans,_George)",unknown,,Early 20th century,,,Early 20th century,,14
You're the Sweetest Girl in Ireland,"Black, Frank J.","https://imslp.org/wiki/You're_the_Sweetest_Girl_in_Ireland_(Black,_Frank_J.)","voice, piano",,Early 20th century,,,Early 20th century,,9
You're the Sweetest Rose that Grows in Old Killarney,"Van Alstyne, Egbert","https://imslp.org/wiki/You're_the_Sweetest_Rose_that_Grows_in_Old_Killarney_(Van_Alstyne,_Egbert)","voice, piano",E-flat major,Romantic,,,Early 20th century,,16
You've Been a Friend to me,"Hays, William Shakespeare","https://imslp.org/wiki/You've_Been_a_Friend_to_me_(Hays,_William_Shakespeare)","voice, mixed chorus (SATB), piano",A-flat major,Romantic,,,Romantic,,55
You've Been a Good Old Wagon,"Bradford, Perry","https://imslp.org/wiki/You've_Been_a_Good_Old_Wagon_(Bradford,_Perry)","voice, piano",G major,Early 20th century,,,Early 20th century,2 minutes,10
You've Been a Good Old Wagon but You've Done Broke Down,"Harney, Benjamin Robertson","https://imslp.org/wiki/You've_Been_a_Good_Old_Wagon_but_You've_Done_Broke_Down_(Harney,_Benjamin_Robertson)","voice, piano",G major,Jazz,,1895,Early 20th century,,447
You've Got Your Mother's Big Blue Eyes!,"Berlin, Irving","https://imslp.org/wiki/You've_Got_Your_Mother's_Big_Blue_Eyes!_(Berlin,_Irving)","voice, piano",C major,Early 20th century,,,Early 20th century,,26
"You've Got the Wrong Number, But You've Got the Right Girl","Mills, Kerry","https://imslp.org/wiki/You've_Got_the_Wrong_Number,_But_You've_Got_the_Right_Girl_(Mills,_Kerry)","voice, piano",,Early 20th century,,,Romantic,,39
You've Got to See Mamma Ev'ry Night,Various,https://imslp.org/wiki/You've_Got_to_See_Mamma_Ev'ry_Night_(Various),"voice, piano",,Early 20th century,,,,,56
You've Stolen the Key to My Heart,"Gillham, Art","https://imslp.org/wiki/You've_Stolen_the_Key_to_My_Heart_(Gillham,_Art)","voice, piano",,Early 20th century,,,Early 20th century,,11
"You, Only You","Browning, Hazel M.","https://imslp.org/wiki/You,_Only_You_(Browning,_Hazel_M.)","voice, piano",D major,Early 20th century,,,Early 20th century,,12
"You, You, You","Pendleton, E. H.","https://imslp.org/wiki/You,_You,_You_(Pendleton,_E._H.)","voice, piano",G major,Early 20th century,,,Early 20th century,,6
"You, with me","Kim, Hee Cheol","https://imslp.org/wiki/You,_with_me_(Kim,_Hee_Cheol)","tenor, cello, piano",,Modern,,2015,Modern,,440
You- and Love,"Hardelot, Guy d'","https://imslp.org/wiki/You-_and_Love_(Hardelot,_Guy_d')","voice, piano",,Romantic,,,Romantic,,26
You-Nite,"Simpson, Cameron Lee","https://imslp.org/wiki/You-Nite_(Simpson,_Cameron_Lee)",piano,D-flat major,Jazz,,2021,Modern,2-3 minutes,42
Youghal Harbour Hornpipe,"O'Neill, Francis","https://imslp.org/wiki/Youghal_Harbour_Hornpipe_(O'Neill,_Francis)",treble instrument,G major,Romantic,,,Romantic,,0
Youlianna,"Webb, Russell","https://imslp.org/wiki/Youlianna_(Webb,_Russell)","voice, piano",,Early 20th century,,,Early 20th century,,9
Young America,"Bayes, Nora","https://imslp.org/wiki/Young_America_(Bayes,_Nora)","voice, piano",G major,Early 20th century,,,Early 20th century,,6
Young America Galop,"Strakosch, Maurice","https://imslp.org/wiki/Young_America_Galop_(Strakosch,_Maurice)",piano,,Romantic,,,Romantic,,417
Young America March,"Weston, Morris","https://imslp.org/wiki/Young_America_March_(Weston,_Morris)",undetermined (presumably orchestra or piano),,Early 20th century,,,Early 20th century,,11
Young America Polka,"Levy, Jules","https://imslp.org/wiki/Young_America_Polka_(Levy,_Jules)","Solo: cornet (B ♭ ) Concert Band: piccolo, 3 clarinets (1 in E ♭ , 2 in B ♭ ), 7 saxophones (3 alto, 2 tenor, 1 baritone, 1 bass), 4 cornets (2 in B ♭ , 2 in E ♭ ), tuba, drums",A major,Romantic,,,Romantic,,70
Young American,"McKenna, William J.","https://imslp.org/wiki/Young_American_(McKenna,_William_J.)","voice, piano",C major,Early 20th century,,,Early 20th century,,6
Young Antelope,"Caldwell, Anne","https://imslp.org/wiki/Young_Antelope_(Caldwell,_Anne)","Version A: voice, piano Version B: piano",G major,Early 20th century,,,Early 20th century,,27
Young Arthur Daly,Anonymous,https://imslp.org/wiki/Young_Arthur_Daly_(Anonymous),treble instrument,D major,Romantic,,,,,0
"Young Colin Cleaving, Z.291","Purcell, Henry","https://imslp.org/wiki/Young_Colin_Cleaving,_Z.291_(Purcell,_Henry)",3 voices,C major,Baroque,,1691,Baroque,,37
Young Corydon and Phyllis,"Clarke, Jeremiah","https://imslp.org/wiki/Young_Corydon_and_Phyllis_(Clarke,_Jeremiah)","voice, continuo",G minor,Baroque,,,Baroque,,13
Young Damon fired with amorous heat,"Boyce, William","https://imslp.org/wiki/Young_Damon_fired_with_amorous_heat_(Boyce,_William)","voice, strings, continuo",G major,Baroque,,,Baroque,,2
"Young Damon, Hob.XXXIa:71","Haydn, Joseph","https://imslp.org/wiki/Young_Damon,_Hob.XXXIa:71_(Haydn,_Joseph)","voice, violin, keyboard (including figured bass)",B-flat major,Classical,,,Classical,,2213
Young Edmond O'Neill Hornpipe,"O'Neill, Francis","https://imslp.org/wiki/Young_Edmond_O'Neill_Hornpipe_(O'Neill,_Francis)",treble instrument,A major,Romantic,,,Romantic,,0
Young Eph's Jubilee,"Brockway, William H.","https://imslp.org/wiki/Young_Eph's_Jubilee_(Brockway,_William_H.)","voice, piano",B-flat major,Romantic,,,Romantic,4 minutes,1
Young Eph's Lament,"Murphy, J. B.","https://imslp.org/wiki/Young_Eph's_Lament_(Murphy,_J._B.)","voice, piano",D major,Romantic,,,Romantic,,5
Young Folks from Home,"Griffiths, Henry Craven","https://imslp.org/wiki/Young_Folks_from_Home_(Griffiths,_Henry_Craven)","voice, mixed chorus, piano",F major,Romantic,,,Romantic,,6
Young Gaia's Wail,"Sacks, Aaron Michael","https://imslp.org/wiki/Young_Gaia's_Wail_(Sacks,_Aaron_Michael)",piano (using extended techniques),C Lydian Dominant,Modern,,2015,Modern,,112
"Young Gil Blas, Op.14","Ferreri, Ernesto","https://imslp.org/wiki/Young_Gil_Blas,_Op.14_(Ferreri,_Ernesto)",orchestra,A minor,Modern,,1993-99,Modern,32-35 minutes,272
Young Hearts,"Scott, Cyril","https://imslp.org/wiki/Young_Hearts_(Scott,_Cyril)",piano,,Early 20th century,,,Early 20th century,,67
Young Hornpipe,"Messerschmidt, Hans Jorgen","https://imslp.org/wiki/Young_Hornpipe_(Messerschmidt,_Hans_Jorgen)",trumpet,F major,Modern,,,Modern,1 minutes,1
Young Hunter's March,"Woodward, Ellis","https://imslp.org/wiki/Young_Hunter's_March_(Woodward,_Ellis)",piano,,Early 20th century,,,Early 20th century,,14
Young Jenny,"Allen, George Benjamin","https://imslp.org/wiki/Young_Jenny_(Allen,_George_Benjamin)",unknown,F major,Romantic,,,Romantic,4-5 minutes,137
"Young Jockey was the Blythest Lad, Hob.XXXIa:64","Haydn, Joseph","https://imslp.org/wiki/Young_Jockey_was_the_Blythest_Lad,_Hob.XXXIa:64_(Haydn,_Joseph)","voice, violin, keyboard (including figured bass)",A minor,Classical,,,Classical,,2230
"Young John the Gardener, Z.292","Purcell, Henry","https://imslp.org/wiki/Young_John_the_Gardener,_Z.292_(Purcell,_Henry)",4 voices,C major,Baroque,,1683,Baroque,,26
Young Lochinvar,"Lehmann, Liza","https://imslp.org/wiki/Young_Lochinvar_(Lehmann,_Liza)",Voices: baritone + mixed chorus (SATB) Orchestra,,Romantic,,,Romantic,,31
Young People's Illustrated History of Music,"Macy, James Cartwright","https://imslp.org/wiki/Young_People's_Illustrated_History_of_Music_(Macy,_James_Cartwright)",Book,,Romantic,,1886 (preface signed 1886-9-30),Romantic,,929
"Young Person's Guide to the Band, Op.2","LaViollette, Kyler","https://imslp.org/wiki/Young_Person's_Guide_to_the_Band,_Op.2_(LaViollette,_Kyler)","2 flutes, oboe, 2 clarinets (B ♭ ), bass clarinet, bassoon, ATBar saxophones, horn, 2 trumpets (B ♭ ), 2 trombones, bass trombone, euphonium, tuba, timpani, tube bells, percussion",,Modern,,2013,Modern,,9864
Young Pianist's First Quarter,"Maylath, Henry","https://imslp.org/wiki/Young_Pianist's_First_Quarter_(Maylath,_Henry)",piano solo,,Romantic,,,Romantic,,116
Young Thoughts Have Music,"Kroeger, Ernest Richard","https://imslp.org/wiki/Young_Thoughts_Have_Music_(Kroeger,_Ernest_Richard)","Mixed Chorus, Piano",E-flat major,Romantic,,,Romantic,,256
"Young Thyrsis' Fate, Z.473","Purcell, Henry","https://imslp.org/wiki/Young_Thyrsis'_Fate,_Z.473_(Purcell,_Henry)","voice, continuo",C minor,Baroque,,,Baroque,,18
Young Village Beauty,"Braham, John","https://imslp.org/wiki/Young_Village_Beauty_(Braham,_John)","voice, piano",E-flat major,Romantic,,,Classical,,4
Young Waters,"Folk Songs, Scottish","https://imslp.org/wiki/Young_Waters_(Folk_Songs,_Scottish)",voice,E-flat major,Romantic,,,,,3
Young and Old,"Ketèlbey, Albert William","https://imslp.org/wiki/Young_and_Old_(Ketèlbey,_Albert_William)","voice, piano",,Early 20th century,,,Early 20th century,,6
Young at Heart,"Finlay McAuliffe, Kass","https://imslp.org/wiki/Young_at_Heart_(Finlay_McAuliffe,_Kass)",guitar,B minor,Modern,,1983,Modern,3.5 minutes,43
"Young in Ballachulish, W.41","Cameron, Liam","https://imslp.org/wiki/Young_in_Ballachulish,_W.41_(Cameron,_Liam)",orchestra,,Modern,,2024,Modern,3 minutes,30
Young's Hornpipe,Anonymous,https://imslp.org/wiki/Young's_Hornpipe_(Anonymous),treble instrument,D major,Romantic,,,,,2
Young's Night Thoughts,"Billington, Thomas","https://imslp.org/wiki/Young's_Night_Thoughts_(Billington,_Thomas)","voices, chorus, orchestra",,Classical,,,Classical,,8
Young's Vocal and Instrumental Miscellany,Various,https://imslp.org/wiki/Young's_Vocal_and_Instrumental_Miscellany_(Various),Voice and Piano (with additional arrangements for violin or flute or guitar),,Classical,,,,,2309
Younger Days,"Bloch, Louis","https://imslp.org/wiki/Younger_Days_(Bloch,_Louis)","voice, piano",,Romantic,,,Romantic,,17
Your Boy is on the Coal Pile Now,"Ward, Sam","https://imslp.org/wiki/Your_Boy_is_on_the_Coal_Pile_Now_(Ward,_Sam)","voice, piano",,Early 20th century,,,Early 20th century,,15
Your Catfish Friend,"Zhou, Timothy","https://imslp.org/wiki/Your_Catfish_Friend_(Zhou,_Timothy)","voice, piano",F major,Romantic,,2022,Modern,3 minutes,0
Your Counterfeiting,"Newark, William","https://imslp.org/wiki/Your_Counterfeiting_(Newark,_William)",3 voices,,Renaissance,,"1500 ca. in The Fayrfax Manuscript , no.18",Renaissance,,18
Your Country Needs You Now,"McConnell, George Burnham","https://imslp.org/wiki/Your_Country_Needs_You_Now_(McConnell,_George_Burnham)","voice, piano",,Early 20th century,,,Early 20th century,,18
Your Dear Eyes,"Anderson, Oswald","https://imslp.org/wiki/Your_Dear_Eyes_(Anderson,_Oswald)","voice, piano",,Romantic,,,Early 20th century,,25
Your Eyes,"Tsfasman, Alexander","https://imslp.org/wiki/Your_Eyes_(Tsfasman,_Alexander)",piano,F major,Jazz,,,Early 20th century,,80
Your Eyes Have Told Me So,"Blaufuss, Walter","https://imslp.org/wiki/Your_Eyes_Have_Told_Me_So_(Blaufuss,_Walter)","voice, orchestra",F major,Early 20th century,,,Early 20th century,,46
Your Eyes are Green,"Fomin, Boris","https://imslp.org/wiki/Your_Eyes_are_Green_(Fomin,_Boris)","voice, piano",D major,Early 20th century,,,Early 20th century,,8
"Your Eyes, Your Smile, And You","Welker, Phil M.","https://imslp.org/wiki/Your_Eyes,_Your_Smile,_And_You_(Welker,_Phil_M.)","voice, piano",,Early 20th century,,,Early 20th century,,7
Your Fish Tank,"Hsu, Fred","https://imslp.org/wiki/Your_Fish_Tank_(Hsu,_Fred)",3 voices,A minor,Modern,,2005/05/28,Modern,3-4 minutes,127
Your Flag and My Flag,"Ryder, Fred L.","https://imslp.org/wiki/Your_Flag_and_My_Flag_(Ryder,_Fred_L.)","voice, piano",,Early 20th century,,,Romantic,,30
Your Great Big Baby Smile,"White, James","https://imslp.org/wiki/Your_Great_Big_Baby_Smile_(White,_James)","voice, piano",,Early 20th century,,,Early 20th century,,9
Your Journey from Me,"Manookian, Jeff","https://imslp.org/wiki/Your_Journey_from_Me_(Manookian,_Jeff)","voice, piano",,Modern,,1986,Modern,20 minutes,436
Your Lad and My Lad,"Cole, Rossetter Gleason","https://imslp.org/wiki/Your_Lad_and_My_Lad_(Cole,_Rossetter_Gleason)","voice, piano",C major,Romantic,,,Romantic,,9
Your Lips Are No Man's Land But Mine,"McCarron, Charles","https://imslp.org/wiki/Your_Lips_Are_No_Man's_Land_But_Mine_(McCarron,_Charles)","voice, piano",E-flat major,Early 20th century,,,Early 20th century,,22
Your Love,"Park, Ye Esther","https://imslp.org/wiki/Your_Love_(Park,_Ye_Esther)",voice,,Modern,,2016,Modern,3 minutes,0
Your Love Has Called Me Back Again,"Skelly, Joseph Paul","https://imslp.org/wiki/Your_Love_Has_Called_Me_Back_Again_(Skelly,_Joseph_Paul)","voice, choir(SATB) & piano",G major,Romantic,,,Romantic,5-6 minutes,6
Your Love Is All That I Crave,"Johnson, James P.","https://imslp.org/wiki/Your_Love_Is_All_That_I_Crave_(Johnson,_James_P.)",,G major,Early 20th century,,1929,Early 20th century,3 minutes,10
"Your Poetic Art, Op.96","Cui, César","https://imslp.org/wiki/Your_Poetic_Art,_Op.96_(Cui,_César)","solo voices (SATB), mixed chorus (SATB), orchestra",,Romantic,,1914,Romantic,,296
Your Reflection in the Mirror will Never see You,"Jacquot, Matthieu","https://imslp.org/wiki/Your_Reflection_in_the_Mirror_will_Never_see_You_(Jacquot,_Matthieu)",2 microtonal keyboards,,Modern,,,Modern,,339
Your Silent Leave Breaks My Heart,"Zhang, Shuwen","https://imslp.org/wiki/Your_Silent_Leave_Breaks_My_Heart_(Zhang,_Shuwen)",piano,C minor,Romantic,,2020,Modern,4 minutes,0
Your Song,"Jacobs-Bond, Carrie","https://imslp.org/wiki/Your_Song_(Jacobs-Bond,_Carrie)","voice, piano",,Early 20th century,,,Romantic,,22
Your Sudden Return Brings Me Joy,"Zhang, Shuwen","https://imslp.org/wiki/Your_Sudden_Return_Brings_Me_Joy_(Zhang,_Shuwen)",piano,C minor,Romantic,,2021,Modern,3 minutes,0
Your Thoughts,"Hardelot, Guy d'","https://imslp.org/wiki/Your_Thoughts_(Hardelot,_Guy_d')","voice, piano",D minor,Romantic,,,Romantic,,132
Your Tongue can Hurt My Soul,"Bulbuloglu, Polad","https://imslp.org/wiki/Your_Tongue_can_Hurt_My_Soul_(Bulbuloglu,_Polad)","voice, piano",,Traditional,,,Modern,2 minutes,131
Your way,"Bulbuloglu, Polad","https://imslp.org/wiki/Your_way_(Bulbuloglu,_Polad)","voice, piano",,Modern,,,Modern,,119
Yours,"Sawyer, Henry S.","https://imslp.org/wiki/Yours_(Sawyer,_Henry_S.)","voice, piano",,Early 20th century,,,Romantic,,8
Yours Truly,"Stothart, Herbert","https://imslp.org/wiki/Yours_Truly_(Stothart,_Herbert)","voices, orchestra",,Early 20th century,,,Early 20th century,,18
Yours or Mine?,"Shield, William","https://imslp.org/wiki/Yours_or_Mine?_(Shield,_William)","voices, orchestra",,Classical,,,Classical,,7
"Youth Album, Op.6","Smit, Maarten","https://imslp.org/wiki/Youth_Album,_Op.6_(Smit,_Maarten)",piano,,Modern,,,Modern,,4983
Youth Is Life's Time of May,"Wallace, William Vincent","https://imslp.org/wiki/Youth_Is_Life's_Time_of_May_(Wallace,_William_Vincent)","voice, piano",E-flat major,Romantic,,,Romantic,2 minutes,7
"Youth Suite, Op.55","Novák, Vítězslav","https://imslp.org/wiki/Youth_Suite,_Op.55_(Novák,_Vítězslav)",piano,,Early 20th century,,1920,Romantic,35-40 minutes,1339
"Youth and Spring, Op.45","Clough-Leighter, Henry","https://imslp.org/wiki/Youth_and_Spring,_Op.45_(Clough-Leighter,_Henry)","Voice, Piano",,Romantic,,,Romantic,,104
Youth forever!,"Martin, George Dudley","https://imslp.org/wiki/Youth_forever!_(Martin,_George_Dudley)",piano,B-flat major,Romantic,,,Romantic,,19
Youth of the Gloomy Brow,"Callcott, John Wall","https://imslp.org/wiki/Youth_of_the_Gloomy_Brow_(Callcott,_John_Wall)",3 voices,B-flat major,Classical,,,Classical,,170
Youth's Song Book,"Woodbury, Isaac Baker","https://imslp.org/wiki/Youth's_Song_Book_(Woodbury,_Isaac_Baker)","mainly 3 voices, some in 4 voices",,Classical,,,Romantic,,198
"Youth, GP 208","Bax, Arnold","https://imslp.org/wiki/Youth,_GP_208_(Bax,_Arnold)","voice, piano",,Early 20th century,,1918,Early 20th century,,19
"Youth, Love and Folly","Strakosch, Maurice","https://imslp.org/wiki/Youth,_Love_and_Folly_(Strakosch,_Maurice)",Piano,A major,Romantic,,,Romantic,,191
"Youth, Op.3","Protopopov, Sergey","https://imslp.org/wiki/Youth,_Op.3_(Protopopov,_Sergey)","voice, piano",,Early 20th century,,1917-26,Early 20th century,,1324
Youthful Fancies,"Agnew, Roy","https://imslp.org/wiki/Youthful_Fancies_(Agnew,_Roy)",piano,,Early 20th century,,,Early 20th century,,522
Youthful Rapture,"Grainger, Percy","https://imslp.org/wiki/Youthful_Rapture_(Grainger,_Percy)","cello, violin, harmonium (or organ), piano; or cello and small orchestra",,Early 20th century,,1901/1929,Early 20th century,5 minutes,290
Youthful Suite,"Grainger, Percy","https://imslp.org/wiki/Youthful_Suite_(Grainger,_Percy)",orchestra,,Early 20th century,,1945,Early 20th century,22 minutes,0
Youthful Sweetheart,"Hamilton, Jesse J.","https://imslp.org/wiki/Youthful_Sweetheart_(Hamilton,_Jesse_J.)",guitar,,Early 20th century,,,Romantic,,185
"Youths Lingerings, Op.97","Bowman, Albert S.","https://imslp.org/wiki/Youths_Lingerings,_Op.97_(Bowman,_Albert_S.)","Orchestra (full): flute (or piccolo), 2 clarinets (C) + 2 horns (F), 2 cornets (B ♭ ), trombone + drums, triangle + piano ( ad lib. ) + strings Orchestra (small): flute (or piccolo), clarinet + 2 cornets, trombone + piano ( ad lib. ) + strings",,Romantic,,,Romantic,,6
Yowe-Buchts,Anonymous,https://imslp.org/wiki/Yowe-Buchts_(Anonymous),3 voices,E-flat major,Romantic,,,,,2
Yper Ypres,"Michiels, César","https://imslp.org/wiki/Yper_Ypres_(Michiels,_César)","voice, piano",F major,Romantic,,,Romantic,,7
Ypsilanti,"Van Alstyne, Egbert","https://imslp.org/wiki/Ypsilanti_(Van_Alstyne,_Egbert)","voice, piano",E-flat major,Early 20th century,,,Early 20th century,,41
Ypsilanti Galop,"Zerrahn, Carl","https://imslp.org/wiki/Ypsilanti_Galop_(Zerrahn,_Carl)",piano,G major,Romantic,,,Romantic,,18
Yr Anthemau a'r Tonau Buddugol yn Eisteddfod Bethesda,Various,https://imslp.org/wiki/Yr_Anthemau_a'r_Tonau_Buddugol_yn_Eisteddfod_Bethesda_(Various),mixed chorus (SATB) (includes solo passages); 2 mixed choruses (SATB/SATB),,Romantic,,,,,31
Yr Anthemydd,"Owen, John","https://imslp.org/wiki/Yr_Anthemydd_(Owen,_John)","mixed chorus (SATB), organ (or harmonium or piano); No.21: SSATB chorus, organ",,Romantic,,,Romantic,,14
Yr Arglwydd yw fy Mugail,"Parry, Joseph","https://imslp.org/wiki/Yr_Arglwydd_yw_fy_Mugail_(Parry,_Joseph)",Mixed Chorus + Keyboard,,Romantic,,1869,Romantic,,308
Yracy,"Guimarães, Aristogiton","https://imslp.org/wiki/Yracy_(Guimarães,_Aristogiton)",piano,G minor,Early 20th century,,1905 ca.,Early 20th century,,17
Yrhättan,"Löfgren, Albert","https://imslp.org/wiki/Yrhättan_(Löfgren,_Albert)",wind band,B-flat major,Romantic,,,Romantic,,10
"Ys debus malheur, MVWV 1079","Verheul, Maurice","https://imslp.org/wiki/Ys_debus_malheur,_MVWV_1079_(Verheul,_Maurice)",piano,,Modern,,2016,Modern,8 minutes,101
Ys-46yV,"Sysmoebius, Z Q","https://imslp.org/wiki/Ys-46yV_(Sysmoebius,_Z_Q)","strings, synth effect",,Modern,,2020,Modern,2 minutes,0
Yueji,"Lefébure, Alain","https://imslp.org/wiki/Yueji_(Lefébure,_Alain)",Flute and String orchestra,,Modern,,,Modern,,1248
Yukari,"Letort, Bruno","https://imslp.org/wiki/Yukari_(Letort,_Bruno)","double string quartet, double bass, percussion (vibraphone, 'caisse claire', 'cymbale cloutée'; )",,Modern,,,Modern,4 minutes,239
Yukon,"Bird, Peter","https://imslp.org/wiki/Yukon_(Bird,_Peter)","mixed chorus (SATB, sometimes divisi)",E major,Modern,,2015,Modern,5 minutes,109
Yule 1965,"Besset, Julian Raoul","https://imslp.org/wiki/Yule_1965_(Besset,_Julian_Raoul)","bass flute, piano; tenor saxophone, piano; bass trombone, piano",,Early 20th century,,,Modern,,200
Yule Tide Viola Duos,"Noren, Rictor","https://imslp.org/wiki/Yule_Tide_Viola_Duos_(Noren,_Rictor)",2 Violas,,Modern,,2020,Modern,,1626
Yuletide Brass,"Rondeau, Michel","https://imslp.org/wiki/Yuletide_Brass_(Rondeau,_Michel)","2 horns (F), 2 trumpets (B ♭ ), 2 flugelhorns (B ♭ ), 4 trombones, tuba",B-flat major,Classical,,2017,Modern,2 minutes,939
Yuletide Fugue,"Rondeau, Michel","https://imslp.org/wiki/Yuletide_Fugue_(Rondeau,_Michel)","2 horns (F), 2 cornets (B ♭ ), 2 trumpets (B ♭ ), 4 trombones, tuba",B-flat major,Classical,,2017,Modern,3 minutes,908
Yuletide Suite,"Rondeau, Michel","https://imslp.org/wiki/Yuletide_Suite_(Rondeau,_Michel)","2 flugelhorns, bass trombone",F major,Renaissance,,2019,Modern,4 minutes,1091
Yumemonogatari,"Rocha, Davi","https://imslp.org/wiki/Yumemonogatari_(Rocha,_Davi)",piano,E major,Non-western classical,,2023,Modern,,35
Yumurtanın Kulpu Yok,"Alıcıoğlu, Şafak","https://imslp.org/wiki/Yumurtanın_Kulpu_Yok_(Alıcıoğlu,_Şafak)",2 violin viola cello,,Early 20th century,,,Modern,,3422
Yunta Brava,"Villoldo, Ángel Gregorio","https://imslp.org/wiki/Yunta_Brava_(Villoldo,_Ángel_Gregorio)",piano,,Early 20th century,,,Early 20th century,,2553
"Yunus Emre, Op.182","Mekaev, Alexander","https://imslp.org/wiki/Yunus_Emre,_Op.182_(Mekaev,_Alexander)",orchestra,,Modern,,2020-21,Modern,2 hours,44
Yuppie Hornpipe,"Messerschmidt, Hans Jorgen","https://imslp.org/wiki/Yuppie_Hornpipe_(Messerschmidt,_Hans_Jorgen)",trumpet,B-flat major,Modern,,2015,Modern,1 minutes,0
Yurihama Hornpipe,"Messerschmidt, Hans Jorgen","https://imslp.org/wiki/Yurihama_Hornpipe_(Messerschmidt,_Hans_Jorgen)",trumpet,A major,Modern,,2015,Modern,1 minutes,0
Yvate gui ou,"Folk Songs, Brazilian","https://imslp.org/wiki/Yvate_gui_ou_(Folk_Songs,_Brazilian)",voice,,Traditional (folk),,,,,32
"Yver, vous n'estes qu'un villain","Robert, Clément","https://imslp.org/wiki/Yver,_vous_n'estes_qu'un_villain_(Robert,_Clément)","voice, piano",,Romantic,,1911 (November 8),Romantic,,26
Yvette,"Gédalge, André","https://imslp.org/wiki/Yvette_(Gédalge,_André)",2(pic)222/2.2pictrp.3.0/perc.glock/hp.str,,Romantic,,1891?,Romantic,,373
Yvon et Marie,"Membrée, Edmond","https://imslp.org/wiki/Yvon_et_Marie_(Membrée,_Edmond)","voice, piano",F minor,Romantic,,,Romantic,,8
Yvonne,"Contant, Alexis","https://imslp.org/wiki/Yvonne_(Contant,_Alexis)",piano,,Romantic,,,Romantic,,305
Yvonne,"Wood, Arthur","https://imslp.org/wiki/Yvonne_(Wood,_Arthur)","voices, orchestra",,Early 20th century,,,Romantic,,8
Yvonne en visite!,"Albéniz, Isaac","https://imslp.org/wiki/Yvonne_en_visite!_(Albéniz,_Isaac)",Piano solo,,Romantic,,1905?,Romantic,,3074
"Yvonne, Op.117","Krogmann, Carrie Williams","https://imslp.org/wiki/Yvonne,_Op.117_(Krogmann,_Carrie_Williams)",piano,A-flat major,Romantic,,,Romantic,,43
Yàn Zǐ,"Wong, Fu Tong","https://imslp.org/wiki/Yàn_Zǐ_(Wong,_Fu_Tong)","Voice, Piano",,Traditional (folk),,,Modern,,0
Yáyá,"Vogeler, Henrique","https://imslp.org/wiki/Yáyá_(Vogeler,_Henrique)",piano,D-flat major,Early 20th century,,1904 ca.,Early 20th century,,17
Yè Qí,"Wong, Fu Tong","https://imslp.org/wiki/Yè_Qí_(Wong,_Fu_Tong)","Voice, Piano",,Non-western classical,,,Modern,,0
Yì Jīang Nán,"Wong, Fu Tong","https://imslp.org/wiki/Yì_Jīang_Nán_(Wong,_Fu_Tong)","Voice, Piano",,Non-western classical,,,Modern,,0
Yóu Zǐ Yín,"Wong, Fu Tong","https://imslp.org/wiki/Yóu_Zǐ_Yín_(Wong,_Fu_Tong)","Voice, Piano",,Non-western classical,,,Modern,,16
Yôyô,"Ramos, Maria Eugenia","https://imslp.org/wiki/Yôyô_(Ramos,_Maria_Eugenia)",piano,F minor,Early 20th century,,1904 ca.,Early 20th century,,19
"Yö, Op.22 No.3","Kuula, Toivo","https://imslp.org/wiki/Yö,_Op.22_No.3_(Kuula,_Toivo)","Voice, piano",E-flat minor,Romantic,,1906,Romantic,,886
Yù Lóu Chūn,"Wong, Fu Tong","https://imslp.org/wiki/Yù_Lóu_Chūn_(Wong,_Fu_Tong)","Voice, Piano",,Non-western classical,,,Modern,,0
Yú Měi Rén,"Wong, Fu Tong","https://imslp.org/wiki/Yú_Měi_Rén_(Wong,_Fu_Tong)","Voice, Piano",,Non-western classical,,,Modern,,19
Yıldızların Altında,"Ali Rıza Bey, Kaptanzade","https://imslp.org/wiki/Yıldızların_Altında_(Ali_Rıza_Bey,_Kaptanzade)",voice,,Early 20th century,,,Early 20th century,,3516
Yɛn Ara Asaase Ni,"Amu, Ephraim","https://imslp.org/wiki/Yɛn_Ara_Asaase_Ni_(Amu,_Ephraim)",,F major,Non-western classical,,1929,Early 20th century,,153
Z Pieśni nad Pieśniami,"Kowalewski, Jakub","https://imslp.org/wiki/Z_Pieśni_nad_Pieśniami_(Kowalewski,_Jakub)","Version A : mezzo-soprano, violin, viola, cello Version B : mezzo-soprano, piano",,Modern,,,Modern,,668
Z chwili zwątpienia,"Skirmuntt, Henryk","https://imslp.org/wiki/Z_chwili_zwątpienia_(Skirmuntt,_Henryk)","voice, piano",,Romantic,,,Early 20th century,,23
Z dawna Polski Tyś Królową,"Rutkowski, Antoni","https://imslp.org/wiki/Z_dawna_Polski_Tyś_Królową_(Rutkowski,_Antoni)",,,Romantic,,,Romantic,,37
"Z domoviny, JB 1:118","Smetana, Bedřich","https://imslp.org/wiki/Z_domoviny,_JB_1:118_(Smetana,_Bedřich)","violin, piano",,Romantic,,1880,Romantic,12 minutes,16121
Z dymem pożarów,"Nikorovicz, Jozef","https://imslp.org/wiki/Z_dymem_pożarów_(Nikorovicz,_Jozef)",4 voices,,Romantic,,,Romantic,,204
Z gustem,"Lewandowski, Leopold","https://imslp.org/wiki/Z_gustem_(Lewandowski,_Leopold)",piano,C major,Romantic,,,Romantic,,15
Z humorem,"Lewandowski, Leopold","https://imslp.org/wiki/Z_humorem_(Lewandowski,_Leopold)",piano,C major,Romantic,,,Romantic,,16
"Z jesieni, Op.26","Gall, Jan Karol","https://imslp.org/wiki/Z_jesieni,_Op.26_(Gall,_Jan_Karol)","voice, piano",,Romantic,,,Romantic,,238
Z kantaty jubileuszowej,"Żeleński, Władysław","https://imslp.org/wiki/Z_kantaty_jubileuszowej_(Żeleński,_Władysław)",unknown for the original,,Romantic,,,Romantic,,12
Z krainy snów,"Mikulski, Tytus","https://imslp.org/wiki/Z_krainy_snów_(Mikulski,_Tytus)","voice, piano",E-flat major,Romantic,,,Romantic,,15
"Z mrtvého domu, JW 1/11","Janáček, Leoš","https://imslp.org/wiki/Z_mrtvého_domu,_JW_1/11_(Janáček,_Leoš)","voices, mixed chorus, orchestra",,Early 20th century,,1927-28,Romantic,,3094
"Z nad Wisły, Op.193","Wroński, Adam","https://imslp.org/wiki/Z_nad_Wisły,_Op.193_(Wroński,_Adam)",piano,,Early 20th century,,,Romantic,,14
Z nieboskiej komedyi,"Żeleński, Władysław","https://imslp.org/wiki/Z_nieboskiej_komedyi_(Żeleński,_Władysław)","voice, piano",,Romantic,,1881,Romantic,,13
Z nocy letnich,"Żeleński, Władysław","https://imslp.org/wiki/Z_nocy_letnich_(Żeleński,_Władysław)","voice, piano",A-flat major,Romantic,,,Romantic,,7
Z nową wiosną,"Karłowicz, Mieczysław","https://imslp.org/wiki/Z_nową_wiosną_(Karłowicz,_Mieczysław)",voice and piano,,Romantic,,,Romantic,,1059
Z nową wiosną,"Münchheimer, Adam","https://imslp.org/wiki/Z_nową_wiosną_(Münchheimer,_Adam)",Voice + Piano,,Romantic,,,Romantic,,123
Z pisnich vecernich,"Karlsen, HanS","https://imslp.org/wiki/Z_pisnich_vecernich_(Karlsen,_HanS)","voice, piano",,Modern,,,Modern,,110
"Z pod ciemnej gwiazdy, Op.102","Tymolski, Fabian","https://imslp.org/wiki/Z_pod_ciemnej_gwiazdy,_Op.102_(Tymolski,_Fabian)",piano,,Romantic,,,Romantic,,29
Z pohádky do pohádky,"Nedbal, Oskar","https://imslp.org/wiki/Z_pohádky_do_pohádky_(Nedbal,_Oskar)",Orchestra,,Romantic,,1908?,Romantic,,548
Z písně do písně,"Veselík, Emanuel","https://imslp.org/wiki/Z_písně_do_písně_(Veselík,_Emanuel)",piano,,Traditional (folk),,,Romantic,,40
Z tamtej strony jeziora,"Kramarz, Mariusz","https://imslp.org/wiki/Z_tamtej_strony_jeziora_(Kramarz,_Mariusz)",mixed chorus (SATB),D minor,Traditional (folk),,,Modern,,23
"Z teki Józefa Kościelskiego, Op.26","Żeleński, Władysław","https://imslp.org/wiki/Z_teki_Józefa_Kościelskiego,_Op.26_(Żeleński,_Władysław)","voice, piano",,Romantic,,,Romantic,,11
Z wiosennych tchnień,"Niewiadomski, Stanisław","https://imslp.org/wiki/Z_wiosennych_tchnień_(Niewiadomski,_Stanisław)","voice, piano",,Romantic,,,Romantic,,517
"Z wysokich parnasów, Op.48","Niewiadomski, Stanisław","https://imslp.org/wiki/Z_wysokich_parnasów,_Op.48_(Niewiadomski,_Stanisław)","voice, piano",,Early 20th century,,,Romantic,,6
"Z wystawy krakowskiej, Op.81","Wroński, Adam","https://imslp.org/wiki/Z_wystawy_krakowskiej,_Op.81_(Wroński,_Adam)",piano,D major,Romantic,,,Romantic,,101
"Z českých luhů a hájů, JB 1:112/4","Smetana, Bedřich","https://imslp.org/wiki/Z_českých_luhů_a_hájů,_JB_1:112/4_(Smetana,_Bedřich)","Orchestra : piccolo, 2 flutes, 2 oboes, 2 clarinets, 2 bassoons + 4 horns, 2 trumpets, 3 trombones, tuba + timpani, triangle, cymbals + strings",G minor,Romantic,,1875,Romantic,13 minutes,26617
Z łąk i pól,"Żeleński, Władysław","https://imslp.org/wiki/Z_łąk_i_pól_(Żeleński,_Władysław)","voice, piano",C major,Romantic,,,Romantic,,17
Z'miroth ut'filoth Yisroel: A Synagogue Hymnal,Various,https://imslp.org/wiki/Z'miroth_ut'filoth_Yisroel:_A_Synagogue_Hymnal_(Various),"SATB chorus (keyboard short score), many with solo voice; some for unison chorus",,Early 20th century,,,,,46
Za Svobodu Slavyan,"Rebikov, Vladimir","https://imslp.org/wiki/Za_Svobodu_Slavyan_(Rebikov,_Vladimir)",piano,,Romantic,,,Romantic,,861
Za przykładem słowika,"Rogowski, Ludomir Michał","https://imslp.org/wiki/Za_przykładem_słowika_(Rogowski,_Ludomir_Michał)","coloratura soprano (or flute), piano",D major,Early 20th century,,1936,Romantic,,0
"Zabawa wiejska na Kujawach, Op.22","Łada, Kazimierz","https://imslp.org/wiki/Zabawa_wiejska_na_Kujawach,_Op.22_(Łada,_Kazimierz)","violin, piano",D major,Romantic,,,Romantic,,5
"Zabawki, Op.38a","Friedman, Ignaz","https://imslp.org/wiki/Zabawki,_Op.38a_(Friedman,_Ignaz)",piano,,Early 20th century,,,Romantic,,80
Zabawy zimowe mazur,"Nowakowski, Józef","https://imslp.org/wiki/Zabawy_zimowe_mazur_(Nowakowski,_Józef)",piano,F major,Romantic,,,Romantic,,19
"Zabobon, czyli Krakowiacy i Górale","Kurpiński, Karol","https://imslp.org/wiki/Zabobon,_czyli_Krakowiacy_i_Górale_(Kurpiński,_Karol)","voices, chorus, orchestra",,Romantic,,,Romantic,,92
Zacatecas March for Three Bassoons or Celli,"Ewell, Terry B.","https://imslp.org/wiki/Zacatecas_March_for_Three_Bassoons_or_Celli_(Ewell,_Terry_B.)",Bassoons or Celli,,Early 20th century,,2026,Modern,,0
Zacatecas March for Three Flutes or Violins,"Ewell, Terry B.","https://imslp.org/wiki/Zacatecas_March_for_Three_Flutes_or_Violins_(Ewell,_Terry_B.)",Flutes or Violins,,Early 20th century,,2026,Modern,,0
"Zachaee festinans descende, LV 252","Lassus, Orlande de","https://imslp.org/wiki/Zachaee_festinans_descende,_LV_252_(Lassus,_Orlande_de)",5 voices,,Renaissance,,,Renaissance,,215
Zacharias war ganz verstummt,"Eccard, Johannes","https://imslp.org/wiki/Zacharias_war_ganz_verstummt_(Eccard,_Johannes)",SSATB voices,A minor,Renaissance,,,Renaissance,,8522
"Zacharie, Op.19","Chevillard, Camille","https://imslp.org/wiki/Zacharie,_Op.19_(Chevillard,_Camille)",Piano?,E-flat major,Romantic,,,Romantic,,378
"Zachnaee, festinans descende","Lassus, Orlande de","https://imslp.org/wiki/Zachnaee,_festinans_descende_(Lassus,_Orlande_de)",5 voices,,Renaissance,,,Renaissance,,215
Zachte Strengheid,"Van Durme, Oscar","https://imslp.org/wiki/Zachte_Strengheid_(Van_Durme,_Oscar)","voice, piano",E minor,Romantic,,1908,Romantic,,14
Zaczarowana królewna,"Kowalewski, Jakub","https://imslp.org/wiki/Zaczarowana_królewna_(Kowalewski,_Jakub)",SATB or SSAB choir,,Modern,,,Modern,,433
Zaczarowana królewna,"Różycki, Aleksander","https://imslp.org/wiki/Zaczarowana_królewna_(Różycki,_Aleksander)","voice, piano",B-flat major,Romantic,,,Romantic,,9
Zacznicie nową możnemu,"Kramarz, Mariusz","https://imslp.org/wiki/Zacznicie_nową_możnemu_(Kramarz,_Mariusz)",mixed chorus (SATB),F major,Modern,,2022,Modern,,58
"Zadok the Priest, HWV 258","Handel, George Frideric","https://imslp.org/wiki/Zadok_the_Priest,_HWV_258_(Handel,_George_Frideric)","mixed chorus (SSAATBB), orchestra",D major,Baroque,,1727 (September 9 to October 11 - conjectural),Baroque,5-6 minutes,122708
Zadÿe,"Poyares, Eduardo A.","https://imslp.org/wiki/Zadÿe_(Poyares,_Eduardo_A.)",piano,E-flat minor,Early 20th century,,1915 ca.,Early 20th century,,15
Zaffira,"Pacini, Giovanni","https://imslp.org/wiki/Zaffira_(Pacini,_Giovanni)","Voices, Chorus, Orchestra",,Romantic,,,Romantic,,358
Zagal,"Acevedo, Ricardo","https://imslp.org/wiki/Zagal_(Acevedo,_Ricardo)",Piano,E minor,Romantic,,1890 ca.,Romantic,,11
Zagales que los montes,Granados,https://imslp.org/wiki/Zagales_que_los_montes_(Granados),"soprano, alto, continuo",,Baroque,,1726,Baroque,,234
"Zage nicht verirrte Seele, GWV 1129/20","Graupner, Christoph","https://imslp.org/wiki/Zage_nicht_verirrte_Seele,_GWV_1129/20_(Graupner,_Christoph)","Basso, Strings, Basso continuo",D major,Baroque,,1720,Baroque,,114
Zage nur nicht,"Randhartinger, Benedict","https://imslp.org/wiki/Zage_nur_nicht_(Randhartinger,_Benedict)","voice, piano",A minor,Romantic,,1866,Romantic,2 minutes,35
Zagruzit Lyubov,"Dyson, Peter","https://imslp.org/wiki/Zagruzit_Lyubov_(Dyson,_Peter)",orchestra,,Modern,,2018,Modern,22 minutes,126
Zagłoba,"Gliński, Joachim","https://imslp.org/wiki/Zagłoba_(Gliński,_Joachim)",piano,D major,Romantic,,,Romantic,,5
Zahara,"Saul, Dave","https://imslp.org/wiki/Zahara_(Saul,_Dave)",piano,,Jazz,,,Modern,,158
Zahira,"Malancioiu, Gabriel","https://imslp.org/wiki/Zahira_(Malancioiu,_Gabriel)",tuba and piano,,Modern,,2010,Modern,6:30,2054
Zahmes und Wildes,"Randhartinger, Benedict","https://imslp.org/wiki/Zahmes_und_Wildes_(Randhartinger,_Benedict)","voice, piano",A major,Romantic,,1879,Romantic,1 minutes,25
"Zaida, Op.72","Cruz, Antonio de la","https://imslp.org/wiki/Zaida,_Op.72_(Cruz,_Antonio_de_la)",piano,,Romantic,,,Romantic,,29
"Zaide, K.344/336b","Mozart, Wolfgang Amadeus","https://imslp.org/wiki/Zaide,_K.344/336b_(Mozart,_Wolfgang_Amadeus)","voices, orchestra",,Classical,,1779–80,Classical,,34527
Zaira,"Bellini, Vincenzo","https://imslp.org/wiki/Zaira_(Bellini,_Vincenzo)","voices, chorus, orchestra",,Romantic,,completed 1829,Romantic,,3030
Zaira,"Federici II, Francesco","https://imslp.org/wiki/Zaira_(Federici_II,_Francesco)","voices, orchestra",,Classical,,,Romantic,,107
Zaira,"Mercadante, Saverio","https://imslp.org/wiki/Zaira_(Mercadante,_Saverio)",,,Classical,,,Romantic,,424
Zajc-Album,"Zajc, Ivan","https://imslp.org/wiki/Zajc-Album_(Zajc,_Ivan)",Piano,,Romantic,,,Romantic,,208
Zak,"Perrucci, Valeria","https://imslp.org/wiki/Zak_(Perrucci,_Valeria)","flute, violin",F major,Classical,,2018,Modern,,256
"Zaker, CCW123","Labrecque, Samuel","https://imslp.org/wiki/Zaker,_CCW123_(Labrecque,_Samuel)",piano,G minor,Modern,,2011,Modern,2 minutes,5
"Zakończenie Modlitwy Estery, Op.22","Fiedorowicz, Natan","https://imslp.org/wiki/Zakończenie_Modlitwy_Estery,_Op.22_(Fiedorowicz,_Natan)","piano, voice",E minor,Modern,,2025,,,9
Zakład,"Elsner, Józef","https://imslp.org/wiki/Zakład_(Elsner,_Józef)","voice, piano",B-flat major,Romantic,,,Romantic,,10
Zal,"Trinkaus, George John","https://imslp.org/wiki/Zal_(Trinkaus,_George_John)","violin, piano",C major,Early 20th century,,,Early 20th century,,10
Zallah,"Loraine, William","https://imslp.org/wiki/Zallah_(Loraine,_William)",piano,,Early 20th century,,,Romantic,,16
Zamacueca No.3,"Guzmán Frías, Federico","https://imslp.org/wiki/Zamacueca_No.3_(Guzmán_Frías,_Federico)",piano,D major,Traditional (folk),,1850-60,Romantic,2-3 minutes,150
Zamacueca y La Güeya,"Alais, Juan","https://imslp.org/wiki/Zamacueca_y_La_Güeya_(Alais,_Juan)",guitar,,Romantic,,,Romantic,,62
"Zamacueca, Op.30","White, Joseph","https://imslp.org/wiki/Zamacueca,_Op.30_(White,_Joseph)","Violin, Piano",G major,Romantic,,,Romantic,,2194
Zamami Hornpipe,"Messerschmidt, Hans Jorgen","https://imslp.org/wiki/Zamami_Hornpipe_(Messerschmidt,_Hans_Jorgen)",trumpet,B-flat major,Modern,,2015,Modern,1 minutes,2
Zamaszysty,"Lewandowski, Leopold","https://imslp.org/wiki/Zamaszysty_(Lewandowski,_Leopold)",piano,D major,Romantic,,,Romantic,,15
Zamba of the Birds,"Carbajo, Víctor","https://imslp.org/wiki/Zamba_of_the_Birds_(Carbajo,_Víctor)",piano,A minor,Early 20th century,,2021,Modern,5 minutes,220
Zamba y Gato,"Estrada, Minor Roberto","https://imslp.org/wiki/Zamba_y_Gato_(Estrada,_Minor_Roberto)","cello, piano",C minor,Traditional (folk),,,Modern,4 minutes,282
"Zamba y vidalita oriental, Op.10","Sagreras, Julio Salvador","https://imslp.org/wiki/Zamba_y_vidalita_oriental,_Op.10_(Sagreras,_Julio_Salvador)",Guitar,,Early 20th century,,,Early 20th century,,2245
Zambra Granadina,"Albéniz, Isaac","https://imslp.org/wiki/Zambra_Granadina_(Albéniz,_Isaac)",piano,,Romantic,,1888,Romantic,,18809
Zambra gitana,"Lecuona, Ernesto","https://imslp.org/wiki/Zambra_gitana_(Lecuona,_Ernesto)",piano,E minor,Romantic,,,Early 20th century,,308
Zambra morisca,"Espino, Felipe","https://imslp.org/wiki/Zambra_morisca_(Espino,_Felipe)",piano,,Romantic,,,Romantic,,38
Zamek na Czorsztynie,"Kurpiński, Karol","https://imslp.org/wiki/Zamek_na_Czorsztynie_(Kurpiński,_Karol)","voices, chorus, orchestra",,Romantic,,,Romantic,,81
Zamknij Kaśka!,"Gall, Jan Karol","https://imslp.org/wiki/Zamknij_Kaśka!_(Gall,_Jan_Karol)","voice, piano",F major,Romantic,,,Romantic,,9
Zamona,"Loraine, William","https://imslp.org/wiki/Zamona_(Loraine,_William)",piano,,Early 20th century,,,Romantic,,11
Zamora,Castio Arena's,https://imslp.org/wiki/Zamora_(Castio_Arena's),accordion,A minor,Early 20th century,,,Early 20th century,,27
Zampa,"Holland, Justin","https://imslp.org/wiki/Zampa_(Holland,_Justin)",guitar,,Romantic,,,Romantic,,40
Zampa,"Hérold, Ferdinand","https://imslp.org/wiki/Zampa_(Hérold,_Ferdinand)","voices, mixed chorus, orchestra",,Romantic,,1831,Romantic,,54069
"Zampa-Galopp, Op.62","Strauss Sr., Johann","https://imslp.org/wiki/Zampa-Galopp,_Op.62_(Strauss_Sr.,_Johann)",Piano,,Romantic,,,Romantic,,831
"Zampa-Walzer, Op.57","Strauss Sr., Johann","https://imslp.org/wiki/Zampa-Walzer,_Op.57_(Strauss_Sr.,_Johann)",Orchestra,,Romantic,,,Romantic,,284
Zamparite,"Lake, Mayhew","https://imslp.org/wiki/Zamparite_(Lake,_Mayhew)",Orchestra,G major,Romantic,,,Early 20th century,,39
Zampognata,"Brogi, Renato","https://imslp.org/wiki/Zampognata_(Brogi,_Renato)",piano,G major,Early 20th century,,,Romantic,,7
Zampognata,"Fornasa, Ettore","https://imslp.org/wiki/Zampognata_(Fornasa,_Ettore)",organ,A major,Early 20th century,,,Early 20th century,,43
Zampognata,"Stellabotte, Antonella","https://imslp.org/wiki/Zampognata_(Stellabotte,_Antonella)",organ,G major,Classical,,2020,Modern,3 minutes,150
"Zanaïda, W.G 5","Bach, Johann Christian","https://imslp.org/wiki/Zanaïda,_W.G_5_(Bach,_Johann_Christian)","voices, orchestra",,Classical,,,Classical,,35
Zand stuift rond je slapen,"Israël, Sam","https://imslp.org/wiki/Zand_stuift_rond_je_slapen_(Israël,_Sam)","voice, piano",,Modern,,2006,Modern,1.50 minutes,58
Zandman,"Saldiën, Jacques","https://imslp.org/wiki/Zandman_(Saldiën,_Jacques)","voice (or violin), piano",A minor,Modern,,1970,Modern,"2 minutes, 15 seconds",149
Zanetta,"Auber, Daniel François Esprit","https://imslp.org/wiki/Zanetta_(Auber,_Daniel_François_Esprit)","vocal soloists, mixed chorus, orchestra",,Romantic,,,Romantic,,940
"Zanetta's Aria from 'Pirlo', W.40","Cameron, Liam","https://imslp.org/wiki/Zanetta's_Aria_from_'Pirlo',_W.40_(Cameron,_Liam)","violin, piano",,Modern,,2023,Modern,3 minutes,34
Zanetto,"Mascagni, Pietro","https://imslp.org/wiki/Zanetto_(Mascagni,_Pietro)","Vocal soloists, Chorus, Orchestra",,Romantic,,,Early 20th century,,2038
"Zangadinha, Op.135","Cavalcanti, Aurélio","https://imslp.org/wiki/Zangadinha,_Op.135_(Cavalcanti,_Aurélio)",piano,E-flat major,Romantic,,,Romantic,,16
Zanie,"Danks, Hart Pease","https://imslp.org/wiki/Zanie_(Danks,_Hart_Pease)","Voices, chorus, orchestra (or piano or organ)",,Romantic,,,Romantic,,133
Zankō,"Shigeta, Takuya","https://imslp.org/wiki/Zankō_(Shigeta,_Takuya)","Concert Band: piccolo, 2 flutes, 2 oboes, E ♭ clarinet, 3 clarinets (B ♭ ), alto clarinet (E ♭ ), bass clarinet (B ♭ ), 2 bassoons 4 saxophones (2 altos (E ♭ , tenor (B ♭ ), baritone (E ♭ )) 4 horns (F), 3 trumpets (B ♭ ), 3 trombones, euphonium, tuba, timpani, glockespiel, vibraphone, xylophone, marimba, snare drum, bass drum, double bass",,Modern,,2017,Modern,4 minutes,255
Zanni et Magnifico,"Eccard, Johannes","https://imslp.org/wiki/Zanni_et_Magnifico_(Eccard,_Johannes)",SATTB voices,,Renaissance,,,Renaissance,,1790
"Zanni, LV 673","Lassus, Orlande de","https://imslp.org/wiki/Zanni,_LV_673_(Lassus,_Orlande_de)",8 voices,,Renaissance,,,Renaissance,3 minutes,310
Zantak I,"De Bleser, Werner J.E.","https://imslp.org/wiki/Zantak_I_(De_Bleser,_Werner_J.E.)","percussion ensemble (timpani, 7 percussion)",,Modern,,1990,Modern,4 minutes,588
Zantak II,"De Bleser, Werner J.E.","https://imslp.org/wiki/Zantak_II_(De_Bleser,_Werner_J.E.)","string orchestra (3 violins, 2 violas, 2 cellos, contrabass)",,Modern,,1992,Modern,4 minutes,349
Zanzibar Boat-Song,"Grainger, Percy","https://imslp.org/wiki/Zanzibar_Boat-Song_(Grainger,_Percy)",piano 6-hands,,Early 20th century,,"1902 - March 5-11, London.",Early 20th century,,846
Zapachniały wiosną kwiaty,"Lipski, Stanisław","https://imslp.org/wiki/Zapachniały_wiosną_kwiaty_(Lipski,_Stanisław)",mixed chorus (SATB),E-flat major,Romantic,,,Romantic,,5
Zapadeado,"Morkov, Vladimir","https://imslp.org/wiki/Zapadeado_(Morkov,_Vladimir)",guitar,G major,Romantic,,,Romantic,,20
Zapateado,"Hernandez, Isidoro","https://imslp.org/wiki/Zapateado_(Hernandez,_Isidoro)","voice, piano",,Romantic,,,Romantic,,40
Zapateado,"Macchi, Claudio","https://imslp.org/wiki/Zapateado_(Macchi,_Claudio)",guitar,C major,Traditional (folk),,,Modern,2 minutes,187
Zapateado,"Pratten, Catharina Josepha","https://imslp.org/wiki/Zapateado_(Pratten,_Catharina_Josepha)",3 guitars,,Romantic,,,Romantic,4 minutes,239
Zapateado Caribe,"Barrios Mangoré, Agustín","https://imslp.org/wiki/Zapateado_Caribe_(Barrios_Mangoré,_Agustín)",3 guitars,A major,Romantic,,,Romantic,,545
"Zapateado Ecuatoriano, Op.153","Ramos, Rafael","https://imslp.org/wiki/Zapateado_Ecuatoriano,_Op.153_(Ramos,_Rafael)",piano,,Romantic,,,Early 20th century,,5
Zapateado de Xibalba,"Torre, Salvador","https://imslp.org/wiki/Zapateado_de_Xibalba_(Torre,_Salvador)","piccolo, glockenspiel, vibraphone",,Modern,,1986,Modern,3 minutes,1308
Zapateo cubano,"González del Valle, Anselmo","https://imslp.org/wiki/Zapateo_cubano_(González_del_Valle,_Anselmo)",piano,,Romantic,,,Romantic,,82
Zapateo cubano,"Núñez, Gonzalo de Jesús","https://imslp.org/wiki/Zapateo_cubano_(Núñez,_Gonzalo_de_Jesús)",piano,C major,Early 20th century,,,Romantic,,28
Zapatos,"Huijsman, Ton","https://imslp.org/wiki/Zapatos_(Huijsman,_Ton)","flute, violin, recorder, guitar",D minor,Early 20th century,,2010,Modern,4 minutes,3586
"Zapfenstreich, Op.6","Rosenthal, Arthur","https://imslp.org/wiki/Zapfenstreich,_Op.6_(Rosenthal,_Arthur)","voice, piano",,Romantic,,,Romantic,,9
Zapiski Hansa Naboka a Janšojskeho wučerja Albina,"Folk Songs, Lower Sorbian","https://imslp.org/wiki/Zapiski_Hansa_Naboka_a_Janšojskeho_wučerja_Albina_(Folk_Songs,_Lower_Sorbian)",voice,,Traditional (folk),,,,,9
"Zapomniałem, Op.64","Wydżga, Jan Tomasz","https://imslp.org/wiki/Zapomniałem,_Op.64_(Wydżga,_Jan_Tomasz)","voice, piano",,Early 20th century,,,Romantic,,5
Zaporozhets za Dunayem,"Hulak-Artemovsky, Semen","https://imslp.org/wiki/Zaporozhets_za_Dunayem_(Hulak-Artemovsky,_Semen)","voices, mixed chorus (SATB), orchestra",,Romantic,,,Romantic,,535
Zapovit,"Glière, Reinhold","https://imslp.org/wiki/Zapovit_(Glière,_Reinhold)",orchestra,E minor,Early 20th century,,1939-1941,Romantic,,0
"Zapovit, Op.73","Glière, Reinhold","https://imslp.org/wiki/Zapovit,_Op.73_(Glière,_Reinhold)",orchestra,E minor,Early 20th century,,1939-1941,Romantic,,0
Zappay lo campo,Anonymous,https://imslp.org/wiki/Zappay_lo_campo_(Anonymous),3 voices,,Renaissance,,,,,301
"Zappelig, Op.29 No.23","Menkveld, Jan Willem","https://imslp.org/wiki/Zappelig,_Op.29_No.23_(Menkveld,_Jan_Willem)",violin,F minor,Romantic,,2019,Modern,3 minutes,87
Zapping The Keys,"Simpson, Cameron Lee","https://imslp.org/wiki/Zapping_The_Keys_(Simpson,_Cameron_Lee)",piano,F major,Jazz,,2025,Modern,2 minutes,30
Zapunzel,"Kimberling, Clark","https://imslp.org/wiki/Zapunzel_(Kimberling,_Clark)",piano,,Modern,,2021,Modern,2 minutes,38
Zapóźno,"Maszyński, Piotr","https://imslp.org/wiki/Zapóźno_(Maszyński,_Piotr)","voice, piano",E-flat major,Romantic,,,Romantic,,7
"Zapóźno, Op.5, No.2","Grudziński, Antoni Wawrzyniec","https://imslp.org/wiki/Zapóźno,_Op.5,_No.2_(Grudziński,_Antoni_Wawrzyniec)","voice, piano",,Romantic,,1906 ca.,Romantic,,11
Zar und Zimmermann,"Lortzing, Albert","https://imslp.org/wiki/Zar_und_Zimmermann_(Lortzing,_Albert)","voices, chorus, orchestra Roles Peter der Erste, czaar von Russland (baritone) Peter Iwanow, in junger Russe (tenor) Van Bett, Bürgermeister von Saardam (bass) Marie, seine Nichte (soprano) General Lefort, russischer Gesandter (bass) Lord Syndham, englischer Gesandter (bass) Marquis v. Chateauneuf, franz. Gesandter (tenor) Wittwe Browe, Zimmermeisterin (alto) Mixed Chorus (SATB) Zimmerleute, Einwohner von Saardam, Holländische Offiziere, Magistratspersonen, Matrosen Orchestra: 2 flutes (2nd also piccolo), 2 oboes, 2 clarinets, 2 bassoons 4 horns, 2 trumpets, 3 trombones timpani, triangle, bass drum, strings",,Romantic,,1837,Romantic,,10219
Zara,"Chesneau, Carl","https://imslp.org/wiki/Zara_(Chesneau,_Carl)",Piano,D-flat major,Romantic,,,Romantic,,275
Zara's Ear Rings,"Browne, Harriet","https://imslp.org/wiki/Zara's_Ear_Rings_(Browne,_Harriet)","voice, piano",F major - F minor - A ♭ major - E ♭ major,Romantic,,,Romantic,,43
Zarabanda,"Guestrin, Néstor","https://imslp.org/wiki/Zarabanda_(Guestrin,_Néstor)",Guitar,,Modern,,1998,Modern,,662
Zarabanda in D minor,"Sierra, Federico","https://imslp.org/wiki/Zarabanda_in_D_minor_(Sierra,_Federico)",Piano,D minor,Modern,,2014,Modern,,313
"Zarabanda, Libro II, f.38","Sanz, Gaspar","https://imslp.org/wiki/Zarabanda,_Libro_II,_f.38_(Sanz,_Gaspar)",5 course baroque guitar,,Baroque,,,Baroque,,1389
"Zarabanda, Op.8a","Pedrosa, Juan Antonio","https://imslp.org/wiki/Zarabanda,_Op.8a_(Pedrosa,_Juan_Antonio)",organ,,Modern,,1987,Modern,3 minutes,86
Zaragoza,"Dhanrajani, Anish","https://imslp.org/wiki/Zaragoza_(Dhanrajani,_Anish)",guitar,G minor,Modern,,2026,Modern,1 minute,4
Zaragoza,"Zurron, Vicente","https://imslp.org/wiki/Zaragoza_(Zurron,_Vicente)",piano,,Early 20th century,,,Early 20th century,,18
"Zarathustra, Op.6","Tena Manrique, Abraham","https://imslp.org/wiki/Zarathustra,_Op.6_(Tena_Manrique,_Abraham)",Piano,C minor,Romantic,,2004,Modern,6 minutes,632
"Zarina, Op.95","Wallerstein, Anton","https://imslp.org/wiki/Zarina,_Op.95_(Wallerstein,_Anton)",piano,A-flat major,Romantic,,,Romantic,,3
Zarmi,"Steinert, Alexander Lang","https://imslp.org/wiki/Zarmi_(Steinert,_Alexander_Lang)",piano,,Romantic,,,Early 20th century,,14
Zart reyne vrucht,Roelkin,https://imslp.org/wiki/Zart_reyne_vrucht_(Roelkin),4 voices,,Renaissance,,,Renaissance,,373
"Zarter Jesu sei mir nahe, GWV 1112/42","Graupner, Christoph","https://imslp.org/wiki/Zarter_Jesu_sei_mir_nahe,_GWV_1112/42_(Graupner,_Christoph)","alto, tenor, bass, strings, continuo",G major,Baroque,,1742,Baroque,,256
Zaruri,"Tăutu, Cornelia","https://imslp.org/wiki/Zaruri_(Tăutu,_Cornelia)",orchestra,,Modern,,1971,Modern,8 minutes,902
"Zaręczyny Zosi, Op.15","Korytyński, Albin","https://imslp.org/wiki/Zaręczyny_Zosi,_Op.15_(Korytyński,_Albin)",piano,,Romantic,,,Romantic,,13
Zasady muzyki na pianoforte,"Kurpiński, Karol","https://imslp.org/wiki/Zasady_muzyki_na_pianoforte_(Kurpiński,_Karol)",piano,,Romantic,,,Romantic,,107
"Zaszumiał las, Op.32 No.1","Niewiadomski, Stanisław","https://imslp.org/wiki/Zaszumiał_las,_Op.32_No.1_(Niewiadomski,_Stanisław)",male chorus,A minor,Early 20th century,,,Romantic,,6
"Zaszła zorza, Op.7","Wydżga, Jan Tomasz","https://imslp.org/wiki/Zaszła_zorza,_Op.7_(Wydżga,_Jan_Tomasz)","voice, piano",G minor,Early 20th century,,,Romantic,,5
Zauber Galop,"Lumbye, Hans Christian","https://imslp.org/wiki/Zauber_Galop_(Lumbye,_Hans_Christian)",orchestra,D major,Romantic,,1855,Romantic,,23
"Zauber der Nacht, Op.135","Becker, Valentin Eduard","https://imslp.org/wiki/Zauber_der_Nacht,_Op.135_(Becker,_Valentin_Eduard)","violin, piano",,Romantic,,,Romantic,,12
"Zaubergeige Marsch, Op.121","Kéler, Béla","https://imslp.org/wiki/Zaubergeige_Marsch,_Op.121_(Kéler,_Béla)",orchestra,,Romantic,,1859,Romantic,,20
"Zauberglöckchen, Op.278","Oesten, Theodore","https://imslp.org/wiki/Zauberglöckchen,_Op.278_(Oesten,_Theodore)",Piano,,Romantic,,,Romantic,,366
"Zauberhorn, Op.74","Godfrey, J.","https://imslp.org/wiki/Zauberhorn,_Op.74_(Godfrey,_J.)",piano,,Romantic,,,Romantic,,9
Zauberwald,"Sas, Péter","https://imslp.org/wiki/Zauberwald_(Sas,_Péter)","Flute, English Horn, Clarinet (B ♭ ), Bass Clarinet, Bassoon, Horn, Harp, Piano, Triangle, Strings",,Modern,,,Modern,12 minutes,186
Zawadyak,"Łodwigowski, Edward Stefan","https://imslp.org/wiki/Zawadyak_(Łodwigowski,_Edward_Stefan)",piano,D major,Romantic,,,Romantic,,46
Zawsze i wszędzie,"Żeleński, Władysław","https://imslp.org/wiki/Zawsze_i_wszędzie_(Żeleński,_Władysław)","voice, piano",D major,Romantic,,,Romantic,,8
"Zawsze i wszędzie, Op.12","Lubomirski, Kazimierz","https://imslp.org/wiki/Zawsze_i_wszędzie,_Op.12_(Lubomirski,_Kazimierz)","voice, piano",,Romantic,,,Romantic,,9
Zawsze raduję się w Tobie,"Kramarz, Mariusz","https://imslp.org/wiki/Zawsze_raduję_się_w_Tobie_(Kramarz,_Mariusz)",mixed chorus (SATB),F major,Modern,,2023,Modern,,54
Zawód,"Arct, Aleksander","https://imslp.org/wiki/Zawód_(Arct,_Aleksander)","voice, piano",,Early 20th century,,,Romantic,,12
Zawód,"Moniuszko, Stanisław","https://imslp.org/wiki/Zawód_(Moniuszko,_Stanisław)","voice, piano",C major,Romantic,,,Romantic,,22
Zawód,"Żeleński, Władysław","https://imslp.org/wiki/Zawód_(Żeleński,_Władysław)","voice, piano",G-sharp minor,Romantic,,,Romantic,,8
Zazra,"Bowen, York","https://imslp.org/wiki/Zazra_(Bowen,_York)",piano,E-flat major,Romantic,,,Early 20th century,4 minutes,185
Zazzle,"Henderson, Philip","https://imslp.org/wiki/Zazzle_(Henderson,_Philip)",piano,F major,Jazz,,2023,Modern,3:45 minutes,0
Zazà,"Leoncavallo, Ruggiero","https://imslp.org/wiki/Zazà_(Leoncavallo,_Ruggiero)","voices, mixed chorus (SATB), orchestra",,Romantic,,1899,Romantic,,6025
Zazá,"Domingues, Misael","https://imslp.org/wiki/Zazá_(Domingues,_Misael)",piano,A-flat major,Romantic,,,Romantic,,15
Zaába,"Souto, Eduardo","https://imslp.org/wiki/Zaába_(Souto,_Eduardo)",piano,B-flat major,Early 20th century,,,Early 20th century,,35
Zaïde,"Royer, Joseph-Nicolas-Pancrace","https://imslp.org/wiki/Zaïde_(Royer,_Joseph-Nicolas-Pancrace)","voices, orchestra, continuo",,Baroque,,,Baroque,,2977
"Zaïde, H 107","Berlioz, Hector","https://imslp.org/wiki/Zaïde,_H_107_(Berlioz,_Hector)","A: soprano, piano B: soprano, orchestra (flute, 2 oboes, 2 clarinets, 2 bassoons, 4 horns, timpani, castanets, strings)",F major,Romantic,,1845,Romantic,,2973
Zaïra,"Winter, Peter von","https://imslp.org/wiki/Zaïra_(Winter,_Peter_von)","voices, mixed chorus, orchestra",,Classical,,1805,Classical,,218
Zaïre,"La Nux, Paul Véronge de","https://imslp.org/wiki/Zaïre_(La_Nux,_Paul_Véronge_de)","voices, mixed chorus, orchestra",,Romantic,,,Romantic,2 hours,15
"Zaïre, Op.66","Lefebvre, Charles","https://imslp.org/wiki/Zaïre,_Op.66_(Lefebvre,_Charles)","Vocal soloists, Chorus, Orchestra",,Romantic,,,Romantic,,190
"Zaïs, RCT 60","Rameau, Jean-Philippe","https://imslp.org/wiki/Zaïs,_RCT_60_(Rameau,_Jean-Philippe)","vocal soloists, mixed chorus, orchestra",,Baroque,,1748,Baroque,,8664
Zbior spiewow,"Wysocki, Kasper Napoleon","https://imslp.org/wiki/Zbior_spiewow_(Wysocki,_Kasper_Napoleon)","voice, piano",,Romantic,,,Romantic,,5
"Zbirožská Suita, Op.167","Foerster, Josef Bohuslav","https://imslp.org/wiki/Zbirožská_Suita,_Op.167_(Foerster,_Josef_Bohuslav)","viola, piano",E-flat major,Romantic,,1940,Romantic,,0
Zbiór 20 śpiewów kościelnych,"Sierosławski, Józef","https://imslp.org/wiki/Zbiór_20_śpiewów_kościelnych_(Sierosławski,_Józef)","2-4 voices, organ",,Early 20th century,,,Romantic,,6
Zbiór Transkrypcji i Utworów na Organy,"Kopeć, Kacper","https://imslp.org/wiki/Zbiór_Transkrypcji_i_Utworów_na_Organy_(Kopeć,_Kacper)",organ,,Modern,,,Modern,,0
Zbiór krakowiaków,"Rychling, Wincenty Wacław","https://imslp.org/wiki/Zbiór_krakowiaków_(Rychling,_Wincenty_Wacław)",piano,,Romantic,,,Romantic,,85
Zbiór melodyi dla użytku kościelnego i prywatnego,"Gillar, Richard","https://imslp.org/wiki/Zbiór_melodyi_dla_użytku_kościelnego_i_prywatnego_(Gillar,_Richard)",mixed chorus (with or without keyboard),,Early 20th century,,,Early 20th century,,10
Zbiór najużywańszych kolęd,"Rychling, Wincenty Wacław","https://imslp.org/wiki/Zbiór_najużywańszych_kolęd_(Rychling,_Wincenty_Wacław)","voice, piano (or organ)",,Romantic,,,Romantic,,23
Zbiór naynowszych tańców,Anonymous,https://imslp.org/wiki/Zbiór_naynowszych_tańców_(Anonymous),piano,,Romantic,,,,,9
Zbiór pieśni polskich,"Wroński, Adam","https://imslp.org/wiki/Zbiór_pieśni_polskich_(Wroński,_Adam)","violin, piano",,Romantic,,,Romantic,,28
Zbiór ulubionych mazurów lwowskich,"Baszny, Józef","https://imslp.org/wiki/Zbiór_ulubionych_mazurów_lwowskich_(Baszny,_Józef)",piano,,Romantic,,,Romantic,,10
Zbiór ulubionych polonezów,"Kurpiński, Karol","https://imslp.org/wiki/Zbiór_ulubionych_polonezów_(Kurpiński,_Karol)",piano,,Romantic,,,Romantic,,190
"Zbiór, kolędy na różne składy instrumentalne","Kowalewski, Jakub","https://imslp.org/wiki/Zbiór,_kolędy_na_różne_składy_instrumentalne_(Kowalewski,_Jakub)",various instrumental arrangements,,Modern,,,Modern,,2049
"Zbiór, kolędy na różne składy wokalne","Kowalewski, Jakub","https://imslp.org/wiki/Zbiór,_kolędy_na_różne_składy_wokalne_(Kowalewski,_Jakub)","voices (combinations include SATB, SSABar solo chorus, SSATB solo chorus, STB solo with SAB chorus, TTBB (also with string quartet), SAATB, SA, TB, 2 equal voices (treble clef), SST, SAB, SSB, SAT, SABB, SAAB, SSAB (also with violin, 2 cellos, piano), TBarB, SABar)",,Modern,,,Modern,,548
"Zbiór, kolędy na różne składy wokalno-instrumentalne","Kowalewski, Jakub","https://imslp.org/wiki/Zbiór,_kolędy_na_różne_składy_wokalno-instrumentalne_(Kowalewski,_Jakub)","voices (chorus), instruments (see above, contents)",,Modern,,,Modern,,2977
Zbudź się!,"Fischer, Stanisław","https://imslp.org/wiki/Zbudź_się!_(Fischer,_Stanisław)","voice, piano",F major,Early 20th century,,,Early 20th century,,7
ZcOonalie,"Eurphyrionyx, Q","https://imslp.org/wiki/ZcOonalie_(Eurphyrionyx,_Q)","3 electric guitars, bass, synth strings",,Modern,,2020,Modern,1 minute,0
"Zdenka Variations, JW 8/6","Janáček, Leoš","https://imslp.org/wiki/Zdenka_Variations,_JW_8/6_(Janáček,_Leoš)",Piano,B-flat major,Romantic,,1880,Romantic,,4686
"Zdenka-Polka, Op.102","Jeschko, Ludwig","https://imslp.org/wiki/Zdenka-Polka,_Op.102_(Jeschko,_Ludwig)",piano,E major,Romantic,,,Romantic,,22
Zdravitsa,"Rimsky-Korsakov, Nikolay","https://imslp.org/wiki/Zdravitsa_(Rimsky-Korsakov,_Nikolay)",orchestra,E-flat major,Romantic,,1906-7,Romantic,,15
"Zdravitsa, Op.85","Prokofiev, Sergey","https://imslp.org/wiki/Zdravitsa,_Op.85_(Prokofiev,_Sergey)","mixed chorus, orchestra",,Early 20th century,,1939,Early 20th century,13 minutes,0
Zdrowas Marya,"Teichmann, Antoni","https://imslp.org/wiki/Zdrowas_Marya_(Teichmann,_Antoni)","voice, piano",D major,Classical,,1840 ca.,Romantic,,19
Zdrów!,"Zamoyski, Ksawery","https://imslp.org/wiki/Zdrów!_(Zamoyski,_Ksawery)",piano,E-flat major,Romantic,,,Romantic,,13
Ze ze ze kuluse,"Barber, Charlie","https://imslp.org/wiki/Ze_ze_ze_kuluse_(Barber,_Charlie)",piano,,Modern,,2001,Modern,4 minutes,47
Zealand Hornpipe,"Messerschmidt, Hans Jorgen","https://imslp.org/wiki/Zealand_Hornpipe_(Messerschmidt,_Hans_Jorgen)",trumpet,C major,Modern,,2015,Modern,1 minutes,3
Zebra Cakes,"Simpson, Cameron Lee","https://imslp.org/wiki/Zebra_Cakes_(Simpson,_Cameron_Lee)",piano,E-flat minor,Jazz,,2017,Modern,2-3 minutes,48
Zeby nam zawsze dobrze bylo,"Hill, Malcolm","https://imslp.org/wiki/Zeby_nam_zawsze_dobrze_bylo_(Hill,_Malcolm)","soprano, tenor, bass; trumpet, organ",,Modern,,1975,Modern,6 minutes,197
Zecherlied,"Schiller, Carl","https://imslp.org/wiki/Zecherlied_(Schiller,_Carl)","voice, piano",,Romantic,,,Romantic,,15
Zeekel and Huldy,Hutchinson Family Singers,https://imslp.org/wiki/Zeekel_and_Huldy_(Hutchinson_Family_Singers),"Voice, piano",B-flat major,Romantic,,,Romantic,,52
"Zeffiretti che spirate, H.782","Scarlatti, Alessandro","https://imslp.org/wiki/Zeffiretti_che_spirate,_H.782_(Scarlatti,_Alessandro)","contralto, continuo",,Baroque,,,Baroque,,16
"Zeffiretto che indrizzi il tuo volo, H.783","Scarlatti, Alessandro","https://imslp.org/wiki/Zeffiretto_che_indrizzi_il_tuo_volo,_H.783_(Scarlatti,_Alessandro)","soprano, continuo",G minor,Baroque,,1702-12-14,Baroque,,50
"Zeffiretto, arresta il volo, HWV 177","Handel, George Frideric","https://imslp.org/wiki/Zeffiretto,_arresta_il_volo,_HWV_177_(Handel,_George_Frideric)","Soprano, continuo",A major,Baroque,,,Baroque,,559
"Zeffiro e Clori, S.202","Heinichen, Johann David","https://imslp.org/wiki/Zeffiro_e_Clori,_S.202_(Heinichen,_Johann_David)","2 voices (SA), orchestra",,Baroque,,,Baroque,,72
Zeffiro lusinghiero,"Sarro, Domenico Natale","https://imslp.org/wiki/Zeffiro_lusinghiero_(Sarro,_Domenico_Natale)","soprano, continuo",,Baroque,,,Baroque,,53
Zefiro torna,"Ferrabosco Sr., Alfonso","https://imslp.org/wiki/Zefiro_torna_(Ferrabosco_Sr.,_Alfonso)",5 voices (SSTTB),G Dorian mode,Renaissance,,,Renaissance,,475
Zefiro torna,"Marenzio, Luca","https://imslp.org/wiki/Zefiro_torna_(Marenzio,_Luca)",4 voices (SATB),D minor,Renaissance,,,Renaissance,,10538
"Zefiro torna e di soavi accenti, SV 251","Monteverdi, Claudio","https://imslp.org/wiki/Zefiro_torna_e_di_soavi_accenti,_SV_251_(Monteverdi,_Claudio)","2 tenors, continuo",G major,Baroque,,,Baroque,,54304
"Zefiro torna e'l bel tempo rimena, SV 108","Monteverdi, Claudio","https://imslp.org/wiki/Zefiro_torna_e'l_bel_tempo_rimena,_SV_108_(Monteverdi,_Claudio)","5 voices (SSATB), continuo",G Mixolydian mode,Baroque,,,Baroque,,13431
Zegar,"Walczyński, Franciszek","https://imslp.org/wiki/Zegar_(Walczyński,_Franciszek)",male (or female) chorus,G major,Early 20th century,,,Romantic,,10
Zegen ons Algoede,"Bomhof, Wim","https://imslp.org/wiki/Zegen_ons_Algoede_(Bomhof,_Wim)",organ,D minor,Baroque,,2020,Modern,4-5 minutes,169
Zegetocht,"Leys, Peter","https://imslp.org/wiki/Zegetocht_(Leys,_Peter)",organ,,Modern,,2026,Modern,,0
Zehn Mädchen und kein Mann,"Suppé, Franz von","https://imslp.org/wiki/Zehn_Mädchen_und_kein_Mann_(Suppé,_Franz_von)","voices, orchestra",,Romantic,,,Romantic,,2666
"Zehner-Polka, Op.121","Strauss Jr., Johann","https://imslp.org/wiki/Zehner-Polka,_Op.121_(Strauss_Jr.,_Johann)",Orchestra,,Romantic,,,Romantic,,396
Zeichen im Klang,"Schleiermacher, Steffen","https://imslp.org/wiki/Zeichen_im_Klang_(Schleiermacher,_Steffen)",2 pianos,,Modern,,2005 ca.,Modern,14 minutes,30
"Zeisserln Walzer, Op.114","Strauss, Josef","https://imslp.org/wiki/Zeisserln_Walzer,_Op.114_(Strauss,_Josef)",orchestra,B-flat major,Romantic,,1861,Romantic,8 minutes,1
Zeit(t)räume,"Thomas, Stefan","https://imslp.org/wiki/Zeit(t)räume_(Thomas,_Stefan)","saxophone quartet, choir",,Modern,,2003-04,Modern,27 minutes,1174
Zeit-Weisen,"Hirsch, Cornelius","https://imslp.org/wiki/Zeit-Weisen_(Hirsch,_Cornelius)","trumpet soprano , 3 horns (F), timpani , strings",,Early 20th century,,2017,Modern,7 minutes,162
"Zeiten und Stimmungen, Op.41","Rheinberger, Josef Gabriel","https://imslp.org/wiki/Zeiten_und_Stimmungen,_Op.41_(Rheinberger,_Josef_Gabriel)","voice, piano",,Romantic,,1860s,Romantic,,200
Zeitgeist,"Simpson, Daniel Léo","https://imslp.org/wiki/Zeitgeist_(Simpson,_Daniel_Léo)",orchestra,D minor,Classical,,2024-01,Modern,8 minutes,179
"Zeitgeister Walzer, Op.25","Strauss Jr., Johann","https://imslp.org/wiki/Zeitgeister_Walzer,_Op.25_(Strauss_Jr.,_Johann)",Orchestra,,Romantic,,,Romantic,,494
"Zeitungsausschnitte, Op.11","Eisler, Hanns","https://imslp.org/wiki/Zeitungsausschnitte,_Op.11_(Eisler,_Hanns)","Voice, piano",,Modern,,1925-26,Early 20th century,,4140
Zelda,"Baker, George @American composer^","https://imslp.org/wiki/Zelda_(Baker,_George_@American_composer^)","voice, piano",A-flat major,Early 20th century,,,Early 20th century,,21
Zelda,"Keller, F.J.","https://imslp.org/wiki/Zelda_(Keller,_F.J.)",Military band,,Romantic,,,Romantic,,28
Zelda Fastfingers,"Rondeau, Michel","https://imslp.org/wiki/Zelda_Fastfingers_(Rondeau,_Michel)",piano,C major,Classical,,2020,Modern,2 minutes,118
Zelenka Suite,"Mekelburg, Frauke","https://imslp.org/wiki/Zelenka_Suite_(Mekelburg,_Frauke)",Organ,,Modern,,2003,Modern,,1011
Zelený Hájové,"Kmoch, František","https://imslp.org/wiki/Zelený_Hájové_(Kmoch,_František)",wind band,,Romantic,,,Romantic,,9
Zelfportret,"Visser, Dick","https://imslp.org/wiki/Zelfportret_(Visser,_Dick)",2 guitars,,Modern,,1999,Modern,2 minutes,184
Zelkova,"Isida, Kazue Rockzaemon","https://imslp.org/wiki/Zelkova_(Isida,_Kazue_Rockzaemon)",Piano,,Modern,,29-Dec/2008,Modern,,438
Zelmina Overture,"Ripley, Winfield","https://imslp.org/wiki/Zelmina_Overture_(Ripley,_Winfield)",Military band,,Romantic,,,Romantic,,10
Zelmira,"Rossini, Gioacchino","https://imslp.org/wiki/Zelmira_(Rossini,_Gioacchino)","voices, choir, orchestra",,Classical,,,Romantic,,6217
Zelmira,"Rossini, Gioachino","https://imslp.org/wiki/Zelmira_(Rossini,_Gioachino)","voices, choir, orchestra",,Classical,,,Romantic,,6217
Zelmire,"Labarre, Théodore","https://imslp.org/wiki/Zelmire_(Labarre,_Théodore)","voice, piano",B-flat major,Romantic,,,Romantic,,3
Zelmor und Ermide,"Zimmermann, Anton","https://imslp.org/wiki/Zelmor_und_Ermide_(Zimmermann,_Anton)","voices, chorus, orchestra",,Classical,,,Classical,,320
"Zelo animato, ovvero Il gran profeta Elia","Mancini, Francesco","https://imslp.org/wiki/Zelo_animato,_ovvero_Il_gran_profeta_Elia_(Mancini,_Francesco)","Chorus and orchestra Mixed Chorus sopranos, altos, tenors, basses Orchestra 2 oboes, 2 trumpets, strings, continuo",,Baroque,,,Baroque,,128
Zelter und Mendelssohn-Bartholdy,"Böttger, Martin","https://imslp.org/wiki/Zelter_und_Mendelssohn-Bartholdy_(Böttger,_Martin)","bassoon, 2 violins, viola",A minor,Classical,,2022,Modern,3 minutes,28
Zelus domus tuæ,"Ferrari, Carlotta","https://imslp.org/wiki/Zelus_domus_tuæ_(Ferrari,_Carlotta)",mixed chorus (SATB),,Modern,,2023,Modern,,23
Zelus domus tuæ,"Xavier, José Maria","https://imslp.org/wiki/Zelus_domus_tuæ_(Xavier,_José_Maria)","chorus and orchestra Mixed Chorus (SATB) Orchestra flute, clarinet (B ♭ ), trumpet (B ♭ ), 2 horn (F), strings",B-flat minor,Romantic,,,Romantic,,1217
Zemanim Lessassonn,"Cohen, Henry","https://imslp.org/wiki/Zemanim_Lessassonn_(Cohen,_Henry)",piano,G major,Romantic,,,Romantic,,24
"Zemfira's Song, TH 90","Tchaikovsky, Pyotr","https://imslp.org/wiki/Zemfira's_Song,_TH_90_(Tchaikovsky,_Pyotr)","voice, piano",A minor,Romantic,,1st version — 1860–65? 2nd version — unknown (revised by Karl Albrecht ?),Romantic,,44
"Zemira, CPM 231","Nunes Garcia, José Maurício","https://imslp.org/wiki/Zemira,_CPM_231_(Nunes_Garcia,_José_Maurício)",orchestra,E-flat major,Classical,,1803,Classical,,2471
"Zemire und Azor, WoO 52","Spohr, Louis","https://imslp.org/wiki/Zemire_und_Azor,_WoO_52_(Spohr,_Louis)","vocal soloists, mixed chorus, orchestra",,Romantic,,1818–19,Romantic,2.5 hours,2791
Zemireh Fantasia,"Tchouhadjian, Dikran","https://imslp.org/wiki/Zemireh_Fantasia_(Tchouhadjian,_Dikran)",orchestra,,Romantic,,,Romantic,,34
Zemirot Yisrael,"Naumbourg, Samuel","https://imslp.org/wiki/Zemirot_Yisrael_(Naumbourg,_Samuel)","voices, piano or organ",,Romantic,,,Romantic,,1
Zen In The Shadows,"Simpson, Cameron Lee","https://imslp.org/wiki/Zen_In_The_Shadows_(Simpson,_Cameron_Lee)",piano,C minor,Jazz,,2025,Modern,5 minutes,17
"Zenith Lancers, Op.92","Bowman, Albert S.","https://imslp.org/wiki/Zenith_Lancers,_Op.92_(Bowman,_Albert_S.)",Orchestra,,Romantic,,,Romantic,,6
Zenith at Twilight,"Saman, Rob","https://imslp.org/wiki/Zenith_at_Twilight_(Saman,_Rob)",Piano,,Modern,,2015,Modern,4 minutes,201
Zenith for solo viola,"Bota, João Victor","https://imslp.org/wiki/Zenith_for_solo_viola_(Bota,_João_Victor)",Solo viola,,Modern,,2011,Modern,,0
Zennor mermaid,"Tyrrell, Stephen","https://imslp.org/wiki/Zennor_mermaid_(Tyrrell,_Stephen)","soprano, piano",C-sharp minor,Romantic,,2005,Modern,9 minutes,25
Zenobia,"Arena, Giuseppe","https://imslp.org/wiki/Zenobia_(Arena,_Giuseppe)","soprano, strings",,Baroque,,,Baroque,,85
Zenobia,"Hasse, Johann Adolph","https://imslp.org/wiki/Zenobia_(Hasse,_Johann_Adolph)","voices, mixed chorus, orchestra",,Baroque,,1761,Baroque,,711
Zenobia,"Latilla, Gaetano","https://imslp.org/wiki/Zenobia_(Latilla,_Gaetano)","voices, orchestra",,Baroque,,,Baroque,,161
Zenobia,"Piccinni, Niccolò","https://imslp.org/wiki/Zenobia_(Piccinni,_Niccolò)","6 voices, orchestra",,Classical,,"1756, revised in 1768",Classical,,263
Zenobia,"Pratt, Silas Gamaliel","https://imslp.org/wiki/Zenobia_(Pratt,_Silas_Gamaliel)","Voices, chorus, orchestra",,Romantic,,,Romantic,,76
Zenobia,"Predieri, Luca Antonio","https://imslp.org/wiki/Zenobia_(Predieri,_Luca_Antonio)","6 voices, orchestra",,Baroque,,1740,Baroque,,175
"Zenobia Overture, Op.193","Reinecke, Carl","https://imslp.org/wiki/Zenobia_Overture,_Op.193_(Reinecke,_Carl)",Orchestra,,Romantic,,,Romantic,,221
Zenobia in Palmira,"Leo, Leonardo","https://imslp.org/wiki/Zenobia_in_Palmira_(Leo,_Leonardo)","7 voices, orchestra (markings are scarce, apart from strings and basso continuo, but oboes are stipulated at one point, and trumpets (in G?) in the third act)",,Baroque,,1725,Baroque,,1749
"Zenobia in Palmira, R.1.81","Paisiello, Giovanni","https://imslp.org/wiki/Zenobia_in_Palmira,_R.1.81_(Paisiello,_Giovanni)","voices, orchestra",,Classical,,1790,Classical,,262
"Zenobia, Op.66","Coerne, Louis Adolphe","https://imslp.org/wiki/Zenobia,_Op.66_(Coerne,_Louis_Adolphe)","Vocal soloists, Chorus, Orchestra",,Romantic,,,Romantic,,168
"Zenobia, regina de' Palmireni, T.202","Albinoni, Tomaso","https://imslp.org/wiki/Zenobia,_regina_de'_Palmireni,_T.202_(Albinoni,_Tomaso)","voices, mixed chorus, 2 trumpets, strings, continuo",,Baroque,,"Venice, Teatro dei SS. Giovanni e Paolo, 13 November 1694",Baroque,,55
Zenobie,"King, Robert A.","https://imslp.org/wiki/Zenobie_(King,_Robert_A.)","voice, piano",,Romantic,,,Romantic,,8
"Zenority No.1, MVWV 803","Verheul, Maurice","https://imslp.org/wiki/Zenority_No.1,_MVWV_803_(Verheul,_Maurice)",piano,,Modern,,2014,Modern,1 minute,123
Zeny,"Domingues, Misael","https://imslp.org/wiki/Zeny_(Domingues,_Misael)",piano,B-flat major,Romantic,,,Romantic,,13
"Zephir-Lufte Walzer, Op.117","Gungl, Joseph","https://imslp.org/wiki/Zephir-Lufte_Walzer,_Op.117_(Gungl,_Joseph)",orchestra,E-flat major,Romantic,,,Romantic,9 minutes,35
"Zephir-Lüfte, Op.117","Gungl, Joseph","https://imslp.org/wiki/Zephir-Lüfte,_Op.117_(Gungl,_Joseph)",orchestra,E-flat major,Romantic,,,Romantic,9 minutes,35
Zephyr,"Bauersachs, Hubert","https://imslp.org/wiki/Zephyr_(Bauersachs,_Hubert)","violin, piano",,Romantic,,,Early 20th century,,44
Zephyr,"Trinkaus, George John","https://imslp.org/wiki/Zephyr_(Trinkaus,_George_John)",piano ; theatre orchestra ; military band,,Early 20th century,,,Early 20th century,,51
Zephyr and the Brook,"Kunkel, Jacob","https://imslp.org/wiki/Zephyr_and_the_Brook_(Kunkel,_Jacob)",piano,G-flat major,Romantic,,,Romantic,,233
Zephyr inconstant,"Venua, Frédéric","https://imslp.org/wiki/Zephyr_inconstant_(Venua,_Frédéric)",orchestra,,Classical,,,Romantic,,114
"Zephyr, Op.81","Köhler, Ernesto","https://imslp.org/wiki/Zephyr,_Op.81_(Köhler,_Ernesto)","flute, orchestra",F major,Romantic,,,Romantic,,109
"Zephyr, with thy downy wing","Callcott, John Wall","https://imslp.org/wiki/Zephyr,_with_thy_downy_wing_(Callcott,_John_Wall)",4 voices,G major,Classical,,,Classical,,180
"Zephyrflüstern, Op.26","Wetzger, Paul","https://imslp.org/wiki/Zephyrflüstern,_Op.26_(Wetzger,_Paul)","flute, piano",E minor,Romantic,,,Early 20th century,,110
Zephyro spira e il bel tempo rimena,"Tromboncino, Bartolomeo","https://imslp.org/wiki/Zephyro_spira_e_il_bel_tempo_rimena_(Tromboncino,_Bartolomeo)",4 voices (or voice with 3 instruments),,Renaissance,,,Renaissance,,2505
Zephyros 2 for Cello Ensemble,"Endo, Masao","https://imslp.org/wiki/Zephyros_2_for_Cello_Ensemble_(Endo,_Masao)",8 cellos,,Modern,,,Modern,8 minutes,536
"Zephyrs from Melodyland, Op.15","Krogmann, Carrie Williams","https://imslp.org/wiki/Zephyrs_from_Melodyland,_Op.15_(Krogmann,_Carrie_Williams)",piano,,Romantic,,,Romantic,,45
Zephyrs of the Torrid Zone,"Grove, Daniel La","https://imslp.org/wiki/Zephyrs_of_the_Torrid_Zone_(Grove,_Daniel_La)",piano,,Early 20th century,,,Early 20th century,,11
Zephyrus,"Gilbert, Henry Franklin Belknap","https://imslp.org/wiki/Zephyrus_(Gilbert,_Henry_Franklin_Belknap)","Voice, Piano",,Romantic,,,Romantic,,96
Zeras Promontory,"Sysmoebius, Z Q","https://imslp.org/wiki/Zeras_Promontory_(Sysmoebius,_Z_Q)",keys FM 15,C-sharp major,Modern,,2020,Modern,3 minutes,0
"Zerfliess mein Herz in Blut, GWV 1127/20","Graupner, Christoph","https://imslp.org/wiki/Zerfliess_mein_Herz_in_Blut,_GWV_1127/20_(Graupner,_Christoph)","SSAB, Strings, Basso continuo",G major,Baroque,,1720,Baroque,,224
"Zerfliesset heut', geliebte Brüder, K.483","Mozart, Wolfgang Amadeus","https://imslp.org/wiki/Zerfliesset_heut',_geliebte_Brüder,_K.483_(Mozart,_Wolfgang_Amadeus)","voice, chorus, organ",B-flat major,Classical,,1785,Classical,,1645
"Zerknirsche du mein blödes Herze, TWV 1:1727b","Telemann, Georg Philipp","https://imslp.org/wiki/Zerknirsche_du_mein_blödes_Herze,_TWV_1:1727b_(Telemann,_Georg_Philipp)","soprano, flute, violin, continuo",E minor,Baroque,,,Baroque,11 minutes,834
Zerline,"Auber, Daniel François Esprit","https://imslp.org/wiki/Zerline_(Auber,_Daniel_François_Esprit)","vocal soloists, mixed chorus, orchestra",,Romantic,,,Romantic,,572
Zerline-polka sur 'Don Giovanni',"Stutz, Philippe","https://imslp.org/wiki/Zerline-polka_sur_'Don_Giovanni'_(Stutz,_Philippe)",Piano solo,F major,Romantic,,,Romantic,,223
Zero,"Giannotti, Alessandro","https://imslp.org/wiki/Zero_(Giannotti,_Alessandro)","violin, piano",,Modern,,2000 ; rev.2007,Modern,,419
Zero Hornpipe,"Messerschmidt, Hans Jorgen","https://imslp.org/wiki/Zero_Hornpipe_(Messerschmidt,_Hans_Jorgen)",trumpet,B-flat major,Modern,,2015,Modern,1 minutes,2
Zero Polka,"Ripley, Winfield","https://imslp.org/wiki/Zero_Polka_(Ripley,_Winfield)",Military band,,Romantic,,,Romantic,,13
"Zero the Cat, Op.8","Zak, Mike","https://imslp.org/wiki/Zero_the_Cat,_Op.8_(Zak,_Mike)","cello, piano",,Modern,,2025,Modern,12 minutes,14
"Zerreisset eure Herzen, GWV 1125/46","Graupner, Christoph","https://imslp.org/wiki/Zerreisset_eure_Herzen,_GWV_1125/46_(Graupner,_Christoph)","Voices: soprano, alto, tenor, bass Orchestra: strings, continuo",B-flat major,Baroque,,1746,Baroque,,323
"Zerreißet, zersprenget, zertrümmert die Gruft, BWV 205","Bach, Johann Sebastian","https://imslp.org/wiki/Zerreißet,_zersprenget,_zertrümmert_die_Gruft,_BWV_205_(Bach,_Johann_Sebastian)","voices, mixed chorus (SATB), orchestra",D major,Baroque,,1725 in Leipzig,Baroque,37 minutes,7621
Zerstreute Compositionen für Gesang und Clavier,"Kunzen, Friedrich Ludwig Aemilius","https://imslp.org/wiki/Zerstreute_Compositionen_für_Gesang_und_Clavier_(Kunzen,_Friedrich_Ludwig_Aemilius)","voice, keyboard; keyboard solo (includes Bebung ornament for clavichord)",,Classical,,,Classical,,41
Zes bewerkingen van de Ballade of Legende 'Mijnheerken van Maldeghem',"Tinel, Jef","https://imslp.org/wiki/Zes_bewerkingen_van_de_Ballade_of_Legende_'Mijnheerken_van_Maldeghem'_(Tinel,_Jef)","mixed chorus (SATB); voice, piano",,Early 20th century,,1944,Modern,,20
Zesens dichterische Jugend-Flammen,Various,https://imslp.org/wiki/Zesens_dichterische_Jugend-Flammen_(Various),2 voices; 2 voices and continuo; 1 voice; voice and continuo,,Baroque,,,,,18
Zesens gekreuzigter Liebesflammen,Various,https://imslp.org/wiki/Zesens_gekreuzigter_Liebesflammen_(Various),2 voices; 2 voices and continuo; voice and continuo,,Baroque,,,,,38
Zeta Psi Polka,"Guy, Thomas J.","https://imslp.org/wiki/Zeta_Psi_Polka_(Guy,_Thomas_J.)",piano,F major,Romantic,,,Romantic,,9
Zeta-iPaseo Rho-esDur,"Sysmoebius, Z Q","https://imslp.org/wiki/Zeta-iPaseo_Rho-esDur_(Sysmoebius,_Z_Q)","slap bass, bass (line), keys Rhodes 16, synth harp, synth strings, synth effect",G-flat major,Modern,,2020,Modern,7 minutes,0
Zethus Overture,"Pettee, William","https://imslp.org/wiki/Zethus_Overture_(Pettee,_William)",Military band,,Romantic,,,Romantic,,13
Zettl,"Kimberling, Clark","https://imslp.org/wiki/Zettl_(Kimberling,_Clark)",piano,G minor,Modern,,2020,Modern,2 minutes,41
"Zeuch ein zu deinen Toren, Krebs-WV 556","Krebs, Johann Ludwig","https://imslp.org/wiki/Zeuch_ein_zu_deinen_Toren,_Krebs-WV_556_(Krebs,_Johann_Ludwig)",organ,A minor,Baroque,,,Classical,,823
"Zeuch ein zu deinen Toren, R.23","Simpson, Daniel Léo","https://imslp.org/wiki/Zeuch_ein_zu_deinen_Toren,_R.23_(Simpson,_Daniel_Léo)",keyboard (arranged),A minor,Classical,,2017-9,Modern,1 minute,107
"Zeug, ohn Verzug, in deinen Nöten, TWV 1:1728","Telemann, Georg Philipp","https://imslp.org/wiki/Zeug,_ohn_Verzug,_in_deinen_Nöten,_TWV_1:1728_(Telemann,_Georg_Philipp)",2 versions,C minor,Baroque,,,Baroque,"18 minutes (full version), 12 minutes (short version)",360
Zeven kippen hebben wij,"Hermann, Pál","https://imslp.org/wiki/Zeven_kippen_hebben_wij_(Hermann,_Pál)",mixed chorus,C major,Early 20th century,,1930,Early 20th century,,224
Zevensprong,"Putten, Jan van","https://imslp.org/wiki/Zevensprong_(Putten,_Jan_van)",Organ,G major,Modern,,2009,Modern,,750
Zez's Zest,"Simpson, Cameron Lee","https://imslp.org/wiki/Zez's_Zest_(Simpson,_Cameron_Lee)",piano,F major,Jazz,,2023,Modern,2 minutes,48
Zezinho,"Carvalho, Trajano J. de","https://imslp.org/wiki/Zezinho_(Carvalho,_Trajano_J._de)",piano,C minor,Early 20th century,,1913 ca.,Early 20th century,,22
Zhengzhou Hornpipe,"Messerschmidt, Hans Jorgen","https://imslp.org/wiki/Zhengzhou_Hornpipe_(Messerschmidt,_Hans_Jorgen)",trumpet,G major,Modern,,2015,Modern,1 minutes,2
Zhong,"Malancioiu, Gabriel","https://imslp.org/wiki/Zhong_(Malancioiu,_Gabriel)",vibraphone,,Modern,,2010,Modern,,951
Zhoukoudian Hornpipe,"Messerschmidt, Hans Jorgen","https://imslp.org/wiki/Zhoukoudian_Hornpipe_(Messerschmidt,_Hans_Jorgen)",trumpet,B-flat major,Modern,,2015,Modern,1 minutes,1
Zhì Yú Dào,"Wong, Fu Tong","https://imslp.org/wiki/Zhì_Yú_Dào_(Wong,_Fu_Tong)","Voice, Piano",,Non-western classical,,,Modern,,30
Zhī Yīn Bù Bì Xiāng Shí,"Wong, Fu Tong","https://imslp.org/wiki/Zhī_Yīn_Bù_Bì_Xiāng_Shí_(Wong,_Fu_Tong)","Voice, Piano",,Non-western classical,,,Modern,,22
Zi-ba-lo-bi-di,"Charton, Georges","https://imslp.org/wiki/Zi-ba-lo-bi-di_(Charton,_Georges)","voice, piano",F major,Romantic,,,Romantic,,18
Zibba,"Rupès, Georges","https://imslp.org/wiki/Zibba_(Rupès,_Georges)","voice, piano",,Romantic,,,Romantic,,34
Zibo Hornpipe,"Messerschmidt, Hans Jorgen","https://imslp.org/wiki/Zibo_Hornpipe_(Messerschmidt,_Hans_Jorgen)",trumpet,A-flat major,Modern,,2015,Modern,1 minutes,2
Zica,"Albuquerque, Augusto de","https://imslp.org/wiki/Zica_(Albuquerque,_Augusto_de)",piano,E-flat major,Early 20th century,,1917 ca.,Early 20th century,,27
Zica,"Nazareth, Ernesto","https://imslp.org/wiki/Zica_(Nazareth,_Ernesto)",piano,D major,Romantic,,1899 ca.,Early 20th century,,177
Zichron,"Toub, David","https://imslp.org/wiki/Zichron_(Toub,_David)","soprano saxophone, alto saxophone, tenor saxophone, baritone saxophone",,Modern,,2008-09,Modern,,1352
Zieba,"Farn, Kat","https://imslp.org/wiki/Zieba_(Farn,_Kat)",open instrumentation,,Modern,,2024,Modern,5 minutes,18
Ziegfeld Follies of 1915,"Hirsch, Louis Achille","https://imslp.org/wiki/Ziegfeld_Follies_of_1915_(Hirsch,_Louis_Achille)","vocal soloists, chorus, orchestra",,Early 20th century,,,Early 20th century,,274
Ziegfeld Follies of 1916,"Hirsch, Louis Achille","https://imslp.org/wiki/Ziegfeld_Follies_of_1916_(Hirsch,_Louis_Achille)","vocal soloists, chorus, orchestra",,Early 20th century,,,Early 20th century,,240
Ziegfeld Follies of 1918,"Hirsch, Louis Achille","https://imslp.org/wiki/Ziegfeld_Follies_of_1918_(Hirsch,_Louis_Achille)","vocal soloists, chorus, orchestra",,Early 20th century,,,Early 20th century,,147
Ziegfeld Follies of 1919,"Berlin, Irving","https://imslp.org/wiki/Ziegfeld_Follies_of_1919_(Berlin,_Irving)","voices, mixed chorus (SATB), orchestra",,Early 20th century,,,Early 20th century,,210
Ziegfeld Follies of 1920,"Berlin, Irving","https://imslp.org/wiki/Ziegfeld_Follies_of_1920_(Berlin,_Irving)","vocal soloists, chorus, orchestra",,Early 20th century,,,Early 20th century,,234
Ziegfeld Follies of 1921,"Friml, Rudolf","https://imslp.org/wiki/Ziegfeld_Follies_of_1921_(Friml,_Rudolf)","vocal soloists, mixed chorus, orchestra",,Early 20th century,,,Early 20th century,,305
Ziegfeld Follies of 1922,"Herbert, Victor","https://imslp.org/wiki/Ziegfeld_Follies_of_1922_(Herbert,_Victor)","vocal soloists, mixed chorus, orchestra",,Early 20th century,,,Romantic,,42
Ziegfeld Follies of 1927,"Berlin, Irving","https://imslp.org/wiki/Ziegfeld_Follies_of_1927_(Berlin,_Irving)","voices, mixed chorus (SATB), orchestra",,Early 20th century,,1927,Early 20th century,,65
Ziegfeld Midnight Frolic 1921,"Buck, Gene","https://imslp.org/wiki/Ziegfeld_Midnight_Frolic_1921_(Buck,_Gene)","voices, orchestra",,Early 20th century,,,Early 20th century,,6
Zieh ein zu deinen Toren,"Nolda, Andreas","https://imslp.org/wiki/Zieh_ein_zu_deinen_Toren_(Nolda,_Andreas)",organ,F major,Baroque,,2003,Modern,,122
Zieh ein zu meinen Toren,"Liardon, Gaël","https://imslp.org/wiki/Zieh_ein_zu_meinen_Toren_(Liardon,_Gaël)",Organ,,Modern,,,Modern,,1322
Ziehe hin zu deiner Ruh',"Randhartinger, Benedict","https://imslp.org/wiki/Ziehe_hin_zu_deiner_Ruh'_(Randhartinger,_Benedict)","voice, piano",D major,Romantic,,,Romantic,1.5 minutes,29
"Ziehet den alten Menschen, GWV 1101/42","Graupner, Christoph","https://imslp.org/wiki/Ziehet_den_alten_Menschen,_GWV_1101/42_(Graupner,_Christoph)","soprano, alto, tenor, bass, strings, continuo",C minor,Baroque,,1742,Baroque,,258
Ziehrer-Album,"Ziehrer, Karl Michael","https://imslp.org/wiki/Ziehrer-Album_(Ziehrer,_Karl_Michael)",piano,,Romantic,,,Romantic,,516
"Ziehrereien, Op.478","Ziehrer, Karl Michael","https://imslp.org/wiki/Ziehrereien,_Op.478_(Ziehrer,_Karl_Michael)",orchestra,,Romantic,,,Romantic,,30
"Zieht im Herbst die Lerche fort, Op.32","Heiser, Wilhelm","https://imslp.org/wiki/Zieht_im_Herbst_die_Lerche_fort,_Op.32_(Heiser,_Wilhelm)","voice, piano",,Romantic,,,Romantic,,29
Zielone Świątki na Bielanach,"Wallek-Walewski, Bolesław","https://imslp.org/wiki/Zielone_Świątki_na_Bielanach_(Wallek-Walewski,_Bolesław)",male chorus,,Early 20th century,,,Early 20th century,,7
"Ziemlich primitif, Op.29 No.29","Menkveld, Jan Willem","https://imslp.org/wiki/Ziemlich_primitif,_Op.29_No.29_(Menkveld,_Jan_Willem)",violin,C minor,Modern,,2019,Modern,3 minutes,65
Zigeuner,"Marx, Joseph","https://imslp.org/wiki/Zigeuner_(Marx,_Joseph)","voice, piano",E minor,Romantic,,1911,Early 20th century,3 minutes,23
Zigeuner Galop,"Lumbye, Hans Christian","https://imslp.org/wiki/Zigeuner_Galop_(Lumbye,_Hans_Christian)",orchestra,,Romantic,,1840-41,Romantic,,181
Zigeuner Polka,"Leutner, Albert","https://imslp.org/wiki/Zigeuner_Polka_(Leutner,_Albert)",orchestra,D major,Romantic,,,Romantic,,428
"Zigeuner Sonata, Op.107b","Loewe, Carl","https://imslp.org/wiki/Zigeuner_Sonata,_Op.107b_(Loewe,_Carl)",Piano,A minor,Romantic,,,Romantic,25-30 minutes,1277
Zigeuner-Liebe und Leben,"Bornschein, Franz Carl","https://imslp.org/wiki/Zigeuner-Liebe_und_Leben_(Bornschein,_Franz_Carl)","Violin, Piano",D minor / D major,Romantic,,,Early 20th century,,572
"Zigeuner-Lieder aus Ungarn, Op.6","Kletzer, Feri","https://imslp.org/wiki/Zigeuner-Lieder_aus_Ungarn,_Op.6_(Kletzer,_Feri)","cello, piano",,Romantic,,,Romantic,,11
"Zigeuner-Reigen, Op.12","Rust, Hugo","https://imslp.org/wiki/Zigeuner-Reigen,_Op.12_(Rust,_Hugo)","violin, piano",,Romantic,,,Early 20th century,,363
Zigeuner-Rhapsodie,"Thomson, César","https://imslp.org/wiki/Zigeuner-Rhapsodie_(Thomson,_César)",Violin and Orchestra,D major (with a substantial D minor introduction),Romantic,,,Romantic,,811
Zigeuner-Ständchen,"Kollmaneck, Ferdinand","https://imslp.org/wiki/Zigeuner-Ständchen_(Kollmaneck,_Ferdinand)","Mandolin, guitar",,Early 20th century,,,Romantic,,910
"Zigeunerbaron-Quadrille, Op.422","Strauss Jr., Johann","https://imslp.org/wiki/Zigeunerbaron-Quadrille,_Op.422_(Strauss_Jr.,_Johann)",orchestra,,Romantic,,,Romantic,,376
Zigeunerbiwak,"Sadowsky, F. K.","https://imslp.org/wiki/Zigeunerbiwak_(Sadowsky,_F._K.)",piano,,Romantic,,,Romantic,,28
"Zigeunerblut, Op.38","Fetrás, Oscar","https://imslp.org/wiki/Zigeunerblut,_Op.38_(Fetrás,_Oscar)",orchestra,,Romantic,,,Romantic,,59
"Zigeunergestalten, Op.7","Barth, Richard","https://imslp.org/wiki/Zigeunergestalten,_Op.7_(Barth,_Richard)","violin, piano",,Romantic,,,Romantic,,43
"Zigeunerin-Quadrille, Op.191","Strauss Sr., Johann","https://imslp.org/wiki/Zigeunerin-Quadrille,_Op.191_(Strauss_Sr.,_Johann)",Orchestra,,Romantic,,,Romantic,,133
"Zigeunerin-Quadrille, Op.24","Strauss Jr., Johann","https://imslp.org/wiki/Zigeunerin-Quadrille,_Op.24_(Strauss_Jr.,_Johann)",Orchestra,,Romantic,,,Romantic,,482
Zigeunerleben,"Randhartinger, Benedict","https://imslp.org/wiki/Zigeunerleben_(Randhartinger,_Benedict)","voice, piano",C minor,Romantic,,1872,Romantic,4 minutes,38
Zigeunerliebe,"Lehár, Franz","https://imslp.org/wiki/Zigeunerliebe_(Lehár,_Franz)","voices, mixed chorus (SATB), orchestra",,Early 20th century,,1909-10,Early 20th century,,16829
"Zigeunerliebe, Op.6","Rentalp, Helene von","https://imslp.org/wiki/Zigeunerliebe,_Op.6_(Rentalp,_Helene_von)","voice, piano",,Romantic,,,Romantic,,2
"Zigeunerlied, Op.136 No.1","Lachner, Franz Paul","https://imslp.org/wiki/Zigeunerlied,_Op.136_No.1_(Lachner,_Franz_Paul)",Voices: bass + male chorus (TTBB) piano,,Romantic,,,Romantic,,29
"Zigeunerlied, Op.55 No.2, BV 295","Busoni, Ferruccio","https://imslp.org/wiki/Zigeunerlied,_Op.55_No.2,_BV_295_(Busoni,_Ferruccio)","baritone, orchestra",G minor,Early 20th century,,1923,Romantic,,109
"Zigeunerlieder, Op.103","Brahms, Johannes","https://imslp.org/wiki/Zigeunerlieder,_Op.103_(Brahms,_Johannes)","soprano, alto, tenor, bass, piano",see below,Romantic,,1887–88,Romantic,19 minutes,26986
"Zigeunerlieder, Op.14","Novák, Vítězslav","https://imslp.org/wiki/Zigeunerlieder,_Op.14_(Novák,_Vítězslav)","voice, piano",,Romantic,,,Romantic,,485
"Zigeunermusik, Op.36","Mohr, Hermann","https://imslp.org/wiki/Zigeunermusik,_Op.36_(Mohr,_Hermann)","3 violins, piano (with ad lib. clarinet, cello, triangle, tambourine ( see below ) )",,Romantic,,1876 ca.,Romantic,,2829
"Zigeuners Haidelied, Op.151","Förster, Alban","https://imslp.org/wiki/Zigeuners_Haidelied,_Op.151_(Förster,_Alban)",orchestra or piano,,Romantic,,,Romantic,,45
"Zigeunerweisen for 2 Violins, Op.3","Ihara, Kouhei","https://imslp.org/wiki/Zigeunerweisen_for_2_Violins,_Op.3_(Ihara,_Kouhei)",2 violins,G minor,Modern,,2010,Modern,5 minutes,2705
"Zigeunerweisen for Violin, Op.2","Ihara, Kouhei","https://imslp.org/wiki/Zigeunerweisen_for_Violin,_Op.2_(Ihara,_Kouhei)",violin,G minor,Modern,,2010 ca.,Modern,3 minutes,813
"Zigeunerweisen, Op.12","László, Ákos","https://imslp.org/wiki/Zigeunerweisen,_Op.12_(László,_Ákos)","violin, piano",,Romantic,,,Romantic,,203
"Zigeunerweisen, Op.20","Sarasate, Pablo de","https://imslp.org/wiki/Zigeunerweisen,_Op.20_(Sarasate,_Pablo_de)","violin, orchestra",,Romantic,,1877 (August),Romantic,11 minutes,320293
"Zigeunerweisen, Op.29","Puchtler, Wilhelm Maria","https://imslp.org/wiki/Zigeunerweisen,_Op.29_(Puchtler,_Wilhelm_Maria)",piano 4 hands,,Romantic,,,Romantic,,229
Zigzag Polka,"Lumbye, Hans Christian","https://imslp.org/wiki/Zigzag_Polka_(Lumbye,_Hans_Christian)",orchestra,,Romantic,,1851,Romantic,,153
Zijn laatste lied,"Tinel, Jef","https://imslp.org/wiki/Zijn_laatste_lied_(Tinel,_Jef)",piano,,Early 20th century,,1934,Modern,,92
"Zikar Symphony, Op.26","Khan, Hidayat Inayat","https://imslp.org/wiki/Zikar_Symphony,_Op.26_(Khan,_Hidayat_Inayat)","Orchestra piccolo, 2 flutes, 2 oboes (unis), 2 English horns (unis), 2 clarinets (B ♭ ), 2 bassoons, 4 horns (F), 3 trumpets (C), 3 trombones, timpani, piccolo snare drum, cymbals, triangle, xylophone, petites cloches, bells, organ, harp, celesta, strings",,Modern,,,Modern,,412
Zilda,"Banès, Antoine","https://imslp.org/wiki/Zilda_(Banès,_Antoine)",orchestra,,Romantic,,,Romantic,,12
Zilda,"Cruz, Antonio de la","https://imslp.org/wiki/Zilda_(Cruz,_Antonio_de_la)",piano,,Romantic,,,Romantic,,18
Zilda,"Flotow, Friedrich von","https://imslp.org/wiki/Zilda_(Flotow,_Friedrich_von)","Vocal soloists, chorus, orchestra",,Romantic,,,Romantic,,159
Zilia,"Villate, Gaspar","https://imslp.org/wiki/Zilia_(Villate,_Gaspar)","vocal soloists, mixed chorus, orchestra",,Romantic,,,Romantic,,41
"Zim! boum!, Op.137","Auvray, Georges","https://imslp.org/wiki/Zim!_boum!,_Op.137_(Auvray,_Georges)",orchestra,C major,Romantic,,,Romantic,,14
Zimbabwe,"Daniels Torres, Alexander Philip","https://imslp.org/wiki/Zimbabwe_(Daniels_Torres,_Alexander_Philip)","flute, clarinet, violin, cello, piano",E minor,Modern,,2008,Modern,5 minutes,3516
Zimny Drań,"Oczko, Michael John","https://imslp.org/wiki/Zimny_Drań_(Oczko,_Michael_John)",SATB Choir and Piano,E major,Modern,,1994,Modern,,271
Zimní víly,"Karlsen, HanS","https://imslp.org/wiki/Zimní_víly_(Karlsen,_HanS)","voice, 2 violins, viola, cello, piano",,Modern,,2015,Modern,,104
Zimri,"Stanley, John","https://imslp.org/wiki/Zimri_(Stanley,_John)","voices, chorus, orchestra",,Baroque,,,Baroque,,47
"Zinck's Klaviersammlung No.11, DK-Kk C I,90 2° 1943-44.80",Various,"https://imslp.org/wiki/Zinck's_Klaviersammlung_No.11,_DK-Kk_C_I,90_2°_1943-44.80_(Various)","keyboard instrument solo (some pieces include clavichord Bebung); keyboard, violin",,Classical,,,,,9900
"Zinfonia, RicP 25","Botti, Antonio","https://imslp.org/wiki/Zinfonia,_RicP_25_(Botti,_Antonio)",keyboard,,Classical,,,Classical,,350
"Zinfonia, RicP 266a","Botti, Antonio","https://imslp.org/wiki/Zinfonia,_RicP_266a_(Botti,_Antonio)",harpsichord/organ,,Classical,,,Classical,,201
Zing! Went the Strings of My Heart,"Hanley, James F.","https://imslp.org/wiki/Zing!_Went_the_Strings_of_My_Heart_(Hanley,_James_F.)","voice, piano",,Jazz,,,Early 20th century,3 minutes,0
Zinga,"Rawlings, Charles Arthur","https://imslp.org/wiki/Zinga_(Rawlings,_Charles_Arthur)",piano,B-flat major,Romantic,,,Romantic,,21
Zingare stelle,"Ferrari, Carlotta","https://imslp.org/wiki/Zingare_stelle_(Ferrari,_Carlotta)",mixed chorus (SATB),,Modern,,2020,Modern,,44
Zingaresca,"Andrus, Helen Josephine","https://imslp.org/wiki/Zingaresca_(Andrus,_Helen_Josephine)",piano,D minor,Romantic,,,Romantic,,54
Zingaresca,"Bauersachs, Hubert","https://imslp.org/wiki/Zingaresca_(Bauersachs,_Hubert)","violin, piano",,Romantic,,,Early 20th century,,40
"Zingaresca, Op.15","Wilhelmi, J.","https://imslp.org/wiki/Zingaresca,_Op.15_(Wilhelmi,_J.)",Violin and Piano,E minor,Romantic,,,Romantic,,1194
Zingaretta che predici,"Bononcini, Antonio Maria","https://imslp.org/wiki/Zingaretta_che_predici_(Bononcini,_Antonio_Maria)","contralto, continuo",,Baroque,,,Baroque,,4
Zingari,"Leoncavallo, Ruggiero","https://imslp.org/wiki/Zingari_(Leoncavallo,_Ruggiero)","voices, mixed chorus, orchestra",,Romantic,,1912,Romantic,80 minutes,44
Zinha,"Cavalcanti, Aurélio","https://imslp.org/wiki/Zinha_(Cavalcanti,_Aurélio)",piano,A-flat major,Early 20th century,,,Romantic,,12
Zinnia Waltz,"Klautsheck, Francis","https://imslp.org/wiki/Zinnia_Waltz_(Klautsheck,_Francis)",piano,D major,Romantic,,,Romantic,,19
Zino-Zina,"Vidal, Paul","https://imslp.org/wiki/Zino-Zina_(Vidal,_Paul)",orchestra,,Romantic,,1908,Romantic,,11
Zion Hymn and Tune Book,Various,https://imslp.org/wiki/Zion_Hymn_and_Tune_Book_(Various),voices (unison) - single treble staff,,Romantic,,,,,390
"Zion du Predigerin steige auf, GWV 1104/40","Graupner, Christoph","https://imslp.org/wiki/Zion_du_Predigerin_steige_auf,_GWV_1104/40_(Graupner,_Christoph)","SATB, (oboe), strings, continuo",D major,Baroque,,1740,Baroque,,294
Zion klagt,"Ferrari, Carlotta","https://imslp.org/wiki/Zion_klagt_(Ferrari,_Carlotta)",mixed chorus (SATB),,Modern,,2025,Modern,,10
"Zion klagt mit Angst und Schmerzen, GWV 1115/29","Graupner, Christoph","https://imslp.org/wiki/Zion_klagt_mit_Angst_und_Schmerzen,_GWV_1115/29_(Graupner,_Christoph)","Voices: soprano, alto, tenor, bass Orchestra: (oboe), strings, continuo",B-flat major,Baroque,,1729,Baroque,,194
"Zion klagt mit Angst und Schmerzen, IJK 119","Kirnberger, Johann Philipp","https://imslp.org/wiki/Zion_klagt_mit_Angst_und_Schmerzen,_IJK_119_(Kirnberger,_Johann_Philipp)","mixed chorus (SATB), 2 oboes, 2 violins, organ",F minor,Classical,,,Classical,2-3 minutes,66
"Zion klagt mit Angst und Schmerzen, IJK 121","Kirnberger, Johann Philipp","https://imslp.org/wiki/Zion_klagt_mit_Angst_und_Schmerzen,_IJK_121_(Kirnberger,_Johann_Philipp)",organ,G major,Classical,,,Classical,,78
Zion spricht: Der Herr hat mich verlassen,"Schein, Johann Hermann","https://imslp.org/wiki/Zion_spricht:_Der_Herr_hat_mich_verlassen_(Schein,_Johann_Hermann)","5 voices, continuo",,Baroque,,1623 or before,Baroque,,1769
Zion's Harp,Various,https://imslp.org/wiki/Zion's_Harp_(Various),2-3 voices,,Classical,,,,,460
Zion's Refreshing Showers,"Waters, Horace","https://imslp.org/wiki/Zion's_Refreshing_Showers_(Waters,_Horace)",2-4 voices / choir,,Romantic,,,Romantic,,82
"Zion, Op.49","Gade, Niels","https://imslp.org/wiki/Zion,_Op.49_(Gade,_Niels)","Baritone Solo, Choir, Orchestra",,Romantic,,1874,Romantic,,843
Zions Harpffen-Lieder,"Müller, Johann Michael","https://imslp.org/wiki/Zions_Harpffen-Lieder_(Müller,_Johann_Michael)",keyboard (arranged),,Baroque,,,Baroque,,78
"Zions Held hat überwunden, GWV 1128/22","Graupner, Christoph","https://imslp.org/wiki/Zions_Held_hat_überwunden,_GWV_1128/22_(Graupner,_Christoph)","SSATB, 2 trumpets, timpani, strings, basso continuo",D major,Baroque,,1722,Baroque,,104
"Zions Stille, Op.9","Pfannschmidt, Heinrich","https://imslp.org/wiki/Zions_Stille,_Op.9_(Pfannschmidt,_Heinrich)","voice, piano  (or organ or harmonium)",,Romantic,,,Early 20th century,,24
Zionsharfe,"Kocher, Konrad","https://imslp.org/wiki/Zionsharfe_(Kocher,_Konrad)",male chorus (TTBB),,Classical,,,Romantic,,25
"Zip, Goes a Million","Kern, Jerome","https://imslp.org/wiki/Zip,_Goes_a_Million_(Kern,_Jerome)","vocal soloists, chorus (?), orchestra",,Early 20th century,,,Early 20th century,,27
Zipoli Images,"Manookian, Jeff","https://imslp.org/wiki/Zipoli_Images_(Manookian,_Jeff)",Piano solo,,Modern,,2011,Modern,13 minutes,685
Zipoliana,"Manookian, Jeff","https://imslp.org/wiki/Zipoliana_(Manookian,_Jeff)",String Orchestra (with optional Harpsichord),,Baroque,,2011,Modern,12 minutes,3522
Zippa,"Kimberling, Clark","https://imslp.org/wiki/Zippa_(Kimberling,_Clark)",piano,,Modern,,2021,Modern,3.5 minutes,53
Zipping By,"Simpson, Cameron Lee","https://imslp.org/wiki/Zipping_By_(Simpson,_Cameron_Lee)",piano,D-flat major,Jazz,,2022,Modern,3:51 minutes,54
Zipping On Through!,"Simpson, Cameron Lee","https://imslp.org/wiki/Zipping_On_Through!_(Simpson,_Cameron_Lee)",piano,,Jazz,,2025,Modern,2 minutes,25
Zippo Raid,"Vermeersch, Peter","https://imslp.org/wiki/Zippo_Raid_(Vermeersch,_Peter)",jazz ensemble,,Jazz,,1983,Modern,5 minutes,0
Zipporah 2020,"Kimberling, Clark","https://imslp.org/wiki/Zipporah_2020_(Kimberling,_Clark)",piano,,Modern,,2020,Modern,2 minutes,54
Zipporah 2023,"Kimberling, Clark","https://imslp.org/wiki/Zipporah_2023_(Kimberling,_Clark)",piano,,Modern,,2023,Modern,6.8 minutes,26
Zippy The Zebra,"Simpson, Cameron Lee","https://imslp.org/wiki/Zippy_The_Zebra_(Simpson,_Cameron_Lee)",piano,A-flat major,Jazz,,2025,Modern,2 minutes,21
Zircon Hornpipe,"Messerschmidt, Hans Jorgen","https://imslp.org/wiki/Zircon_Hornpipe_(Messerschmidt,_Hans_Jorgen)",trumpet,C major,Modern,,2015,Modern,1 minutes,3
"Zirene bella, amato nume","Mancini, Francesco","https://imslp.org/wiki/Zirene_bella,_amato_nume_(Mancini,_Francesco)","soprano, continuo",,Baroque,,,Baroque,,25
"Zirkelkanon, TWV 40:A103","Telemann, Georg Philipp","https://imslp.org/wiki/Zirkelkanon,_TWV_40:A103_(Telemann,_Georg_Philipp)",2 flutes (or 2 recorders or 2 violins),E minor,Baroque,,,Baroque,,1458
Zirkus Hornpipe,"Messerschmidt, Hans Jorgen","https://imslp.org/wiki/Zirkus_Hornpipe_(Messerschmidt,_Hans_Jorgen)",trumpet,C major,Modern,,2015,Modern,1 minutes,3
Zirkus-Fanfare,"Schnurrenberger, Peter","https://imslp.org/wiki/Zirkus-Fanfare_(Schnurrenberger,_Peter)","horn, 2 trumpets, tenor horn (or baritone) (or Trombone)",C major,Modern,,2007,Modern,4 minutes,6381
"Zischet nur, stechet, ihr feurigen Zungen, TWV 1:1732","Telemann, Georg Philipp","https://imslp.org/wiki/Zischet_nur,_stechet,_ihr_feurigen_Zungen,_TWV_1:1732_(Telemann,_Georg_Philipp)","medium voice, oboe, continuo",G major,Baroque,,,Baroque,10 minutes,2690
Zita in Wonderland,"Beneking, Stephan","https://imslp.org/wiki/Zita_in_Wonderland_(Beneking,_Stephan)",Piano Solo,,Modern,,2013,Modern,30 minutes,522
"Zither Sonatina No.1, Op.24","Haustein, Josef","https://imslp.org/wiki/Zither_Sonatina_No.1,_Op.24_(Haustein,_Josef)",zither,D major,Romantic,,,Romantic,,26
Zither und Hackbrett,"Pickart, Johann","https://imslp.org/wiki/Zither_und_Hackbrett_(Pickart,_Johann)","Voice, guitar, 'Harmonika' (button-accordion or melodeon, either diatonic or chromatic)",,Early 20th century,,,Early 20th century,,786
"Zither, Op.480","Hayden, Winslow Lewis","https://imslp.org/wiki/Zither,_Op.480_(Hayden,_Winslow_Lewis)",guitar,,Romantic,,,Romantic,,34
Zither-Ständchen,"Randhartinger, Benedict","https://imslp.org/wiki/Zither-Ständchen_(Randhartinger,_Benedict)","voice, zither, piano",D major,Romantic,,,Romantic,2.5 minutes,49
"Zither-Ständchen, Op.235","Oesten, Theodore","https://imslp.org/wiki/Zither-Ständchen,_Op.235_(Oesten,_Theodore)",piano,,Romantic,,,Romantic,,33
"Zitherklänge, Op.10","Grennebach, Gustav","https://imslp.org/wiki/Zitherklänge,_Op.10_(Grennebach,_Gustav)",piano,,Romantic,,,Romantic,,15
"Zitherklänge, Op.55","Gänschals, Carl","https://imslp.org/wiki/Zitherklänge,_Op.55_(Gänschals,_Carl)",Piano solo,F major,Romantic,,,Romantic,,369
"Zitherklänge, Op.67","Lange, Gustav","https://imslp.org/wiki/Zitherklänge,_Op.67_(Lange,_Gustav)",piano,F major,Romantic,,,Romantic,,77
"Zitherständchen, Op.113","Bohm, Carl","https://imslp.org/wiki/Zitherständchen,_Op.113_(Bohm,_Carl)",Piano,,Romantic,,,Romantic,,1282
"Zivio!, Op.456","Strauss Jr., Johann","https://imslp.org/wiki/Zivio!,_Op.456_(Strauss_Jr.,_Johann)",orchestra,,Romantic,,,Romantic,,321
Ziz,"Feltman, Alfred","https://imslp.org/wiki/Ziz_(Feltman,_Alfred)",undetermined,,Early 20th century,,,Early 20th century,,16
Zizi,"Chassaigne, Francis","https://imslp.org/wiki/Zizi_(Chassaigne,_Francis)","3 vocal soloists, orchestra",,Romantic,,,Romantic,,14
Zizi,"Dell'Acqua, Eva","https://imslp.org/wiki/Zizi_(Dell'Acqua,_Eva)","Vocal soloists, Chorus, Orchestra",,Romantic,,,Romantic,,1720
"Zizi, Laudicéia e Giselda tomam o chá das 5","Rocha, Davi","https://imslp.org/wiki/Zizi,_Laudicéia_e_Giselda_tomam_o_chá_das_5_(Rocha,_Davi)",choro ensemble,G minor,Romantic,,2022,Modern,,74
Zizi-Bamboula,"Spencer, Émile","https://imslp.org/wiki/Zizi-Bamboula_(Spencer,_Émile)","voice, piano",A major,Romantic,,,Romantic,,11
Zizinha,"Costabile, Antonio","https://imslp.org/wiki/Zizinha_(Costabile,_Antonio)",piano,C major,Early 20th century,,1907 ca.,Early 20th century,,18
Zizinha,"Nazareth, Ernesto","https://imslp.org/wiki/Zizinha_(Nazareth,_Ernesto)",piano,G major,Early 20th century,,,Early 20th century,,202
Zizinha,"Salles, Amélia T. O.","https://imslp.org/wiki/Zizinha_(Salles,_Amélia_T._O.)",piano,A minor,Romantic,,1903 ca.,Romantic,,20
"Zjednoczona Polska, Op.38","Nowowiejski, Feliks","https://imslp.org/wiki/Zjednoczona_Polska,_Op.38_(Nowowiejski,_Feliks)",female chorus (or children's chorus) (SSA),,Early 20th century,,,Romantic,,30
Zlatorog,"Rauchenecker, Georg Wilhelm","https://imslp.org/wiki/Zlatorog_(Rauchenecker,_Georg_Wilhelm)","vocal soli, chorus and orchestra",,Romantic,,1902,Romantic,,27
Zlatá Praha,"Kmoch, František","https://imslp.org/wiki/Zlatá_Praha_(Kmoch,_František)",concert band,,Traditional (folk),,,Romantic,,117
Znasz-li ten kraj,"Moniuszko, Stanisław","https://imslp.org/wiki/Znasz-li_ten_kraj_(Moniuszko,_Stanisław)","voice, piano",F-sharp major,Romantic,,,Romantic,,107
Znasz-li ten kraj,"Wołowska, Ludwika","https://imslp.org/wiki/Znasz-li_ten_kraj_(Wołowska,_Ludwika)","voice, piano",E-flat major,Romantic,,,Romantic,,13
Zo alleen,"Tinel, Jef","https://imslp.org/wiki/Zo_alleen_(Tinel,_Jef)","voice, piano",,Early 20th century,,,Modern,,30
Zo zo meyn lipste zcart,Anonymous,https://imslp.org/wiki/Zo_zo_meyn_lipste_zcart_(Anonymous),3 voices (untexted),,Renaissance,,,,,55
Zobelia,"Costa, João Xavier D.","https://imslp.org/wiki/Zobelia_(Costa,_João_Xavier_D.)",piano,F minor,Early 20th century,,1906 ca.,Early 20th century,,19
"Zodiac Suite for Organ, Op.163","Ludtke, William G.","https://imslp.org/wiki/Zodiac_Suite_for_Organ,_Op.163_(Ludtke,_William_G.)",organ,B-flat major,Modern,,2018,Modern,5 minutes,188
"Zodiac Suite for Organ, Opus 163: Aries","Ludtke, William G.","https://imslp.org/wiki/Zodiac_Suite_for_Organ,_Opus_163:_Aries_(Ludtke,_William_G.)",organ,B-flat major,Modern,,2018,Modern,5 minutes,188
Zodiaci musici,"Schmierer, Johann Abraham","https://imslp.org/wiki/Zodiaci_musici_(Schmierer,_Johann_Abraham)",various,,Baroque,,,Baroque,,3939
Zoet lief herderinneke,"Tinel, Jef","https://imslp.org/wiki/Zoet_lief_herderinneke_(Tinel,_Jef)",Piano,,Early 20th century,,1931,Modern,,143
Zogen einst fünf wilde Schwäne,"Sothilander, Georg L.","https://imslp.org/wiki/Zogen_einst_fünf_wilde_Schwäne_(Sothilander,_Georg_L.)",mixed chorus (SATB),A major,Modern,,2021,Modern,,181
Zogo de fioi,"Illersberg, Antonio","https://imslp.org/wiki/Zogo_de_fioi_(Illersberg,_Antonio)",mixed chorus (SATB),F major,Early 20th century,,1940,Early 20th century,2 minutes,44
Zohra,"Salvador-Daniel, Francisco","https://imslp.org/wiki/Zohra_(Salvador-Daniel,_Francisco)","voice, piano",E minor,Romantic,,,Romantic,,18
Zola,"Spofford, Eldon","https://imslp.org/wiki/Zola_(Spofford,_Eldon)",piano,,Early 20th century,,,Early 20th century,,15
"Zollern und Staufen, Op.71","Podbertsky, Theodor","https://imslp.org/wiki/Zollern_und_Staufen,_Op.71_(Podbertsky,_Theodor)","male chorus (TTBB), orchestra",E major,Romantic,,,Romantic,,8
Zoma,"Litchfield, Edward Sands","https://imslp.org/wiki/Zoma_(Litchfield,_Edward_Sands)","voice, piano",,Early 20th century,,,Early 20th century,,19
Zomba,"Meglio, Vincenzo de","https://imslp.org/wiki/Zomba_(Meglio,_Vincenzo_de)","Voice, piano",F major,Romantic,,,Romantic,2 minutes,416
Zombie Hornpipe,"Messerschmidt, Hans Jorgen","https://imslp.org/wiki/Zombie_Hornpipe_(Messerschmidt,_Hans_Jorgen)",trumpet,C major,Modern,,2015,Modern,1 minutes,0
Zombies On Acid!,"Simpson, Cameron Lee","https://imslp.org/wiki/Zombies_On_Acid!_(Simpson,_Cameron_Lee)",piano,A minor,Jazz,,2025,Modern,3 minutes,17
Zomer,"Leys, Peter","https://imslp.org/wiki/Zomer_(Leys,_Peter)",piano,,Modern,,2022,Modern,,58
"Zomer - Avondlied, Op.31","Van Antwerpen, Petrus Anthonius","https://imslp.org/wiki/Zomer_-_Avondlied,_Op.31_(Van_Antwerpen,_Petrus_Anthonius)","cello, piano",E-flat major,Romantic,,1913,Romantic,,12
Zomer 2025 semper in tempore belli,"Saldiën, Jacques","https://imslp.org/wiki/Zomer_2025_semper_in_tempore_belli_(Saldiën,_Jacques)","3 horns, tubular bells, piano, carillon, double bass",C major,Modern,,2025,Modern,2-3 minutes,11
Zomeravond,"Rijp, Anton W.","https://imslp.org/wiki/Zomeravond_(Rijp,_Anton_W.)",harmonium,B-flat major,Romantic,,1918,Romantic,,0
Zomeravond,"Tinel, Jef","https://imslp.org/wiki/Zomeravond_(Tinel,_Jef)","violin, piano",,Early 20th century,,1935,Modern,,136
Zomerklanken,"Leys, Peter","https://imslp.org/wiki/Zomerklanken_(Leys,_Peter)",organ (or piano),,Modern,,2025,Modern,,45
Zomerzang,"Tinel, Jef","https://imslp.org/wiki/Zomerzang_(Tinel,_Jef)","voice, piano",,Early 20th century,,1923,Modern,,112
Zompa chi pò!!,"Ranieri, Enrico","https://imslp.org/wiki/Zompa_chi_pò!!_(Ranieri,_Enrico)","voice, piano",E minor,Romantic,,,Romantic,3 minutes,26
"Zompa, llarì, llarà","Giannini, Vittorio","https://imslp.org/wiki/Zompa,_llarì,_llarà_(Giannini,_Vittorio)","voice, piano",F minor,Early 20th century,,,Early 20th century,,6
Zonal,"Marín García, Luis Ignacio","https://imslp.org/wiki/Zonal_(Marín_García,_Luis_Ignacio)",piano,,Modern,,1997,Modern,2 min.,268
Zonations,"Besset, Julian Raoul","https://imslp.org/wiki/Zonations_(Besset,_Julian_Raoul)","baritone (or contralto or English horn), trumpet, piano",,Modern,,"2006, 2012, rev. 2026",Modern,,215
Zondagmorgen,"Tinel, Jef","https://imslp.org/wiki/Zondagmorgen_(Tinel,_Jef)",Piano,,Early 20th century,,1932,Modern,1.5 minutes,209
Zondek Songs,"Girtain IV, Edgar","https://imslp.org/wiki/Zondek_Songs_(Girtain_IV,_Edgar)","high voice, violin, cello, piano",,Romantic,,2021,Modern,20 minutes,195
Zone,"Teixeira, Álvaro Sílvio","https://imslp.org/wiki/Zone_(Teixeira,_Álvaro_Sílvio)","electronics, synthesizer",,Modern,,2021,Modern,27 minutes,0
Zonk,"Vermeersch, Peter","https://imslp.org/wiki/Zonk_(Vermeersch,_Peter)","large jazz ensemble (clarinet, alto sax, tenor sax, baritone sax, 2 trumpets, 2 trombones, tuba, vibraphone, drums, guitar, piano bass)",,Jazz,,2001,Modern,5 minutes,92
Zoo,"Beischer-Matyó, Tamás","https://imslp.org/wiki/Zoo_(Beischer-Matyó,_Tamás)","2 bassoons, piano","1: C major, 2: A major, 3: B major",Modern,,2007/2017,Modern,9 minutes,1088
"Zoological Garden, EV 53","Bitzan, Wendelin","https://imslp.org/wiki/Zoological_Garden,_EV_53_(Bitzan,_Wendelin)","flute, viola",,Modern,,2011,Modern,14 minutes,5766
Zoologischer Garten,"Rzewski, Frederic","https://imslp.org/wiki/Zoologischer_Garten_(Rzewski,_Frederic)",Electronic composition,,Modern,,1965,Modern,,0
Zoom In,"Daniels Torres, Alexander Philip","https://imslp.org/wiki/Zoom_In_(Daniels_Torres,_Alexander_Philip)","2 violins, 1 viola, 1 cello",,Modern,,2010,Modern,7-8 minutes,1220
Zoot Cat Rag,"Simpson, Cameron Lee","https://imslp.org/wiki/Zoot_Cat_Rag_(Simpson,_Cameron_Lee)",Piano,G-flat major,Jazz,,2023,Modern,2-3 minutes,60
Zoot Suite for Orchestra,"Berners, John Edgar","https://imslp.org/wiki/Zoot_Suite_for_Orchestra_(Berners,_John_Edgar)",Full Orchestra,,Modern,,2002,Modern,10 minutes,434
Zooted Zoology,"Simpson, Cameron Lee","https://imslp.org/wiki/Zooted_Zoology_(Simpson,_Cameron_Lee)",piano,D major,Jazz,,2023,Modern,4 minutes,37
"Zorahayda, Op.11","Svendsen, Johan","https://imslp.org/wiki/Zorahayda,_Op.11_(Svendsen,_Johan)",orchestra,G minor,Romantic,,"1874, revised 1879",Romantic,12 minutes,1400
Zoraïme et Zulnar,"Boieldieu, François Adrien","https://imslp.org/wiki/Zoraïme_et_Zulnar_(Boieldieu,_François_Adrien)",voices orchestra,,Classical,,,Romantic,,43
Zorcico,"Alkan, Charles-Valentin","https://imslp.org/wiki/Zorcico_(Alkan,_Charles-Valentin)",piano (or organ),D minor,Romantic,,1840s,Romantic,,0
"Zorn und Wüten sind Greuel, TWV 1:1734","Telemann, Georg Philipp","https://imslp.org/wiki/Zorn_und_Wüten_sind_Greuel,_TWV_1:1734_(Telemann,_Georg_Philipp)","soprano, tenor, bass, mixed chorus (SATB), orchestra",D major,Baroque,,1714,Baroque,14 minutes,21
Zorniger Frieden,"Kosviner, David","https://imslp.org/wiki/Zorniger_Frieden_(Kosviner,_David)",string quartet,,Modern,,2008,Modern,10 minutes,473
Zorns Fugue,"Sysmoebius, Z Q","https://imslp.org/wiki/Zorns_Fugue_(Sysmoebius,_Z_Q)","synthesizer [strings 1,2, 2 synth harps]",,Modern,,2020,Modern,9 minutes,0
"Zoroastre, RCT 62","Rameau, Jean-Philippe","https://imslp.org/wiki/Zoroastre,_RCT_62_(Rameau,_Jean-Philippe)","voices, mixed chorus, orchestra",,Baroque,,,Baroque,,13734
Zorongo gitano,"Galuza, Artiom","https://imslp.org/wiki/Zorongo_gitano_(Galuza,_Artiom)",,,Modern,,,Modern,,16
Zortzico,"Albéniz, Isaac","https://imslp.org/wiki/Zortzico_(Albéniz,_Isaac)",piano,,Romantic,,1887?,Romantic,,4251
"Zortzico de Iparraguirre, Op.39","Sarasate, Pablo de","https://imslp.org/wiki/Zortzico_de_Iparraguirre,_Op.39_(Sarasate,_Pablo_de)","violin, piano",,Romantic,,,Romantic,,140
"Zortzico, Op.37","Sarasate, Pablo de","https://imslp.org/wiki/Zortzico,_Op.37_(Sarasate,_Pablo_de)",Violin Piano,A major,Romantic,,,Romantic,,9514
Zortziko,"Lynn, Alina Joy","https://imslp.org/wiki/Zortziko_(Lynn,_Alina_Joy)",piano,E minor,Modern,,2015,Modern,2 minutes,289
Zortziko,"Mangen, Marc","https://imslp.org/wiki/Zortziko_(Mangen,_Marc)",organ,,Traditional (folk),,2022,Modern,,15
Zosia,"Moniuszko, Stanisław","https://imslp.org/wiki/Zosia_(Moniuszko,_Stanisław)","voice, piano",E major,Romantic,,,Romantic,,14
Zouave March No.1,"Osmański, Wojciech","https://imslp.org/wiki/Zouave_March_No.1_(Osmański,_Wojciech)",piano,,Romantic,,,Romantic,,29
Zozulicz,"Komorowski, Ignacy Marceli","https://imslp.org/wiki/Zozulicz_(Komorowski,_Ignacy_Marceli)","voice, piano",F minor,Romantic,,,Romantic,,13
Zoë,"Plantade, Charles-Henri","https://imslp.org/wiki/Zoë_(Plantade,_Charles-Henri)","voices, orchestra",,Classical,,,Classical,,27
Zoë's Tune,"Giannotti, Alessandro","https://imslp.org/wiki/Zoë's_Tune_(Giannotti,_Alessandro)",piano,,Romantic,,2007,Modern,3 minutes,284
Zoïo,"Gouzien, Armand","https://imslp.org/wiki/Zoïo_(Gouzien,_Armand)","voice, piano",A major,Romantic,,,Romantic,,11
"Zpěvy večera, Op.114","Foerster, Josef Bohuslav","https://imslp.org/wiki/Zpěvy_večera,_Op.114_(Foerster,_Josef_Bohuslav)",TTBB,,Early 20th century,,1920-23,Romantic,,0
Zrozpaczona,"Borkowski, Bohadan","https://imslp.org/wiki/Zrozpaczona_(Borkowski,_Bohadan)","voice, piano",G minor,Romantic,,,Romantic,,12
"Zrání, Op.34","Suk, Josef","https://imslp.org/wiki/Zrání,_Op.34_(Suk,_Josef)","female chorus, orchestra",,Romantic,,1917,Romantic,37 minutes,47
Zsoltáros ének,"Beischer-Matyó, Tamás","https://imslp.org/wiki/Zsoltáros_ének_(Beischer-Matyó,_Tamás)","4 sopranos, 2 mixed choruses (SATB/SATB)",,Modern,,2016,Modern,9-10 minutes,191
Zsoltársorok,"Beischer-Matyó, Tamás","https://imslp.org/wiki/Zsoltársorok_(Beischer-Matyó,_Tamás)","4 sopranos, 2 mixed choruses (SATB/SATB)",,Modern,,2016,Modern,9-10 minutes,191
Zstąp gołębica,"Lipski, Stanisław","https://imslp.org/wiki/Zstąp_gołębica_(Lipski,_Stanisław)",mixed chorus,G-flat major,Romantic,,1928,Romantic,,6
Zsuzsi kisasszony,"Kálmán, Emmerich","https://imslp.org/wiki/Zsuzsi_kisasszony_(Kálmán,_Emmerich)","voices, orchestra",,Romantic,,1915 or before,Early 20th century,,95
"Zsuzsika, Op.119","Beaumercy, Roger de","https://imslp.org/wiki/Zsuzsika,_Op.119_(Beaumercy,_Roger_de)",piano,A minor,Romantic,,,Early 20th century,,46
"Zu Mitternacht ward ein Geschrei, TWV 1:1736","Telemann, Georg Philipp","https://imslp.org/wiki/Zu_Mitternacht_ward_ein_Geschrei,_TWV_1:1736_(Telemann,_Georg_Philipp)","tenor, bass solos; mixed chorus (SATB), orchestra",G major,Baroque,,1720,Baroque,9 minutes,92
"Zu Rauch, WoO 30","Brahms, Johannes","https://imslp.org/wiki/Zu_Rauch,_WoO_30_(Brahms,_Johannes)",mixed chorus (SATB),E-flat major,Romantic,,,Romantic,,1151
"Zu Weihnachten, Op.58","Niebhagen, Otto","https://imslp.org/wiki/Zu_Weihnachten,_Op.58_(Niebhagen,_Otto)",piano,,Romantic,,,Romantic,,45
Zu Zweien am Klavier,"Schytte, Ludvig","https://imslp.org/wiki/Zu_Zweien_am_Klavier_(Schytte,_Ludvig)",piano 4 hands,,Romantic,,,Romantic,,1172
"Zu dem Reich der Töne schweben, J.164","Weber, Carl Maria von","https://imslp.org/wiki/Zu_dem_Reich_der_Töne_schweben,_J.164_(Weber,_Carl_Maria_von)",4 voices,C major,Romantic,,,Romantic,,966
Zu den Bergen hebet sich ein Augenpaar,"Cornelius, Peter","https://imslp.org/wiki/Zu_den_Bergen_hebet_sich_ein_Augenpaar_(Cornelius,_Peter)","soprano, baritone, piano",,Romantic,,1866,Romantic,,826
Zu den drei Kronen,"Ponomareff, Dmitry","https://imslp.org/wiki/Zu_den_drei_Kronen_(Ponomareff,_Dmitry)",organ,C-sharp minor,Modern,,2014-15,Modern,,103
"Zu dir flieh ich, verstoss mich nicht, TWV 1:1735","Telemann, Georg Philipp","https://imslp.org/wiki/Zu_dir_flieh_ich,_verstoss_mich_nicht,_TWV_1:1735_(Telemann,_Georg_Philipp)","Voices: soprano; mixed chorus (SATB) Orchestra: strings, continuo",D major,Baroque,,,Baroque,,156
"Zu dir, Gott, sind wir gekommen","Schulz, Rainer","https://imslp.org/wiki/Zu_dir,_Gott,_sind_wir_gekommen_(Schulz,_Rainer)","voice, guitar",G major,Modern,,1991,Modern,,41
"Zu einem Drama, Op.82","Gernsheim, Friedrich","https://imslp.org/wiki/Zu_einem_Drama,_Op.82_(Gernsheim,_Friedrich)","Orchestra 3 flutes (3rd also piccolo), 2 oboes, english horn, 2 clarinets (B ♭ ), bass clarinet (B ♭ ), 3 bassoons 4 horns (F), 3 trumpets (C), 3 trombones, tuba 4 timpani, cymbals, tam tam, harp, strings",C minor,Romantic,,1902?,Romantic,18-20 minutes,870
Zu einem Wanderer über dem Nebelmeer,"Bachlund, Gary","https://imslp.org/wiki/Zu_einem_Wanderer_über_dem_Nebelmeer_(Bachlund,_Gary)",piano,,Modern,,2016,Modern,4 minutes,83
"Zu frühe, ach zu frühe","Gabler, Christoph August","https://imslp.org/wiki/Zu_frühe,_ach_zu_frühe_(Gabler,_Christoph_August)","mixed chorus (SATB), wind ensemble (2 clarinets, 2 horns, 2 bassoons, bass trombone)",,Classical,,,Classical,,11
Zu preisen deine Güte,"Randhartinger, Benedict","https://imslp.org/wiki/Zu_preisen_deine_Güte_(Randhartinger,_Benedict)",mixed chorus (SATB),B-flat major,Romantic,,,Romantic,2 minutes,33
Zu spät,"Wick, Otto","https://imslp.org/wiki/Zu_spät_(Wick,_Otto)","voice, piano",,Romantic,,,Romantic,,4
Zu-Zu Rag,"Fischler, Max E.","https://imslp.org/wiki/Zu-Zu_Rag_(Fischler,_Max_E.)",undetermined - probably orchestra or piano,,Early 20th century,,,Early 20th century,,23
"Zuccherino, tbp 28","Novegno, Roberto","https://imslp.org/wiki/Zuccherino,_tbp_28_(Novegno,_Roberto)",piano,A-flat major,Modern,,1999,Modern,,55
Zuch Kujawa!,"Lewandowski, Leopold","https://imslp.org/wiki/Zuch_Kujawa!_(Lewandowski,_Leopold)",piano,D major,Romantic,,,Romantic,,14
Zuch mazur,"Nowakowski, Józef","https://imslp.org/wiki/Zuch_mazur_(Nowakowski,_Józef)",piano,D major,Romantic,,,Romantic,,18
Zucharo porti dentro,"Cambio, Perissone","https://imslp.org/wiki/Zucharo_porti_dentro_(Cambio,_Perissone)",4 voices (SAAT),F Ionian mode,Renaissance,,,Renaissance,,1093
Zucht eer und lob,"Hofhaimer, Paul","https://imslp.org/wiki/Zucht_eer_und_lob_(Hofhaimer,_Paul)",4 voices (ATTB),F Ionian mode,Renaissance,,,Renaissance,,1450
Zufluchtsstätte,"Eisler, Hanns","https://imslp.org/wiki/Zufluchtsstätte_(Eisler,_Hanns)","Voice, piano",,Modern,,1940 ca.,Early 20th century,1 minute,0
Zufolata,"Frontini, Francesco Paolo","https://imslp.org/wiki/Zufolata_(Frontini,_Francesco_Paolo)",piano,F major,Early 20th century,,1934,Romantic,2-3 minutes,0
Zufriedenheit mehr als Reichtum,"Wranitzky, Paul","https://imslp.org/wiki/Zufriedenheit_mehr_als_Reichtum_(Wranitzky,_Paul)",orchestra,,Classical,,1804-5,Classical,,25
"Zufriedenheit, D.362","Schubert, Franz","https://imslp.org/wiki/Zufriedenheit,_D.362_(Schubert,_Franz)","voice, piano",A major,Romantic,,1816,Romantic,,692
"Zufriedenheit, D.501","Schubert, Franz","https://imslp.org/wiki/Zufriedenheit,_D.501_(Schubert,_Franz)","voice, piano",E major (1st version) G major (2nd version),Romantic,,1816 (November) (1st version) 1816 (November)? (2nd version),Romantic,,690
"Zufriedenheit, Hob.XXVI:20","Haydn, Joseph","https://imslp.org/wiki/Zufriedenheit,_Hob.XXVI:20_(Haydn,_Joseph)","voice, keyboard",C major,Classical,,1784,Classical,,773
"Zufällige Gedanken, Op.238","Mekaev, Alexander","https://imslp.org/wiki/Zufällige_Gedanken,_Op.238_(Mekaev,_Alexander)","tenor, piano",,Modern,,2024,Modern,5 minutes,18
"Zufällige Gedanken,Op.238","Mekaev, Alexander","https://imslp.org/wiki/Zufällige_Gedanken,Op.238_(Mekaev,_Alexander)","tenor, piano",,Modern,,2024,Modern,5 minutes,18
"Zug um Zug, Op.196","Faust, Carl","https://imslp.org/wiki/Zug_um_Zug,_Op.196_(Faust,_Carl)",Orchestra,G major,Romantic,,,Romantic,,336
Zukunftsblüte,"Wallnöfer, Adolf","https://imslp.org/wiki/Zukunftsblüte_(Wallnöfer,_Adolf)","voice, piano",D-flat major,Romantic,,1900,Romantic,2 minutes,14
Zula Zong,"Webster, Joseph Philbrick","https://imslp.org/wiki/Zula_Zong_(Webster,_Joseph_Philbrick)","voice, mixed chorus (SATB), piano",D major,Romantic,,,Romantic,5 minutes,69
Zulaikha,"Stoughton, Roy Spaulding","https://imslp.org/wiki/Zulaikha_(Stoughton,_Roy_Spaulding)",piano,,Early 20th century,,,Early 20th century,,14
Zuleida,"Motta, Alberto","https://imslp.org/wiki/Zuleida_(Motta,_Alberto)",piano,A-flat major,Romantic,,,Romantic,,10
Zuleika,"Loretz, John M.","https://imslp.org/wiki/Zuleika_(Loretz,_John_M.)",piano,E-flat major,Romantic,,,Romantic,8 minutes,107
Zuleika,"Vergueiro, Joventino","https://imslp.org/wiki/Zuleika_(Vergueiro,_Joventino)",piano,E minor,Early 20th century,,1909 ca.,Early 20th century,,22
Zulima,"Portugal, Marcos","https://imslp.org/wiki/Zulima_(Portugal,_Marcos)",,,Classical,,,Classical,,552
Zulmira,"Silva, Amado P. da","https://imslp.org/wiki/Zulmira_(Silva,_Amado_P._da)",piano,D major,Early 20th century,,1904 ca.,Early 20th century,,15
Zulu Love Song,"Hofmann, Louis J.","https://imslp.org/wiki/Zulu_Love_Song_(Hofmann,_Louis_J.)","voice, piano",,Early 20th century,,,Early 20th century,,18
Zum,"Richardson, Don","https://imslp.org/wiki/Zum_(Richardson,_Don)",piano,C major,Early 20th century,,,Early 20th century,,9
"Zum Abschied, Op.59","Rheinberger, Josef Gabriel","https://imslp.org/wiki/Zum_Abschied,_Op.59_(Rheinberger,_Josef_Gabriel)",piano,G major,Romantic,,1871,Romantic,4.5 minutes,38
"Zum Ausgang!, Op.10","Kretzschmar, Hermann","https://imslp.org/wiki/Zum_Ausgang!,_Op.10_(Kretzschmar,_Hermann)",organ,,Romantic,,,,,6
"Zum Ausruhen, Op.141","Hiller, Ferdinand","https://imslp.org/wiki/Zum_Ausruhen,_Op.141_(Hiller,_Ferdinand)",piano,,Romantic,,,Romantic,,35
Zum Ehrengedächtnis Luthers,"Meinardus, Ludwig Siegfried","https://imslp.org/wiki/Zum_Ehrengedächtnis_Luthers_(Meinardus,_Ludwig_Siegfried)","voice, piano (or harmonium)",D major,Romantic,,,Romantic,,22
Zum Frieden und zur Ruh,"Meister, Johann Friedrich","https://imslp.org/wiki/Zum_Frieden_und_zur_Ruh_(Meister,_Johann_Friedrich)","Voices: soprano, alto, tenor, bass; mixed chorus (SATB) Instruments: bassoon, violin, 2 violas, continuo",E minor,Baroque,,,Baroque,,441
"Zum Geburtsfeste des Kaisers, Op.27","Grimm, Julius Otto","https://imslp.org/wiki/Zum_Geburtsfeste_des_Kaisers,_Op.27_(Grimm,_Julius_Otto)","Voices: male chorus (TTBB) Wind Orchestra: ( ad lib. ): 2 flutes, 2 oboes, 2 clarinets, 2 bassoons, contrabassoon, 4 horns, 2 trumpets, bass trombone, timpani",,Romantic,,,Romantic,,43
Zum Geburtstag,"Drilo, Danijel","https://imslp.org/wiki/Zum_Geburtstag_(Drilo,_Danijel)",organ,F major,Modern,,1992,Modern,3 minutes,465
Zum Geburtstag kommen wir,"Salieri, Antonio","https://imslp.org/wiki/Zum_Geburtstag_kommen_wir_(Salieri,_Antonio)",3 voices,,Classical,,,Classical,,3752
Zum Geburtstage,"Sullivan, Arthur","https://imslp.org/wiki/Zum_Geburtstage_(Sullivan,_Arthur)",piano,D-flat major,Romantic,,1872,Romantic,,96
"Zum Gottlosen spricht Gott, GWV 1147/53","Graupner, Christoph","https://imslp.org/wiki/Zum_Gottlosen_spricht_Gott,_GWV_1147/53_(Graupner,_Christoph)","ATB, strings, basso continuo",G major,Baroque,,1753,Baroque,,79
Zum Grossadmiral,"Lortzing, Albert","https://imslp.org/wiki/Zum_Grossadmiral_(Lortzing,_Albert)","voices, chorus, orchestra",,Romantic,,1846-47,Romantic,,74
"Zum Kränzchen, Opp.18-19","Meyer, Carl","https://imslp.org/wiki/Zum_Kränzchen,_Opp.18-19_(Meyer,_Carl)","piano, with optional toy instruments",,Romantic,,,Romantic,,1275
Zum Maienfest Hinaus,"Goldner, Wilhelm","https://imslp.org/wiki/Zum_Maienfest_Hinaus_(Goldner,_Wilhelm)","Voice, piano",A-flat major,Romantic,,,Romantic,,117
"Zum Namensfest, WoO 40","Rheinberger, Josef Gabriel","https://imslp.org/wiki/Zum_Namensfest,_WoO_40_(Rheinberger,_Josef_Gabriel)",3 male voices (TTB),C major,Romantic,,1870,Romantic,3 minutes,218
"Zum Punsche, D.492","Schubert, Franz","https://imslp.org/wiki/Zum_Punsche,_D.492_(Schubert,_Franz)","voice, piano",D minor,Romantic,,1816 (October-November),Romantic,,729
Zum Reformationsfest,"Bruch, Max","https://imslp.org/wiki/Zum_Reformationsfest_(Bruch,_Max)","Alto, tenor, baritone + mixed chorus + orchestra 2 flutes, 2 oboes, 2 clarinets, 2 bassoons, 4 horns, 2 trumpets, 3 trombones, tuba, timpani, percussion, organ, strings",,Romantic,,1897–98,Romantic,,920
Zum Reformationsfest,"Löw, Rudolf","https://imslp.org/wiki/Zum_Reformationsfest_(Löw,_Rudolf)",male chorus,C major,Romantic,,,Romantic,,12
Zum Thron der Gnade nah'n wir Sünder,"Hobein, Johann Friedrich","https://imslp.org/wiki/Zum_Thron_der_Gnade_nah'n_wir_Sünder_(Hobein,_Johann_Friedrich)","Voices: 2 sopranos, tenor, bass; mixed chorus (SATB) Orchestra: 2 oboes, 2 horns, strings",,Classical,,,Classical,,8
"Zum Vorspielen, Op.133","Heins, Carl","https://imslp.org/wiki/Zum_Vorspielen,_Op.133_(Heins,_Carl)",piano,,Romantic,,,Romantic,,65
"Zum Vorspielen, Op.575","Behr, Franz","https://imslp.org/wiki/Zum_Vorspielen,_Op.575_(Behr,_Franz)",piano,,Romantic,,,Romantic,,832
Zum Vortrag,"Berens, Herman","https://imslp.org/wiki/Zum_Vortrag_(Berens,_Herman)","violin, piano",,Romantic,,,Romantic,,146
"Zum Vortrag, Op.132","Seybold, Arthur","https://imslp.org/wiki/Zum_Vortrag,_Op.132_(Seybold,_Arthur)","violin, piano",,Romantic,,,Romantic,,49
"Zum Vortrage bei festlichen Gelegenheiten, Op.115","Weiss, Julius","https://imslp.org/wiki/Zum_Vortrage_bei_festlichen_Gelegenheiten,_Op.115_(Weiss,_Julius)","violin, piano",,Romantic,,,Romantic,,12
Zum goldenen Löwen,"Seyfried, Ignaz","https://imslp.org/wiki/Zum_goldenen_Löwen_(Seyfried,_Ignaz)",Voices + Orchestra [?],,Classical,,"1806 – Vienna, Theater an der Wien",Classical,,315
Zum heiligen Aloysius,"Randhartinger, Benedict","https://imslp.org/wiki/Zum_heiligen_Aloysius_(Randhartinger,_Benedict)","voice, piano",E-flat major,Romantic,,1885,Romantic,2 minutes,29
Zum neuen Jahr,"Fonseca, Ida Henriette da","https://imslp.org/wiki/Zum_neuen_Jahr_(Fonseca,_Ida_Henriette_da)","voice, piano",C major G major,Romantic,,,Romantic,,1212
Zum sonnigen Süden,"Bartel, Günther","https://imslp.org/wiki/Zum_sonnigen_Süden_(Bartel,_Günther)","Voice, piano",,Romantic,,,Romantic,,31
"Zum, zum zu la Belamonte","Pigarelli, Luigi","https://imslp.org/wiki/Zum,_zum_zu_la_Belamonte_(Pigarelli,_Luigi)",male chorus (arranged),F major,Early 20th century,,,Romantic,2 minutes,83
Zuma,"Bishop, Henry Rowley","https://imslp.org/wiki/Zuma_(Bishop,_Henry_Rowley)","voices, chorus, orchestra",,Romantic,,,Romantic,,71
Zumalacarregui,"Loewe, Carl","https://imslp.org/wiki/Zumalacarregui_(Loewe,_Carl)","voice, piano",C major,Romantic,,1837,Romantic,,70
Zumar,"Zamecnik, John Stepan","https://imslp.org/wiki/Zumar_(Zamecnik,_John_Stepan)","flute, 2 clarinets, 2 cornets, drums, piano, crash cymbals, indian drum, bass drum, bells, 2 violins, cello",,Early 20th century,,,Early 20th century,,2
Zumbo,"Roque, Melch","https://imslp.org/wiki/Zumbo_(Roque,_Melch)",piano,D minor,Romantic,,1889,Romantic,,20
Zundel's Psalmody,"Zundel, John","https://imslp.org/wiki/Zundel's_Psalmody_(Zundel,_John)",4 voices / choir + keyboard accompaniment,,Romantic,,,Romantic,,232
"Zuni Impressions, Op.27","Grunn, Homer","https://imslp.org/wiki/Zuni_Impressions,_Op.27_(Grunn,_Homer)",Piano,,Romantic,,,Early 20th century,,275
"Zur Attaque, Op.37","Zikoff, Friedrich","https://imslp.org/wiki/Zur_Attaque,_Op.37_(Zikoff,_Friedrich)",Orchestra,C major ?,Romantic,,,Romantic,,236
"Zur Aufmunterung, Op.12","Heins, Carl","https://imslp.org/wiki/Zur_Aufmunterung,_Op.12_(Heins,_Carl)",piano,,Romantic,,,Romantic,,97
Zur Enthüllungsfeier des Denkmals I.K.H. der Prinzessin Heinrich der Niederlanden,"Menager, Laurent","https://imslp.org/wiki/Zur_Enthüllungsfeier_des_Denkmals_I.K.H._der_Prinzessin_Heinrich_der_Niederlanden_(Menager,_Laurent)",,,,,,,,0
Zur Enthüllungsfeier des Denkmals Ihrer K. H. der Prinzessin Heinrich der Niederlanden,"Menager, Laurent","https://imslp.org/wiki/Zur_Enthüllungsfeier_des_Denkmals_Ihrer_K._H._der_Prinzessin_Heinrich_der_Niederlanden_(Menager,_Laurent)","Voices: male chorus (TTBB) Brass Ensemble: 2 horns (E ♭ ), 2 cornets (B ♭ ), flugelhorn (E ♭ ), 2 trombones, 2 basses",,Romantic,,1876,Romantic,,30
"Zur Erholung, Op.129","Zilcher, Paul","https://imslp.org/wiki/Zur_Erholung,_Op.129_(Zilcher,_Paul)",piano,,Romantic,,,Romantic,,81
"Zur Erinnerung, Op.360","Bohm, Carl","https://imslp.org/wiki/Zur_Erinnerung,_Op.360_(Bohm,_Carl)",piano,,Romantic,,,Romantic,,132
"Zur Erstkommunion, Op.21a","Högn, August","https://imslp.org/wiki/Zur_Erstkommunion,_Op.21a_(Högn,_August)","Mixed Chorus, Organ",G major,Early 20th century,,,Early 20th century,,251
Zur Freude will sich nicht gestalten,"Schnorr von Carolsfeld, Malvina","https://imslp.org/wiki/Zur_Freude_will_sich_nicht_gestalten_(Schnorr_von_Carolsfeld,_Malvina)","voice, piano",F major,Romantic,,,Romantic,2 minutes,34
Zur Geschichte des Orgelspiels,"Ritter, August Gottfried","https://imslp.org/wiki/Zur_Geschichte_des_Orgelspiels_(Ritter,_August_Gottfried)",organ,,Baroque,,,Romantic,,21565
Zur Grundsteinlegung des K. Maximilaneums,"Lachner, Franz Paul","https://imslp.org/wiki/Zur_Grundsteinlegung_des_K._Maximilaneums_(Lachner,_Franz_Paul)","Voices : male chorus (TTBB) Wind Band : 2 bassoons, 4 horns (2 in F, 2 in E ♭ ), 4 trumpets (2 in F, 2 in E ♭ ), 3 trombones, ophicleide, timpani, snare drum, bass drum",E-flat major,Romantic,,1857 ca.,Romantic,,25
"Zur Guitarre, Op.18","Nölck, August","https://imslp.org/wiki/Zur_Guitarre,_Op.18_(Nölck,_August)","cello, piano",,Romantic,,,Romantic,,23
"Zur Guitarre, Op.97","Hiller, Ferdinand","https://imslp.org/wiki/Zur_Guitarre,_Op.97_(Hiller,_Ferdinand)",piano,,Romantic,,,Romantic,,796
Zur Heiligen Nacht,"Rauchenecker, Georg Wilhelm","https://imslp.org/wiki/Zur_Heiligen_Nacht_(Rauchenecker,_Georg_Wilhelm)",Mixed chorus,,Romantic,,1900,Romantic,,699
"Zur Jubelfeier, Op.166","Reinecke, Carl","https://imslp.org/wiki/Zur_Jubelfeier,_Op.166_(Reinecke,_Carl)","Orchestra 2 flutes, piccolo, 2 oboes, 2 clarinets, basset horn, 2 bassoons, 4 horns, 2 trumpets, 3 trombones, timpani, strings",C major,Romantic,,,Romantic,,483
Zur Konfirmation,"Peters-Rey, Gregor","https://imslp.org/wiki/Zur_Konfirmation_(Peters-Rey,_Gregor)",piano,,Modern,,2003,Modern,,267
"Zur Maienzeit, Op.233","Heins, Carl","https://imslp.org/wiki/Zur_Maienzeit,_Op.233_(Heins,_Carl)",Piano,F major,Romantic,,,Romantic,,339
Zur Mühle,"Ernst, Heinrich Wilhelm","https://imslp.org/wiki/Zur_Mühle_(Ernst,_Heinrich_Wilhelm)","voice, piano",F major,Romantic,,,Romantic,,11
"Zur Nacht, G.120","Gerson, Georg","https://imslp.org/wiki/Zur_Nacht,_G.120_(Gerson,_Georg)","voice, piano",G major,Romantic,,1817-09-09,Romantic,,1642
"Zur Namensfeier des Herrn Andreas Siller, D.83","Schubert, Franz","https://imslp.org/wiki/Zur_Namensfeier_des_Herrn_Andreas_Siller,_D.83_(Schubert,_Franz)","voice, violin, harp",G major,Romantic,,1813 (4 November),Romantic,,1193
"Zur Namensfeier des Vaters, D.80","Schubert, Franz","https://imslp.org/wiki/Zur_Namensfeier_des_Vaters,_D.80_(Schubert,_Franz)","2 Tenors, Bass, Guitar",A major,Romantic,,1813-9-27,Romantic,,1488
"Zur Reformationsfeier Overture, Op.191","Reinecke, Carl","https://imslp.org/wiki/Zur_Reformationsfeier_Overture,_Op.191_(Reinecke,_Carl)","2 Flute, 2 Oboe, 2 Clarinet, 2 Bassoon, Contrabassoon, 4 Horn, 2 Trumpet, 3 Trombone, Timpani and Strings",,Romantic,,1887 ca.,Romantic,,295
"Zur Rosenzeit, Op.64","Maier, Anton","https://imslp.org/wiki/Zur_Rosenzeit,_Op.64_(Maier,_Anton)","voice, piano",,Romantic,,,Romantic,,15
"Zur Trauung, Op.66","Fuchs-Schönbach, Ernst","https://imslp.org/wiki/Zur_Trauung,_Op.66_(Fuchs-Schönbach,_Ernst)",Mixed chorus,,Early 20th century,,,Early 20th century,,278
"Zur Trauung, Op.68","Fuchs-Schönbach, Ernst","https://imslp.org/wiki/Zur_Trauung,_Op.68_(Fuchs-Schönbach,_Ernst)",,,Early 20th century,,,Early 20th century,,174
"Zur Vermählungsfeier, WAB 54","Bruckner, Anton","https://imslp.org/wiki/Zur_Vermählungsfeier,_WAB_54_(Bruckner,_Anton)",male chorus (TTBB),D major,Romantic,,1878-11-27 in Vienna,Romantic,4 minutes,619
"Zur Violinschule, Op.44","David, Ferdinand","https://imslp.org/wiki/Zur_Violinschule,_Op.44_(David,_Ferdinand)",2 violins (second violin ad.lib.),,Romantic,,,Romantic,,3079
"Zur Violinschule, Op.45","David, Ferdinand","https://imslp.org/wiki/Zur_Violinschule,_Op.45_(David,_Ferdinand)",2 violins (second violin ad lib),,Romantic,,,Romantic,,1187
"Zur Weihnacht!, Op.50","Arnstadt, E. von","https://imslp.org/wiki/Zur_Weihnacht!,_Op.50_(Arnstadt,_E._von)",piano,,Romantic,,,Romantic,,37
Zur gefälligen Erinnerung,"Romberg, Bernhard","https://imslp.org/wiki/Zur_gefälligen_Erinnerung_(Romberg,_Bernhard)",piano,E major,Romantic,,1840-02-13,Classical,,518
Zur guten Nacht,"Karthaeuser, Andreas","https://imslp.org/wiki/Zur_guten_Nacht_(Karthaeuser,_Andreas)","baritone, male chorus (TTBB), piano",D major,Romantic,,January 1827,Romantic,,2098
"Zur guten Nacht, D.903","Schubert, Franz","https://imslp.org/wiki/Zur_guten_Nacht,_D.903_(Schubert,_Franz)","baritone, male chorus (TTBB), piano",D major,Romantic,,January 1827,Romantic,,2098
"Zur guten Nacht, Op.44","Fuchs-Schönbach, Ernst","https://imslp.org/wiki/Zur_guten_Nacht,_Op.44_(Fuchs-Schönbach,_Ernst)","voice, piano",,Early 20th century,,,Early 20th century,,494
Zur selben der Zeit,"Bernhard, Christoph","https://imslp.org/wiki/Zur_selben_der_Zeit_(Bernhard,_Christoph)","5 voices (SATTB), continuo",A major,Baroque,,,Baroque,3 minutes,411
Zuriel Polka,"Allen, Benjamin Dwight","https://imslp.org/wiki/Zuriel_Polka_(Allen,_Benjamin_Dwight)",Piano solo,,Romantic,,,Romantic,,154
"Zurückhaltung, Op.30 No.3","Menkveld, Jan Willem","https://imslp.org/wiki/Zurückhaltung,_Op.30_No.3_(Menkveld,_Jan_Willem)",piano,A minor,Romantic,,2019,Modern,4 minutes,46
Zuster Godelieve,"Tinel, Edgar","https://imslp.org/wiki/Zuster_Godelieve_(Tinel,_Edgar)","voice, piano",,Romantic,,,Romantic,,9
Zut! zut! zut!,"Elgar, Edward","https://imslp.org/wiki/Zut!_zut!_zut!_(Elgar,_Edward)",male chorus (TTBB),D minor,Romantic,,1923,Romantic,2 minutes,42
Zutai dekakutatte sensai nanda,"Shigeta, Takuya","https://imslp.org/wiki/Zutai_dekakutatte_sensai_nanda_(Shigeta,_Takuya)",2 Euphoniums and 2 Tubas,G minor,Romantic,,2011,Modern,4-5 minutes,2301
"Zuversicht, Op.87","Thieriot, Ferdinand","https://imslp.org/wiki/Zuversicht,_Op.87_(Thieriot,_Ferdinand)","3 voices (SSA)/women's chorus, organ",F major,Romantic,,,Romantic,3 minutes,18
Zuñi Melodies,"Gilman, Bejamin Ives","https://imslp.org/wiki/Zuñi_Melodies_(Gilman,_Bejamin_Ives)",,,Traditional (folk),,,Romantic,,14
"Zvíkovský rarášek, Op.49","Novák, Vítězslav","https://imslp.org/wiki/Zvíkovský_rarášek,_Op.49_(Novák,_Vítězslav)","voices, orchestra",,Romantic,,1913-14,Romantic,82 minutes,22
"Zween Jünger gehn nach Emmaus, TWV 1:1738","Telemann, Georg Philipp","https://imslp.org/wiki/Zween_Jünger_gehn_nach_Emmaus,_TWV_1:1738_(Telemann,_Georg_Philipp)","Voices: alto, tenor, bass, mixed chorus (SATB) Orchestra: strings, continuo",,Baroque,,,Baroque,15 minutes,386
Zwei Frauen,"Kralik, Mathilde","https://imslp.org/wiki/Zwei_Frauen_(Kralik,_Mathilde)","voice (spoken), piano",,Romantic,,,Romantic,,39
Zwei Jahre Kapellmeister an der Königlichen Oper zu Berlin,"Deppe, Ludwig","https://imslp.org/wiki/Zwei_Jahre_Kapellmeister_an_der_Königlichen_Oper_zu_Berlin_(Deppe,_Ludwig)",text,,Romantic,,,Romantic,,27
"Zwei Monate nach Sicht, Op.178","Hiller, Ferdinand","https://imslp.org/wiki/Zwei_Monate_nach_Sicht,_Op.178_(Hiller,_Ferdinand)",piano,E-flat major,Romantic,,,Romantic,,120
Zwei Mädchen und ein Liegestuhl,"Hirsch, Cornelius","https://imslp.org/wiki/Zwei_Mädchen_und_ein_Liegestuhl_(Hirsch,_Cornelius)","tuba, timpani, orchestra",,Modern,,,Modern,,173
"Zwei Märsche, Op.240","Strauss Sr., Johann","https://imslp.org/wiki/Zwei_Märsche,_Op.240_(Strauss_Sr.,_Johann)",Orchestra,,Romantic,,,Romantic,,167
Zwei Stücke für Orgel,"Beer, Hans-Peter","https://imslp.org/wiki/Zwei_Stücke_für_Orgel_(Beer,_Hans-Peter)",Organ,,Modern,,2004,Modern,,2647
Zwei Wanderer,"Randhartinger, Benedict","https://imslp.org/wiki/Zwei_Wanderer_(Randhartinger,_Benedict)","voice, piano",G major,Romantic,,1880,Romantic,1.5 minutes,36
Zwei Wünsche,"Rott, Hans","https://imslp.org/wiki/Zwei_Wünsche_(Rott,_Hans)","voice, piano",E minor,Romantic,,,Romantic,,223
"Zwei treue Augen, Op.30","Bungart, Heinrich","https://imslp.org/wiki/Zwei_treue_Augen,_Op.30_(Bungart,_Heinrich)","voice, piano",,Romantic,,,Romantic,,18
Zwei unter Sternen,Frenschkowski,https://imslp.org/wiki/Zwei_unter_Sternen_(Frenschkowski),Piano,,Ancient,,2026,Ancient,3 minutes,0
"Zweierlei bitt' ich von dir, GWV 1123/33","Graupner, Christoph","https://imslp.org/wiki/Zweierlei_bitt'_ich_von_dir,_GWV_1123/33_(Graupner,_Christoph)","SATB, strings, continuo",G major,Baroque,,1733,Baroque,,208
"Zweigelt, Op.77","Weber, Kristof J.","https://imslp.org/wiki/Zweigelt,_Op.77_(Weber,_Kristof_J.)","viola, contrabass",,Modern,,2011,Modern,4 minutes,3001
Zweihnachtsmusik,"Schauerte, Uli","https://imslp.org/wiki/Zweihnachtsmusik_(Schauerte,_Uli)",Piano,,Modern,,2011,Modern,15 minutes,453
"Zweikampf-Galopp, Op.8","Preisler, Vojtěch","https://imslp.org/wiki/Zweikampf-Galopp,_Op.8_(Preisler,_Vojtěch)",piano,D major,Romantic,,,Romantic,,15
Zweistimmige Fugue,"Kirnberger, Johann Philipp","https://imslp.org/wiki/Zweistimmige_Fugue_(Kirnberger,_Johann_Philipp)",keyboard (or violin and cello (bass?)),D major,Baroque,,,Classical,,4422
Zweite Beethoveniana,"Nottebohm, Gustav","https://imslp.org/wiki/Zweite_Beethoveniana_(Nottebohm,_Gustav)",,,Romantic,,,Romantic,,1379
Zweite Elementarstufe des Clavierspiels,"Ramann, Lina","https://imslp.org/wiki/Zweite_Elementarstufe_des_Clavierspiels_(Ramann,_Lina)",piano,,Romantic,,,Romantic,,41
Zweite Namastélieder,"Staheli, Gwendolyn","https://imslp.org/wiki/Zweite_Namastélieder_(Staheli,_Gwendolyn)","Vocal: speaker Orchestra: alto flute, clarinet in A, bassoon, horn, tamtam, xylophone, triangle, bass drum, celesta, speaker, 12 violins, 6 violas, 6 cellos, 6 basses",,Modern,,2008,Modern,10 minutes,90
Zweite ungarische Galoppe,"Strauss Sr., Johann","https://imslp.org/wiki/Zweite_ungarische_Galoppe_(Strauss_Sr.,_Johann)",Orchestra,,Romantic,,,Romantic,,144
Zweiter Lehrmeister im Clavier- oder Fortepianospiel,"Müller, Wilhelm Adolph","https://imslp.org/wiki/Zweiter_Lehrmeister_im_Clavier-_oder_Fortepianospiel_(Müller,_Wilhelm_Adolph)","piano solo ; flute (or violin), piano",,Romantic,,,Romantic,,35
"Zweiter und Dritter Siegessatz 1916, Op.70","Fährmann, Hans","https://imslp.org/wiki/Zweiter_und_Dritter_Siegessatz_1916,_Op.70_(Fährmann,_Hans)",organ,D major (No.1); E major (No.2),Romantic,,,Romantic,,314
Zweites Präludien-Album,"Sattler, Carl","https://imslp.org/wiki/Zweites_Präludien-Album_(Sattler,_Carl)",organ (or harmonium),,Romantic,,,Early 20th century,,268
Zweites komisches Quodlibet,"Lortzing, Albert","https://imslp.org/wiki/Zweites_komisches_Quodlibet_(Lortzing,_Albert)","voice, piano",F major,Romantic,,,Romantic,,29
Zwerfuil,"Vermeersch, Peter","https://imslp.org/wiki/Zwerfuil_(Vermeersch,_Peter)",wind band,,Jazz,,2021,Modern,7 minutes,60
"Zweystimmiger Canon, G.62","Gerson, Georg","https://imslp.org/wiki/Zweystimmiger_Canon,_G.62_(Gerson,_Georg)",2 voices,B-flat major,Romantic,,1812-04-04,Romantic,,95
Zwiastowanie,"Moniuszko, Stanisław","https://imslp.org/wiki/Zwiastowanie_(Moniuszko,_Stanisław)","voice, organ",D major,Romantic,,,Romantic,,25
"Zwiegesang, Op.143 No.2","Rohde, Eduard","https://imslp.org/wiki/Zwiegesang,_Op.143_No.2_(Rohde,_Eduard)","Violin, piano",,Romantic,,,Romantic,,129
Zwiegespräch,"Hamm, Johann Valentin","https://imslp.org/wiki/Zwiegespräch_(Hamm,_Johann_Valentin)","clarinet (violin or flute), oboe (violin or flute), orchestra (or piano)",,Romantic,,,Romantic,,77
Zwiegespräch,"Juon, Paul","https://imslp.org/wiki/Zwiegespräch_(Juon,_Paul)",piano,,Romantic,,,Romantic,,184
Zwiegespräch,"Schnauder, Alfred","https://imslp.org/wiki/Zwiegespräch_(Schnauder,_Alfred)","violin (or cello), piano",,Romantic,,,Early 20th century,,22
Zwiegespräch,"Urbach, Otto","https://imslp.org/wiki/Zwiegespräch_(Urbach,_Otto)",piano,,Romantic,,,Romantic,,389
"Zwiegespräch in Form einer Serenade, Op.4","Pfyffer, Franz","https://imslp.org/wiki/Zwiegespräch_in_Form_einer_Serenade,_Op.4_(Pfyffer,_Franz)","solo clarinet, solo flute, orchestra",G minor,Romantic,,,Romantic,,2905
"Zwiegespräch, Op.46a","Kügele, Richard","https://imslp.org/wiki/Zwiegespräch,_Op.46a_(Kügele,_Richard)",piano,,Romantic,,,Romantic,,26
"Zwiegespräche, Op.19","Röntgen, Julius","https://imslp.org/wiki/Zwiegespräche,_Op.19_(Röntgen,_Julius)",Piano,,Romantic,,1882,Romantic,,625
"Zwiegespräche, Op.98","Drdla, František Alois","https://imslp.org/wiki/Zwiegespräche,_Op.98_(Drdla,_František_Alois)",2 violins + piano,,Romantic,,,Romantic,,6079
"Zwiegesäng, Op.8","Becker, Reinhold","https://imslp.org/wiki/Zwiegesäng,_Op.8_(Becker,_Reinhold)","Voice and piano, violin ad lib",B minor,Romantic,,,Romantic,,1120
"Zwierciadło Duszy, Op.1","Drechsler, Wilhelm","https://imslp.org/wiki/Zwierciadło_Duszy,_Op.1_(Drechsler,_Wilhelm)","voice, piano",,Romantic,,,Romantic,,13
Zwilling-Polka,"Lumbye, Hans Christian","https://imslp.org/wiki/Zwilling-Polka_(Lumbye,_Hans_Christian)",orchestra,D major,Romantic,,1855,Romantic,,19
Zwillingsmädchenlieder,"Beneking, Stephan","https://imslp.org/wiki/Zwillingsmädchenlieder_(Beneking,_Stephan)","spoken word, piano solo",,Modern,,2013,Modern,10 minutes,155
"Zwingburg, Op.14","Krenek, Ernst","https://imslp.org/wiki/Zwingburg,_Op.14_(Krenek,_Ernst)","Voices: soprano, 4 tenors, baritone, bass + mixed chorus (SATTBB) Orchestra: 3 flutes, 2 oboes, 4 clarinets, 3 bassoons + 4 horns, 3 trumpets, 3 trombones, tuba + timpani, percussion + strings On stage : 2 trumpets, 2 trombones",,Early 20th century,,1922,Early 20th century,,72
Zwingt die saiten in cithara,"Ahle, Johann Rudolf","https://imslp.org/wiki/Zwingt_die_saiten_in_cithara_(Ahle,_Johann_Rudolf)","alto, tenor, bass, 2 violins, 4 trombones, continuo",,Baroque,,,Baroque,,1461
Zwischen Perg und tieffe Tal,"Isaac, Heinrich","https://imslp.org/wiki/Zwischen_Perg_und_tieffe_Tal_(Isaac,_Heinrich)",4 voices,,Renaissance,,,Renaissance,,5731
"Zwischen Sommer und Herbst, Op.67","Kahn, Robert","https://imslp.org/wiki/Zwischen_Sommer_und_Herbst,_Op.67_(Kahn,_Robert)",piano,,Romantic,,,Romantic,,307
"Zwischen dem Alten, zwischen dem Neuen","Strohbach, Siegfried","https://imslp.org/wiki/Zwischen_dem_Alten,_zwischen_dem_Neuen_(Strohbach,_Siegfried)",Version A female chorus (SSA) Version B male chorus (TTB),,Modern,,1955,Modern,3 minutes,191
"Zwischen oben, zwischen unten","Strohbach, Siegfried","https://imslp.org/wiki/Zwischen_oben,_zwischen_unten_(Strohbach,_Siegfried)",male chorus (TTBB),,Modern,,1951,Modern,2 minutes,65
Zwischengedanken,"Lingenberg, Wilfried","https://imslp.org/wiki/Zwischengedanken_(Lingenberg,_Wilfried)",oboe,D major,Modern,,2000,Modern,2 minutes,664
Zwischenspiel zur Oper Sanna,"Rauchenecker, Georg Wilhelm","https://imslp.org/wiki/Zwischenspiel_zur_Oper_Sanna_(Rauchenecker,_Georg_Wilhelm)","Voices : soloists, chorus Orchestra : 2 flutes, 2 oboes, 2 clarinets (B), 2 bassoons, 4 horns (F), 2 trumpets (F), 3 trombones, tuba, timpani (D, A), harp, strings (based on the Intermezzo)",,Romantic,,1893,Romantic,,1061
Zwischenspiele zu Rinck's Choralbuch,"Müller, Peter","https://imslp.org/wiki/Zwischenspiele_zu_Rinck's_Choralbuch_(Müller,_Peter)",organ,,Classical,,,Romantic,,605
"Zwist und Sühne, Op.15","Baroni-Cavalcabó, Julie","https://imslp.org/wiki/Zwist_und_Sühne,_Op.15_(Baroni-Cavalcabó,_Julie)","2 voices (SB), piano",A-flat major,Romantic,,,Romantic,,18
Zwycięzca śmierci,"Kramarz, Mariusz","https://imslp.org/wiki/Zwycięzca_śmierci_(Kramarz,_Mariusz)",mixed chorus (SATB),B-flat major,Modern,,,Modern,,25
Zwölftonspiel (1946/12/24),"Hauer, Josef Matthias","https://imslp.org/wiki/Zwölftonspiel_(1946/12/24)_(Hauer,_Josef_Matthias)",piano,,Early 20th century,,1946,Early 20th century,,41
Zwölftonspiel (1948/06/02),"Hauer, Josef Matthias","https://imslp.org/wiki/Zwölftonspiel_(1948/06/02)_(Hauer,_Josef_Matthias)","2 violins, viola, cello, piano",,Early 20th century,,,Early 20th century,4 minutes,40
Zwölftonspiel (1952/07/17),"Hauer, Josef Matthias","https://imslp.org/wiki/Zwölftonspiel_(1952/07/17)_(Hauer,_Josef_Matthias)",piano,,Early 20th century,,1952,Early 20th century,,29
Zwölftonspiel (1953/02/19),"Hauer, Josef Matthias","https://imslp.org/wiki/Zwölftonspiel_(1953/02/19)_(Hauer,_Josef_Matthias)",piano,,Early 20th century,,1953,Early 20th century,,29
Zwölftonspiel (1953/03),"Hauer, Josef Matthias","https://imslp.org/wiki/Zwölftonspiel_(1953/03)_(Hauer,_Josef_Matthias)",piano,,Early 20th century,,1953,Early 20th century,,34
Zwölftonspiel (1955/05),"Hauer, Josef Matthias","https://imslp.org/wiki/Zwölftonspiel_(1955/05)_(Hauer,_Josef_Matthias)",piano 4-hands,,Early 20th century,,1955,Early 20th century,,0
Zwölftonspiel (1955/06/07),"Hauer, Josef Matthias","https://imslp.org/wiki/Zwölftonspiel_(1955/06/07)_(Hauer,_Josef_Matthias)",piano,,Early 20th century,,1955,Early 20th century,,38
Zwölftonspiel mit einer Reihe von Geoffry Kimpton,"Hauer, Josef Matthias","https://imslp.org/wiki/Zwölftonspiel_mit_einer_Reihe_von_Geoffry_Kimpton_(Hauer,_Josef_Matthias)",piano,,Early 20th century,,1954,Early 20th century,,31
Zwölftonstudie,"Drilo, Danijel","https://imslp.org/wiki/Zwölftonstudie_(Drilo,_Danijel)",piano,,Modern,,2000,Modern,5 minutes,155
Zwölftonstudie für Bratsche allein,"Schmidt, Johannes Volker","https://imslp.org/wiki/Zwölftonstudie_für_Bratsche_allein_(Schmidt,_Johannes_Volker)",viola,,Modern,,1995,Modern,3-4 minutes,202
Zwölftönchen,"Ferrari, Carlotta","https://imslp.org/wiki/Zwölftönchen_(Ferrari,_Carlotta)",Piano,,Modern,,2012,Modern,,421
Zyder from Zummerzet,"Duncombe, Peirse","https://imslp.org/wiki/Zyder_from_Zummerzet_(Duncombe,_Peirse)","voice, piano",C major,Early 20th century,,1923,Romantic,,16
Zygmunt August,"Joteyko, Tadeusz","https://imslp.org/wiki/Zygmunt_August_(Joteyko,_Tadeusz)","soloists, mixed chorus, orchestra",,Romantic,,,Romantic,,52
"Zygmunt August i Barbara, Op.13","Opieński, Henryk","https://imslp.org/wiki/Zygmunt_August_i_Barbara,_Op.13_(Opieński,_Henryk)",orchestra,,Romantic,,1911,Early 20th century,,7
Zygoptera,"Isida, Kazue Rockzaemon","https://imslp.org/wiki/Zygoptera_(Isida,_Kazue_Rockzaemon)",celesta (or toy-piano),,Modern,,,Modern,,351
Zyklus für Streichquartett,"Schauerte, Uli","https://imslp.org/wiki/Zyklus_für_Streichquartett_(Schauerte,_Uli)",String quartet,,Modern,,1991,Modern,20 minutes,397
Zyma,"Kocor, Korla Awgust","https://imslp.org/wiki/Zyma_(Kocor,_Korla_Awgust)","mixed chorus (SATB), orchestra",,Romantic,,1889,Romantic,,2
Zyra,"Stahl, William C.","https://imslp.org/wiki/Zyra_(Stahl,_William_C.)","mandolin (or violin), guitar",,Early 20th century,,,Romantic,,36
Zài Nà Yáo Yǔan Dė Dì Fāng,"Wong, Fu Tong","https://imslp.org/wiki/Zài_Nà_Yáo_Yǔan_Dė_Dì_Fāng_(Wong,_Fu_Tong)","Voice, Piano",,Traditional (folk),,,Modern,,0
Zálogát adtad óh Jézus,"Lovas, Imre","https://imslp.org/wiki/Zálogát_adtad_óh_Jézus_(Lovas,_Imre)",Organ,C major,Modern,,2007-07-17,Modern,,571
Zápisník zmizelého,"Janáček, Leoš","https://imslp.org/wiki/Zápisník_zmizelého_(Janáček,_Leoš)","Alto, Tenor, Soprano, Piano",,Romantic,,"1917-1919, revised 1920",Romantic,,8219
"Zářivé dni, Op.69","Foerster, Josef Bohuslav","https://imslp.org/wiki/Zářivé_dni,_Op.69_(Foerster,_Josef_Bohuslav)","mezzo-soprano, piano",,Romantic,,1900-02,Romantic,,20
Září 2017,"Bartoš, Lukáš","https://imslp.org/wiki/Září_2017_(Bartoš,_Lukáš)","bassoon, 2 violas, organ",,Modern,,2017,Modern,4-5 minutes,324
"Zähle meine Flucht, GWV 1154/12b","Graupner, Christoph","https://imslp.org/wiki/Zähle_meine_Flucht,_GWV_1154/12b_(Graupner,_Christoph)","bass, bassoon, strings, continuo",C minor,Baroque,,1712,Baroque,,135
"Zärtliche Liebe, WoO 123","Beethoven, Ludwig van","https://imslp.org/wiki/Zärtliche_Liebe,_WoO_123_(Beethoven,_Ludwig_van)","voice, piano",G major,Classical,,1795,Classical,,43350
Zé Caipora,"Martins, Raul","https://imslp.org/wiki/Zé_Caipora_(Martins,_Raul)","voice, piano",F major,Early 20th century,,1907 ca.,Early 20th century,,13
Zé Pum,"Folk Songs, Brazilian","https://imslp.org/wiki/Zé_Pum_(Folk_Songs,_Brazilian)",2 voices,,Traditional (folk),,,,,21
Zé das regras,"Carvalho, Carlos T. de","https://imslp.org/wiki/Zé_das_regras_(Carvalho,_Carlos_T._de)",piano,A-flat major,Early 20th century,,1905 ca.,Romantic,,18
Zélia,"Custaud, Gaston","https://imslp.org/wiki/Zélia_(Custaud,_Gaston)",piano,G major,Romantic,,,Romantic,,15
Zélie,"Ferrand, Joseph-Hyacinthe","https://imslp.org/wiki/Zélie_(Ferrand,_Joseph-Hyacinthe)","solo voices, choir, flutes, orchestra (hautbois, bassons, strings, basso continuo)",,Baroque,,,Baroque,,214
Zélindor roi des Silphes,"Rebel, François","https://imslp.org/wiki/Zélindor_roi_des_Silphes_(Rebel,_François)","voices, chorus, orchestra",,Baroque,,,Baroque,,1106
"Zélindor, roi des Sylphes","Francœur, François","https://imslp.org/wiki/Zélindor,_roi_des_Sylphes_(Francœur,_François)","voices, chorus, orchestra",,Baroque,,,Baroque,,1106
Zéliska,"Lehmann, Ch. E.","https://imslp.org/wiki/Zéliska_(Lehmann,_Ch._E.)",piano,E-flat major,Romantic,,,Romantic,,25
Zémire et Azor,"Grétry, André Ernest Modeste","https://imslp.org/wiki/Zémire_et_Azor_(Grétry,_André_Ernest_Modeste)","voices, orchestra",,Classical,,,Classical,,7363
Zémireh-Quadrille,"Tchouhadjian, Dikran","https://imslp.org/wiki/Zémireh-Quadrille_(Tchouhadjian,_Dikran)",piano,C minor,Romantic,,,Romantic,,31
Zénéide-Mazourka,"Rajczak, Andrzej","https://imslp.org/wiki/Zénéide-Mazourka_(Rajczak,_Andrzej)",piano,D major,Romantic,,,Romantic,,37
Zéphire et Flore,"Lully, Jean-Louis","https://imslp.org/wiki/Zéphire_et_Flore_(Lully,_Jean-Louis)","voice, choir, orchestra (flutes, oboes, basson, strings, continuo)",,Baroque,,1688,Baroque,,704
"Zéphire, RCT 61","Rameau, Jean-Philippe","https://imslp.org/wiki/Zéphire,_RCT_61_(Rameau,_Jean-Philippe)","vocal soloists, mixed chorus, orchestra",,Baroque,,,Baroque,,2343
"Zéphyr, CD 19","Debussy, Claude","https://imslp.org/wiki/Zéphyr,_CD_19_(Debussy,_Claude)","voice, piano",,Romantic,,1881,Romantic,,0
Zézette et Colin,"Lamart, Octave","https://imslp.org/wiki/Zézette_et_Colin_(Lamart,_Octave)","voice, piano",A major,Romantic,,,Romantic,,8
"Zëila, Op.73","Lindpaintner, Peter Joseph von","https://imslp.org/wiki/Zëila,_Op.73_(Lindpaintner,_Peter_Joseph_von)",Orchestra,,Romantic,,,Romantic,,49
Zíngaros,"Barradas, Carmen","https://imslp.org/wiki/Zíngaros_(Barradas,_Carmen)",piano,,Early 20th century,,,Early 20th century,,22
"Zöllnerhauserisch, Op.21","Edenhofer, E.","https://imslp.org/wiki/Zöllnerhauserisch,_Op.21_(Edenhofer,_E.)",zither,,Romantic,,,Romantic,,7
Zöpfe,"Rotter, Martin","https://imslp.org/wiki/Zöpfe_(Rotter,_Martin)","Flute, Clarinet,Cello and Piano",G major,Modern,,,Modern,,2141
Zülfün dara,"Folk Songs, Azerbaijani","https://imslp.org/wiki/Zülfün_dara_(Folk_Songs,_Azerbaijani)",voices,,Traditional,,,,,64
"Züricher Vielliebchen-Walzer, WWV 88","Wagner, Richard","https://imslp.org/wiki/Züricher_Vielliebchen-Walzer,_WWV_88_(Wagner,_Richard)",piano,E-flat major,Romantic,,1854,Romantic,1-2 minutes,0
"Zürne nur, du alte Schlange, TWV 1:1735a","Telemann, Georg Philipp","https://imslp.org/wiki/Zürne_nur,_du_alte_Schlange,_TWV_1:1735a_(Telemann,_Georg_Philipp)","voice (soprano or tenor), trumpet or oboe, violin, continuo",E-flat major,Baroque,,,Baroque,11 minutes,864
Złota rybka,"Duniecki, Stanisław","https://imslp.org/wiki/Złota_rybka_(Duniecki,_Stanisław)","voice, piano",G minor,Romantic,,,Romantic,,17
Złote chwile,"Rzepko, Władysław","https://imslp.org/wiki/Złote_chwile_(Rzepko,_Władysław)",piano,,Romantic,,,Early 20th century,,22
Złote plony,"Rzepko, Władysław","https://imslp.org/wiki/Złote_plony_(Rzepko,_Władysław)","voice, piano",,Early 20th century,,,Early 20th century,,6
Złudzenie,"Mikulski, Tytus","https://imslp.org/wiki/Złudzenie_(Mikulski,_Tytus)","voice, piano",,Romantic,,,Romantic,,7
"Złudzenie, Op.20","Madejski, Marceli","https://imslp.org/wiki/Złudzenie,_Op.20_(Madejski,_Marceli)","voice, piano",F major,Romantic,,,Romantic,,10
Zəhmətin işığı,"Folk Songs, Azerbaijani","https://imslp.org/wiki/Zəhmətin_işığı_(Folk_Songs,_Azerbaijani)",voices,,Traditional,,,,,56
¡Ay! que non era,"Rodríguez Peris, Martín José","https://imslp.org/wiki/¡Ay!_que_non_era_(Rodríguez_Peris,_Martín_José)","Female chorus (3-part), winds, percussion",,Modern,,2001,Modern,28 minutes,799
¡Ay! un poquito más,"Ruiz Espadero, Nicolás","https://imslp.org/wiki/¡Ay!_un_poquito_más_(Ruiz_Espadero,_Nicolás)",piano,F major,Romantic,,,Romantic,,0
"¡Compañeros, Avancemos!","De Nito, Humberto","https://imslp.org/wiki/¡Compañeros,_Avancemos!_(De_Nito,_Humberto)","voice, piano",E-flat major,Traditional (folk),,,Early 20th century,4 minutes,108
"¡Cucú, cucú!","Encina, Juan del","https://imslp.org/wiki/¡Cucú,_cucú!_(Encina,_Juan_del)",4 voices,,Renaissance,,,Renaissance,,6853
¡El ay del desgraciado!,"Eligio, Lorenzo","https://imslp.org/wiki/¡El_ay_del_desgraciado!_(Eligio,_Lorenzo)","voice, piano",F major,Romantic,,1854,Romantic,,110
¡Hola!,"Diaz, Rafael","https://imslp.org/wiki/¡Hola!_(Diaz,_Rafael)",wind band,,Modern,,2000,Modern,15 minutes,118
"¡Hola, Federico!","Diaz, Rafael","https://imslp.org/wiki/¡Hola,_Federico!_(Diaz,_Rafael)","mixed chorus (SATB), guitar",,Modern,,2021,Modern,24 minutes,0
¡Lo que siente el alma!,"Pini, José","https://imslp.org/wiki/¡Lo_que_siente_el_alma!_(Pini,_José)",piano,A minor,Romantic,,,Early 20th century,,2
¡Pobres flores!...,"Pracánico, Francisco","https://imslp.org/wiki/¡Pobres_flores!..._(Pracánico,_Francisco)","voice, piano",F minor,Early 20th century,,,Early 20th century,,23
¡Presente!,"Xamena Sastre, Joan","https://imslp.org/wiki/¡Presente!_(Xamena_Sastre,_Joan)",wind band,F major,Early 20th century,,,Early 20th century,7 minutes,389
¡Que dique!,"Berto, Augusto","https://imslp.org/wiki/¡Que_dique!_(Berto,_Augusto)",piano,G minor,Early 20th century,,,Early 20th century,,27
¡Que polvo con tanto viento!,"Quijano, Pedro Miguel","https://imslp.org/wiki/¡Que_polvo_con_tanto_viento!_(Quijano,_Pedro_Miguel)",guitar,,Early 20th century,,,Romantic,,44
"¡Vida Jerez!, Op.37","Alba, Antonio","https://imslp.org/wiki/¡Vida_Jerez!,_Op.37_(Alba,_Antonio)",guitar,D minor,Romantic,,,Romantic,,16
"¡Vida mía!, Op.97","Alba, Antonio","https://imslp.org/wiki/¡Vida_mía!,_Op.97_(Alba,_Antonio)",piano,,Early 20th century,,,Romantic,,37
¡¡Viva Navarra!!,"Larregla, Joaquín","https://imslp.org/wiki/¡¡Viva_Navarra!!_(Larregla,_Joaquín)",piano,,Romantic,,,Romantic,,143
«Kadenza» for the 1st movement of Beethoven's 4th Piano Concerto,"Bouzine, Mikhaïl","https://imslp.org/wiki/«Kadenza»_for_the_1st_movement_of_Beethoven's_4th_Piano_Concerto_(Bouzine,_Mikhaïl)","piano, orchestra",G major,Romantic,,1805-06,Classical,33 minutes,151021
«Не весь я твой» романс для баритона или контральто в сопровождении фортепиано,"Rebikov, Vladimir","https://imslp.org/wiki/«Не_весь_я_твой»_романс_для_баритона_или_контральто_в_сопровождении_фортепиано_(Rebikov,_Vladimir)","voice, piano",,Romantic,,,Romantic,,21
¿? Para una letra del futuro,"Diaz, Rafael","https://imslp.org/wiki/¿?_Para_una_letra_del_futuro_(Diaz,_Rafael)",guitar,,Modern,,1994-2020,Modern,2 minutes,80
¿Dónde está el La?,"Olivero, Silvia","https://imslp.org/wiki/¿Dónde_está_el_La?_(Olivero,_Silvia)",mixed chorus (SATB),A minor,Modern,,2012,Modern,4 minutes,22
¿Me Odias?,"Lecuona, Ernestina","https://imslp.org/wiki/¿Me_Odias?_(Lecuona,_Ernestina)","voice, piano",C major,Early 20th century,,,Early 20th century,3 minutes,0
¿No manyás que aburrís?,"Basavilbaso, Juan Carlos","https://imslp.org/wiki/¿No_manyás_que_aburrís?_(Basavilbaso,_Juan_Carlos)",piano,D major,Early 20th century,,,Early 20th century,,20
"¿Quien Sabe?, Op.92","Alba, Antonio","https://imslp.org/wiki/¿Quien_Sabe?,_Op.92_(Alba,_Antonio)",guitar,,Early 20th century,,,Romantic,,365
"¿Quién ha visto, que en invierno?","Salas, Esteban","https://imslp.org/wiki/¿Quién_ha_visto,_que_en_invierno?_(Salas,_Esteban)","mixed chorus, 2 violins, continuo",B-flat major,Baroque,,1786,Baroque,,493
¿Qué ten o mozo?,"Piñeiro y Latierro, Prudencio","https://imslp.org/wiki/¿Qué_ten_o_mozo?_(Piñeiro_y_Latierro,_Prudencio)","voice, piano",B-flat major,Romantic,,1900 ca.,Romantic,4 minutes,113
"¿Viste, Gil, a mi zagala?","Garçon, Diego","https://imslp.org/wiki/¿Viste,_Gil,_a_mi_zagala?_(Garçon,_Diego)",4 voices,,Renaissance,,,Renaissance,,49
"À Argenteau, Op.40","Cui, César","https://imslp.org/wiki/À_Argenteau,_Op.40_(Cui,_César)",piano,,Romantic,,1887,Romantic,,13704
À Bruges,"Delmas, Marc","https://imslp.org/wiki/À_Bruges_(Delmas,_Marc)",piano,,Early 20th century,,,Early 20th century,,514
À Café Aurore,"Zörn, Udo","https://imslp.org/wiki/À_Café_Aurore_(Zörn,_Udo)",2 violins,B-flat major,Modern,,2013,Modern,1 minute,10809
À Chloris,"Hahn, Reynaldo","https://imslp.org/wiki/À_Chloris_(Hahn,_Reynaldo)","voice, piano",E major,Romantic,,,Early 20th century,,174814
À Clichy,"Adam, Adolphe","https://imslp.org/wiki/À_Clichy_(Adam,_Adolphe)","3 vocal soloists (tenor, baritone, bass), orchestra",,Romantic,,,Romantic,,87
À Colombine,"Massenet, Jules","https://imslp.org/wiki/À_Colombine_(Massenet,_Jules)","voice, piano",E-flat major,Romantic,,1872/02/17,Romantic,,324
À Conchita,"David, Samuel","https://imslp.org/wiki/À_Conchita_(David,_Samuel)","voice, piano",,Romantic,,,Romantic,,39
À Coutances!,"Dupont, Achille","https://imslp.org/wiki/À_Coutances!_(Dupont,_Achille)","voice, piano",F major,Romantic,,,Romantic,,12
À Douarnenez en Bretagne,"Dubois, Théodore","https://imslp.org/wiki/À_Douarnenez_en_Bretagne_(Dubois,_Théodore)","voice, piano",C major,Romantic,,,Romantic,,48
À Inès,"Gallois, Victor","https://imslp.org/wiki/À_Inès_(Gallois,_Victor)","voice, piano",D major,Early 20th century,,,Early 20th century,,15
À Joinville-le-Pont,"Chaudoir, Félix","https://imslp.org/wiki/À_Joinville-le-Pont_(Chaudoir,_Félix)","voice, piano",,Romantic,,,Romantic,,268
À Laudes,"Bazin, François","https://imslp.org/wiki/À_Laudes_(Bazin,_François)",female chorus (3 part),F major,Romantic,,,Romantic,,48
À Laure,"Salomon, Hector","https://imslp.org/wiki/À_Laure_(Salomon,_Hector)","tenor, piano",G minor,Romantic,,,Romantic,,33
À Lydie,"Holmès, Augusta Mary Anne","https://imslp.org/wiki/À_Lydie_(Holmès,_Augusta_Mary_Anne)","2 Voices (soprano and baritone or tenor), Piano",E major,Romantic,,,Romantic,,1649
À Madeleine,"Proferisce, Alessandro","https://imslp.org/wiki/À_Madeleine_(Proferisce,_Alessandro)","voice, piano",G minor,Romantic,,1913 — Paris: G. Siéver,Romantic,,17
À Madrid!,"Choudens, Antony","https://imslp.org/wiki/À_Madrid!_(Choudens,_Antony)","voice, piano",,Romantic,,,Romantic,,33
À Marie endormie,"Ropartz, Guy","https://imslp.org/wiki/À_Marie_endormie_(Ropartz,_Guy)","Orchestra : 2 flutes, oboe, English horn, 2 clarinets (B ♭ ), 2 bassoons + 4 horns, 2 trumpets (C), 3 trombones + timpani + strings",A-flat major,Romantic,,1911,Early 20th century,,706
"À Mimosa, Op.33","Carvalho, Ricardo Ferreira de","https://imslp.org/wiki/À_Mimosa,_Op.33_(Carvalho,_Ricardo_Ferreira_de)",1 Piano,A-flat major,Romantic,,,Romantic,,453
À Ninon,"Leoncavallo, Ruggiero","https://imslp.org/wiki/À_Ninon_(Leoncavallo,_Ruggiero)",Piano 2 hands,F major,Romantic,,,Romantic,4 minutes,1465
À Néré,"Grumbach, Marthe","https://imslp.org/wiki/À_Néré_(Grumbach,_Marthe)","voice, piano",,Early 20th century,,,Romantic,,12
À Ortenberg,"Carrière, F.","https://imslp.org/wiki/À_Ortenberg_(Carrière,_F.)",piano,A-flat major,Romantic,,,Romantic,,31
À Part for Solo Flute,"Harrington, Jeffrey Michael","https://imslp.org/wiki/À_Part_for_Solo_Flute_(Harrington,_Jeffrey_Michael)",Flute,,Modern,,2012,Modern,,13867
À Phidylé,"Hahn, Reynaldo","https://imslp.org/wiki/À_Phidylé_(Hahn,_Reynaldo)","Solo Bass, Chorus (6 sopranos, 4 tenors), Piano 4 hands",,Romantic,,,Early 20th century,,1188
"À Pátria, Op.13","Vianna da Motta, José","https://imslp.org/wiki/À_Pátria,_Op.13_(Vianna_da_Motta,_José)",orchestra,A major,Romantic,,"1894 (June), rev. 1920",Romantic,,50
À Saint Herbot,"Bourgault-Ducoudray, Louis-Albert","https://imslp.org/wiki/À_Saint_Herbot_(Bourgault-Ducoudray,_Louis-Albert)",piano solo,,Romantic,,,Romantic,,226
À Saint-Blaise,"Pessard, Émile","https://imslp.org/wiki/À_Saint-Blaise_(Pessard,_Émile)","Voice, Piano",,Romantic,,,Romantic,,413
"À Salerne, Op.239","Auvray, Georges","https://imslp.org/wiki/À_Salerne,_Op.239_(Auvray,_Georges)",piano,F major,Romantic,,,Romantic,,48
À Suzon,"Cohen, Jules","https://imslp.org/wiki/À_Suzon_(Cohen,_Jules)","voice, piano",F major,Romantic,,,Romantic,,29
À Trianon,"Holmès, Augusta Mary Anne","https://imslp.org/wiki/À_Trianon_(Holmès,_Augusta_Mary_Anne)","voice, piano",,Romantic,,,Romantic,,80
À Venise,"Henschel, George","https://imslp.org/wiki/À_Venise_(Henschel,_George)","voice, piano",D major,Romantic,,1922,Romantic,,10
À Venise,"Le Coat de Kervéguen, Guy de","https://imslp.org/wiki/À_Venise_(Le_Coat_de_Kervéguen,_Guy_de)","voice, piano",D major,Romantic,,,Romantic,,10
À bas la crinoline!,"Lhuillier, Edmond","https://imslp.org/wiki/À_bas_la_crinoline!_(Lhuillier,_Edmond)","voice, piano",E major,Romantic,,,Romantic,,6
À bicyclette,"Rodel, Adrien-Francis","https://imslp.org/wiki/À_bicyclette_(Rodel,_Adrien-Francis)","voice, piano",G major,Romantic,,,Romantic,,57
À bientôt!,"Lamothe, Georges","https://imslp.org/wiki/À_bientôt!_(Lamothe,_Georges)",piano,G major,Romantic,,,Romantic,,203
"À bon chat, bon rat",Chillemont,"https://imslp.org/wiki/À_bon_chat,_bon_rat_(Chillemont)","voices, orchestra",,Romantic,,,Romantic,,25
À bâtons rompus,"Gillet, Ernest","https://imslp.org/wiki/À_bâtons_rompus_(Gillet,_Ernest)",piano,,Romantic,,,Romantic,,16
À c'qu'on dit,"Rollé-Jacques, Charlotte","https://imslp.org/wiki/À_c'qu'on_dit_(Rollé-Jacques,_Charlotte)","voice, piano",,Romantic,,,Romantic,,15
À ce joly moys de may,"Janequin, Clément","https://imslp.org/wiki/À_ce_joly_moys_de_may_(Janequin,_Clément)",4 voices,F major,Renaissance,,,Renaissance,2 minutes,7351
À celle qui va partir,"Diémer, Louis","https://imslp.org/wiki/À_celle_qui_va_partir_(Diémer,_Louis)","Voice, piano",D major,Romantic,,,Romantic,,193
À contre-cœur,"Ferroud, Pierre-Octave","https://imslp.org/wiki/À_contre-cœur_(Ferroud,_Pierre-Octave)","voice, piano",,Early 20th century,,,Early 20th century,,22
"À cœur joie, Op.38","Tavan, Émile","https://imslp.org/wiki/À_cœur_joie,_Op.38_(Tavan,_Émile)",piano,G major,Romantic,,,Romantic,,149
À cœur perdu,"Robert, Gabriel","https://imslp.org/wiki/À_cœur_perdu_(Robert,_Gabriel)",piano,F major,Romantic,,,Romantic,,94
À demain soir,"Bonnamy, Émile","https://imslp.org/wiki/À_demain_soir_(Bonnamy,_Émile)",piano,B-flat major,Romantic,,,Romantic,,81
À deux pas du bonheur,"Godefroid, Félix","https://imslp.org/wiki/À_deux_pas_du_bonheur_(Godefroid,_Félix)","Vocal soloists, Orchestra",,Romantic,,,Romantic,,515
À deux pleurer,"Massenet, Jules","https://imslp.org/wiki/À_deux_pleurer_(Massenet,_Jules)","voice, piano",G major,Romantic,,1897/8/20,Romantic,,3780
À franc étrier,"Henrion, Paul","https://imslp.org/wiki/À_franc_étrier_(Henrion,_Paul)",piano,F major,Romantic,,,Romantic,,76
À genoux,"Monpou, Hippolyte","https://imslp.org/wiki/À_genoux_(Monpou,_Hippolyte)","voice, piano",A-flat major,Romantic,,,Romantic,,19
À genoux devant toi!,"Cloy, A.","https://imslp.org/wiki/À_genoux_devant_toi!_(Cloy,_A.)",piano,E-flat major,Romantic,,,Romantic,,39
"À grandes guides, Op.230","Hitz, Franz","https://imslp.org/wiki/À_grandes_guides,_Op.230_(Hitz,_Franz)",Piano solo,C major,Romantic,,,Romantic,,494
À l'Alsace-Lorraine,"Guilhot, Jules","https://imslp.org/wiki/À_l'Alsace-Lorraine_(Guilhot,_Jules)",unaccompanied male chorus,A-flat major,Romantic,,,Romantic,,13
À l'Espérance,"Rasse, François","https://imslp.org/wiki/À_l'Espérance_(Rasse,_François)",organ or harmonium,D major,Romantic,,,Romantic,,152
"À l'Ombre des derniers Assyriens, Op.5","Queval, Christophe","https://imslp.org/wiki/À_l'Ombre_des_derniers_Assyriens,_Op.5_(Queval,_Christophe)","flute, piano",,Modern,,1989-2003,Modern,11 minutes,1139
"À l'Ombre des derniers Assyriens, Op.5b","Queval, Christophe","https://imslp.org/wiki/À_l'Ombre_des_derniers_Assyriens,_Op.5b_(Queval,_Christophe)","cello, piano",,Modern,,1989-2006,Modern,11 minutes,709
"À l'aid', à l'aid' helas","Le Jeune, Claude","https://imslp.org/wiki/À_l'aid',_à_l'aid'_helas_(Le_Jeune,_Claude)",5 voices,,Renaissance,,,Renaissance,,13
À l'alouette,"Desbordes-Valmore, Marceline","https://imslp.org/wiki/À_l'alouette_(Desbordes-Valmore,_Marceline)","voice, piano",,Romantic,,,Romantic,2 minutes,35
"À l'aube, Op.106","Maison, Paul","https://imslp.org/wiki/À_l'aube,_Op.106_(Maison,_Paul)","voice, piano",G major,Romantic,,,Romantic,,18
À l'aventure,"Dubois, Théodore","https://imslp.org/wiki/À_l'aventure_(Dubois,_Théodore)",Piano solo,,Early 20th century,,,Romantic,,663
"À l'aventure, Op.66","Benoit, Louis","https://imslp.org/wiki/À_l'aventure,_Op.66_(Benoit,_Louis)",piano,F major,Romantic,,,Romantic,,32
À l'heure où s'éveille la rose,"Dassier, Alfred","https://imslp.org/wiki/À_l'heure_où_s'éveille_la_rose_(Dassier,_Alfred)",Voice,,Romantic,,,Romantic,,57
À l'horizon,"Cartol, Hendrik","https://imslp.org/wiki/À_l'horizon_(Cartol,_Hendrik)","voice, piano",F major,Romantic,,,Romantic,,3
À l'infidèle,"Wibier, Raphaël","https://imslp.org/wiki/À_l'infidèle_(Wibier,_Raphaël)","voice, piano",G major,Romantic,,,Romantic,,10
À l'ombre,"Cieutat, Henri","https://imslp.org/wiki/À_l'ombre_(Cieutat,_Henri)",piano,E-flat major,Romantic,,,Romantic,,65
À l'ombre des jeunes filles en fleurs,"Delgado, João Pedro","https://imslp.org/wiki/À_l'ombre_des_jeunes_filles_en_fleurs_(Delgado,_João_Pedro)",Viola,,Modern,,2011,Modern,5 minutes,8249
"À l'ombre du saule, Op.281","Leybach, Ignace Xavier Joseph","https://imslp.org/wiki/À_l'ombre_du_saule,_Op.281_(Leybach,_Ignace_Xavier_Joseph)",piano,D ♭ major,Romantic,,,Romantic,,168
À l'étoile du soir,"Soubre, Etienne","https://imslp.org/wiki/À_l'étoile_du_soir_(Soubre,_Etienne)",voice and piano,A-flat major,Romantic,,1853 (September),Romantic,,384
"À la Chapelle Sixtine, S.461","Liszt, Franz","https://imslp.org/wiki/À_la_Chapelle_Sixtine,_S.461_(Liszt,_Franz)",piano,,Romantic,,1862-65,Romantic,,9992
"À la Chapelle Sixtine, S.633","Liszt, Franz","https://imslp.org/wiki/À_la_Chapelle_Sixtine,_S.633_(Liszt,_Franz)",piano,,Romantic,,1862-65,Romantic,,9994
"À la Chinoise, SO 60","Ornstein, Leo","https://imslp.org/wiki/À_la_Chinoise,_SO_60_(Ornstein,_Leo)",piano,,Early 20th century,,1918 ?,Early 20th century,4-5 minutes,3819
"À la France!, Op.121","Saint-Saëns, Camille","https://imslp.org/wiki/À_la_France!,_Op.121_(Saint-Saëns,_Camille)","2 sopranos (ad libitum), male voices (TTBB) (or men's chorus)",C major,Romantic,,1903,Romantic,,135
"À la Franche-Comté, Op.45","Godard, Benjamin","https://imslp.org/wiki/À_la_Franche-Comté,_Op.45_(Godard,_Benjamin)",Male chorus (TTBB),,Romantic,,,Romantic,,413
À la Grâce de Dieu,"Knaak, Peter","https://imslp.org/wiki/À_la_Grâce_de_Dieu_(Knaak,_Peter)","voice, piano",A minor,Modern,,2013,Modern,3 minutes,91
"À la Mexicana, SO 59","Ornstein, Leo","https://imslp.org/wiki/À_la_Mexicana,_SO_59_(Ornstein,_Leo)",piano,,Modern,,ca.1919,Early 20th century,,3482
À la Spézia,"Carrière, F.","https://imslp.org/wiki/À_la_Spézia_(Carrière,_F.)",piano,B-flat major,Romantic,,,Romantic,,33
À la belle étoile,"Rubini, George Jervis","https://imslp.org/wiki/À_la_belle_étoile_(Rubini,_George_Jervis)",Piano solo,,Romantic,,,Romantic,,352
À la belle étoile,"Underwood, Kenneth F. H.","https://imslp.org/wiki/À_la_belle_étoile_(Underwood,_Kenneth_F._H.)",piano,B-flat major,Early 20th century,,,Early 20th century,,29
"À la belle étoile, Op.212","Hitz, Franz","https://imslp.org/wiki/À_la_belle_étoile,_Op.212_(Hitz,_Franz)",piano,D major,Romantic,,,Romantic,,98
À la bien-aimée,"Le Coat de Kervéguen, Guy de","https://imslp.org/wiki/À_la_bien-aimée_(Le_Coat_de_Kervéguen,_Guy_de)","voice, piano",see section listing,Romantic,,,Romantic,,6
À la bonne franquette,"Decourcelle, Paul","https://imslp.org/wiki/À_la_bonne_franquette_(Decourcelle,_Paul)",piano,D major,Romantic,,,Romantic,3 minutes,2551
"À la brise, CG 415a","Gounod, Charles","https://imslp.org/wiki/À_la_brise,_CG_415a_(Gounod,_Charles)","voice, piano",E-flat major,Romantic,,,Romantic,,1369
"À la brume, Op.23","Rebikov, Vladimir","https://imslp.org/wiki/À_la_brume,_Op.23_(Rebikov,_Vladimir)",piano,,Romantic,,,Romantic,,3817
À la campagne,"Métra, Olivier","https://imslp.org/wiki/À_la_campagne_(Métra,_Olivier)",piano,G major,Romantic,,,Romantic,,141
"À la campagne, Op.40","Leschetizky, Theodor","https://imslp.org/wiki/À_la_campagne,_Op.40_(Leschetizky,_Theodor)",piano,E minor,Romantic,,,Romantic,15 minutes,1923
"À la campagne, Op.5","Clément, Marcel","https://imslp.org/wiki/À_la_campagne,_Op.5_(Clément,_Marcel)","voice, piano",F major,Romantic,,,Early 20th century,,24
"À la campagne, Op.51","Rosenhain, Jacob","https://imslp.org/wiki/À_la_campagne,_Op.51_(Rosenhain,_Jacob)",piano,,Romantic,,,Romantic,,17
À la carte,"Holzmann, Abe","https://imslp.org/wiki/À_la_carte_(Holzmann,_Abe)",piano,,Early 20th century,,,Romantic,,80
À la chapelle!,"Mailly, Alphonse","https://imslp.org/wiki/À_la_chapelle!_(Mailly,_Alphonse)",organ,D minor,Romantic,,,Romantic,,43
"À la chapelle, Op.81","Lebeau, Alfred","https://imslp.org/wiki/À_la_chapelle,_Op.81_(Lebeau,_Alfred)",Harmonium,,Romantic,,,Romantic,,579
À la chasse,"Mattei, Tito","https://imslp.org/wiki/À_la_chasse_(Mattei,_Tito)",piano,D-flat major,Romantic,,,Romantic,,97
À la chaumière,"Anson, Antoni","https://imslp.org/wiki/À_la_chaumière_(Anson,_Antoni)","voice, piano",C major,Romantic,,,Romantic,,28
À la claire fontaine,"Breig, Bertold","https://imslp.org/wiki/À_la_claire_fontaine_(Breig,_Bertold)",Chorus (SATB),,Modern,,,Modern,,5573
À la claire fontaine,"Descarries, Auguste","https://imslp.org/wiki/À_la_claire_fontaine_(Descarries,_Auguste)","voice, piano",A-flat major,Early 20th century,,1922,Early 20th century,2:30 min.,2143
À la claire fontaine,"St. Pierre, Anthony","https://imslp.org/wiki/À_la_claire_fontaine_(St._Pierre,_Anthony)","baritone, piano",F major,Modern,,2004,Modern,3 minutes,273
À la douane,"Lamart, Octave","https://imslp.org/wiki/À_la_douane_(Lamart,_Octave)","2 voices (sung and spoken), piano",E-flat major,Romantic,,,Romantic,,15
À la femme,"Flégier, Ange","https://imslp.org/wiki/À_la_femme_(Flégier,_Ange)","Version 1 : high voice, violin (ad lib.), piano Version 2 : medium voice, cello (ad lib.), piano",D major (Version 2 ),Romantic,,,Romantic,,26
À la fontaine,"Gael, Henri van","https://imslp.org/wiki/À_la_fontaine_(Gael,_Henri_van)",Piano 4 hands,D major,Romantic,,,Romantic,,419
À la forêt,"Yamamoto, Jun","https://imslp.org/wiki/À_la_forêt_(Yamamoto,_Jun)","clarinet (B ♭ ), piano",B-flat major,Classical,,2019,Modern,4-5 minutes,1403
À la française,"Carbonnier, Jules","https://imslp.org/wiki/À_la_française_(Carbonnier,_Jules)","voice, piano",,Romantic,,,Romantic,,50
À la fête,"Denys, Louis","https://imslp.org/wiki/À_la_fête_(Denys,_Louis)","voice (spoken), piano",F major,Romantic,,,Romantic,,18
"À la gare, à la gare","Alteirac, Auguste","https://imslp.org/wiki/À_la_gare,_à_la_gare_(Alteirac,_Auguste)","voice, piano",A major,Romantic,,,Romantic,,16
"À la gavotte, Op.11","Korganov, Genary","https://imslp.org/wiki/À_la_gavotte,_Op.11_(Korganov,_Genary)",piano,C minor,Romantic,,,Romantic,,588
"À la gavotte, Op.11","Krzyżanowska, Halina","https://imslp.org/wiki/À_la_gavotte,_Op.11_(Krzyżanowska,_Halina)",piano,A minor,Romantic,,,Romantic,,82
À la gloire!,"Danglas, Jeanne","https://imslp.org/wiki/À_la_gloire!_(Danglas,_Jeanne)",piano,,Romantic,,,Romantic,,24
À la grand' pinte,"Ruber, Armand","https://imslp.org/wiki/À_la_grand'_pinte_(Ruber,_Armand)",male chorus (TTBB),G major,Romantic,,,Romantic,,28
À la grâce de Dieu,"Puget, Loïsa","https://imslp.org/wiki/À_la_grâce_de_Dieu_(Puget,_Loïsa)","voice, piano",,Romantic,,,Romantic,,46
À la hussarde,"Auvray, Georges","https://imslp.org/wiki/À_la_hussarde_(Auvray,_Georges)",orchestra,F major,Romantic,,,Romantic,,20
À la jeunesse,"Le Coat de Kervéguen, Guy de","https://imslp.org/wiki/À_la_jeunesse_(Le_Coat_de_Kervéguen,_Guy_de)","voice, piano",E major,Romantic,,,Romantic,,9
"À la manière de Borodine, M.63/1","Ravel, Maurice","https://imslp.org/wiki/À_la_manière_de_Borodine,_M.63/1_(Ravel,_Maurice)",piano,D-flat major,Early 20th century,,1912–13,Early 20th century,2-3 minutes,30968
"À la manière de Chabrier, M.63/2","Ravel, Maurice","https://imslp.org/wiki/À_la_manière_de_Chabrier,_M.63/2_(Ravel,_Maurice)",piano,C major,Early 20th century,,1912–13,Early 20th century,2 minutes,14874
À la masurka,"Fontana, Julian","https://imslp.org/wiki/À_la_masurka_(Fontana,_Julian)",piano,G major,Romantic,,,Romantic,,49
À la mazourka,"Wollenhaupt, Hermann Adolf","https://imslp.org/wiki/À_la_mazourka_(Wollenhaupt,_Hermann_Adolf)",piano,,Romantic,,,Romantic,,1458
À la mer,"Yamamoto, Jun","https://imslp.org/wiki/À_la_mer_(Yamamoto,_Jun)","clarinet (B ♭ ), piano",,Early 20th century,,1978-01-28,Modern,"5 minutes, 40 seconds",3599
À la musique,"Chabrier, Emmanuel","https://imslp.org/wiki/À_la_musique_(Chabrier,_Emmanuel)","soprano, female chorus and orchestra",,Romantic,,,Romantic,,3264
"À la mémoire de Beethoven, Op.302","Magnus, Desiré","https://imslp.org/wiki/À_la_mémoire_de_Beethoven,_Op.302_(Magnus,_Desiré)",piano,,Romantic,,,Romantic,,208
"À la mémoire de Claude Debussy, Op.70","Schmitt, Florent","https://imslp.org/wiki/À_la_mémoire_de_Claude_Debussy,_Op.70_(Schmitt,_Florent)",piano,,Early 20th century,,1920-21,Early 20th century,,1650
À la mémoire de Paul Dukas,"Ropartz, Guy","https://imslp.org/wiki/À_la_mémoire_de_Paul_Dukas_(Ropartz,_Guy)",piano,,Romantic,,1936,Early 20th century,,0
"À la mémoire de Pouchkine, Op.119","Labadie, Hippolyte","https://imslp.org/wiki/À_la_mémoire_de_Pouchkine,_Op.119_(Labadie,_Hippolyte)",piano,F minor,Romantic,,,Romantic,,46
À la mémoire de notre ami Fr. Chopin,"Neukomm, Sigismund","https://imslp.org/wiki/À_la_mémoire_de_notre_ami_Fr._Chopin_(Neukomm,_Sigismund)",Harmonium or piano,D minor,Romantic,,ca.1850,Romantic,,2576
"À la mémoire du Colonel Moutarde, CCW95","Labrecque, Samuel","https://imslp.org/wiki/À_la_mémoire_du_Colonel_Moutarde,_CCW95_(Labrecque,_Samuel)",clarinet,G minor,Modern,,2009,Modern,2 minutes,437
"À la nature, Op.192","Renard, Casimir","https://imslp.org/wiki/À_la_nature,_Op.192_(Renard,_Casimir)","voice, piano",F major,Early 20th century,,,Romantic,,13
À la nuit,"Dupont, Gabriel","https://imslp.org/wiki/À_la_nuit_(Dupont,_Gabriel)","voice, piano",D-flat major,Romantic,,,Romantic,,41
À la nuit close,"Petit, Albert","https://imslp.org/wiki/À_la_nuit_close_(Petit,_Albert)","voice, piano",A major,Romantic,,,Romantic,,27
"À la nuit, CG 321","Gounod, Charles","https://imslp.org/wiki/À_la_nuit,_CG_321_(Gounod,_Charles)","voice, piano",E major,Romantic,,1891,Romantic,3 minutes,229
À la porte du paradis,"Trojelli, Angelino","https://imslp.org/wiki/À_la_porte_du_paradis_(Trojelli,_Angelino)","voice, piano",F major,Romantic,,,Romantic,,14
À la recherche d'une branche,"Casirola, Angelo","https://imslp.org/wiki/À_la_recherche_d'une_branche_(Casirola,_Angelo)","vocal soloists, orchestra",,Romantic,,,Romantic,,9
À la recherche de la tranquillité,"Gerny, Ernest","https://imslp.org/wiki/À_la_recherche_de_la_tranquillité_(Gerny,_Ernest)","voice, piano",C major,Romantic,,,Romantic,,13
"À la reine des apôtres, CG 370","Gounod, Charles","https://imslp.org/wiki/À_la_reine_des_apôtres,_CG_370_(Gounod,_Charles)","voice, piano or organ",,Romantic,,1852,Romantic,,2661
À la reine des cieux,"Sieg, Constant","https://imslp.org/wiki/À_la_reine_des_cieux_(Sieg,_Constant)","Voice, piano",,Romantic,,,Romantic,,421
"À la valse, Op.301","Bohm, Carl","https://imslp.org/wiki/À_la_valse,_Op.301_(Bohm,_Carl)",piano,,Romantic,,,Romantic,,651
À la venue de Noël,"Dandrieu, Pierre","https://imslp.org/wiki/À_la_venue_de_Noël_(Dandrieu,_Pierre)",organ (or harpsichord),D minor,Baroque,,1714-33 or before,Baroque,9-10 minutes,15458
À la venue de Noël,"Séjan, Nicolas","https://imslp.org/wiki/À_la_venue_de_Noël_(Séjan,_Nicolas)",organ,D minor,Romantic,,,Classical,,750
À la viennoise,"Friedman, Ignaz","https://imslp.org/wiki/À_la_viennoise_(Friedman,_Ignaz)",piano,,Romantic,,,Romantic,,1879
"À la voile, Op.174","Magnus, Desiré","https://imslp.org/wiki/À_la_voile,_Op.174_(Magnus,_Desiré)",Piano,,Romantic,,,Romantic,,668
À las artistas del Circo Ecuestre de Madrid,"Passuti, Emilio","https://imslp.org/wiki/À_las_artistas_del_Circo_Ecuestre_de_Madrid_(Passuti,_Emilio)",piano,,Romantic,,,Romantic,,117
À ma Musette,"Godard, Benjamin","https://imslp.org/wiki/À_ma_Musette_(Godard,_Benjamin)","voice, piano",,Romantic,,,Romantic,,3239
À ma cabanne,"Kurakina, Natalia","https://imslp.org/wiki/À_ma_cabanne_(Kurakina,_Natalia)","voice, guitar",A major,Romantic,,,Classical,,38
À ma cousine Angèle,"Salomon, Hector","https://imslp.org/wiki/À_ma_cousine_Angèle_(Salomon,_Hector)","Voice, piano",G major,Romantic,,,Romantic,,61
À ma fille,"Van den Heuvel, Amédée","https://imslp.org/wiki/À_ma_fille_(Van_den_Heuvel,_Amédée)","voice, piano",E-flat major,Romantic,,,Romantic,,7
À ma mignonne,"Delibes, Léo","https://imslp.org/wiki/À_ma_mignonne_(Delibes,_Léo)","Voice, Piano",E ♭ major,Romantic,,,Romantic,,1868
À meiga luz do luar,"Silva, Thomaz Fernandes da","https://imslp.org/wiki/À_meiga_luz_do_luar_(Silva,_Thomaz_Fernandes_da)",piano,D minor,Early 20th century,,,Early 20th century,,39
À minuit fut fait un réveil,"Lefébure-Wely, Isaac-François","https://imslp.org/wiki/À_minuit_fut_fait_un_réveil_(Lefébure-Wely,_Isaac-François)",organ,C major,Classical,,1805-23 in Recueil de tous les airs consacrés pour le temps de Noël (No.24),Classical,,2528
"À minuit, Op.65","David, Adolphe","https://imslp.org/wiki/À_minuit,_Op.65_(David,_Adolphe)",orchestra,C minor,Romantic,,,Romantic,,41
À moi l'mégot,"Drouillon, Arthur","https://imslp.org/wiki/À_moi_l'mégot_(Drouillon,_Arthur)","voice, piano",E-flat major,Romantic,,,Romantic,,15
À mon aimée,"Kennès, Henry","https://imslp.org/wiki/À_mon_aimée_(Kennès,_Henry)","voice, piano",,Early 20th century,,,Early 20th century,,18
À mon beau château (bluette),"Battmann, Jacques-Louis","https://imslp.org/wiki/À_mon_beau_château_(bluette)_(Battmann,_Jacques-Louis)",Piano,,Romantic,,,Romantic,,794
À mon beau château (quadrille),"Battmann, Jacques-Louis","https://imslp.org/wiki/À_mon_beau_château_(quadrille)_(Battmann,_Jacques-Louis)","piano, or piano 4 hands (published concurrently)",C major,Romantic,,,Romantic,,172
À mules,"Charpentier, Gustave","https://imslp.org/wiki/À_mules_(Charpentier,_Gustave)","Voice, Piano",,Romantic,,1890,Romantic,,311
À nos morts ignorés,"Hahn, Reynaldo","https://imslp.org/wiki/À_nos_morts_ignorés_(Hahn,_Reynaldo)","voice, piano",C major,Romantic,,"Argonne, 1915",Early 20th century,,1072
"À nous deux, Op.84","Blumenthal, Jacques","https://imslp.org/wiki/À_nous_deux,_Op.84_(Blumenthal,_Jacques)",piano,,Romantic,,,Romantic,,1266
À pas menus,"Landry, Albert","https://imslp.org/wiki/À_pas_menus_(Landry,_Albert)","voice, piano",G major,Romantic,,,Romantic,,116
"À propos de bottes, Op.118","Milhaud, Darius","https://imslp.org/wiki/À_propos_de_bottes,_Op.118_(Milhaud,_Darius)","children's voices, children's chorus, violins, cellos",,Early 20th century,,1932,Early 20th century,,47
À quand la noce,"Douay, Georges","https://imslp.org/wiki/À_quand_la_noce_(Douay,_Georges)","voice, piano",F major,Romantic,,,Romantic,,24
À quatre heures trois-quarts,"Petit, Albert","https://imslp.org/wiki/À_quatre_heures_trois-quarts_(Petit,_Albert)","3 vocal soloists, orchestra",,Romantic,,,Romantic,,13
À qui je vais rêver,"Dubois, Théodore","https://imslp.org/wiki/À_qui_je_vais_rêver_(Dubois,_Théodore)","voice, piano",B major,Early 20th century,,,Romantic,,34
À qui le bébé?,"Péricaud, Louis","https://imslp.org/wiki/À_qui_le_bébé?_(Péricaud,_Louis)","4 vocal soloists, orchestra",,Romantic,,,Romantic,,13
À quoi bon les regrets,"Zallas, Gabriel","https://imslp.org/wiki/À_quoi_bon_les_regrets_(Zallas,_Gabriel)","voice, piano",C major,Romantic,,,Romantic,,16
"À sa guitare, FP 79a","Poulenc, Francis","https://imslp.org/wiki/À_sa_guitare,_FP_79a_(Poulenc,_Francis)","voice, piano or harp",G minor,Modern,,1935,Early 20th century,3 minutes,0
À ta porte,"Christiné, Henri","https://imslp.org/wiki/À_ta_porte_(Christiné,_Henri)","voice, piano",E major,Early 20th century,,,Early 20th century,,20
À terra um anjo baixou,"Mesquita, Henrique Alves de","https://imslp.org/wiki/À_terra_um_anjo_baixou_(Mesquita,_Henrique_Alves_de)","voice, piano",E-flat major,Romantic,,,Romantic,02 minutes,45
"À tire d'aîles, Op.16","Büsser, Fritz","https://imslp.org/wiki/À_tire_d'aîles,_Op.16_(Büsser,_Fritz)",piano,E-flat major,Romantic,,,Romantic,,124
À toi,"Arène, Louis","https://imslp.org/wiki/À_toi_(Arène,_Louis)","voice, piano",E-flat major,Romantic,,,Romantic,,10
À toi,"Offenbach, Jacques","https://imslp.org/wiki/À_toi_(Offenbach,_Jacques)","voice, piano",A major,Romantic,,,Romantic,,45
À toi le pinceau,"Burgairolles, Georges","https://imslp.org/wiki/À_toi_le_pinceau_(Burgairolles,_Georges)","voice, piano",B-flat major,Romantic,,,Romantic,,14
"À toi mon cœur, CG 458a","Gounod, Charles","https://imslp.org/wiki/À_toi_mon_cœur,_CG_458a_(Gounod,_Charles)","voice, piano",,Romantic,,,Romantic,,2834
"À toi!, Op.75","Brisson, Frédéric","https://imslp.org/wiki/À_toi!,_Op.75_(Brisson,_Frédéric)","piano, organ/harmonium ('harmonicorde Debain')",A major,Romantic,,,Romantic,,20
"À toi, Op.150","Waldteufel, Emile","https://imslp.org/wiki/À_toi,_Op.150_(Waldteufel,_Emile)",Orchestra,,Romantic,,,Romantic,,2640
À ton bras,"Rieffler, Tony","https://imslp.org/wiki/À_ton_bras_(Rieffler,_Tony)","voice, piano",F major,Romantic,,,Romantic,,34
"À toute bride, Op.20","David, Adolphe","https://imslp.org/wiki/À_toute_bride,_Op.20_(David,_Adolphe)",piano,E major,Romantic,,,Romantic,,692
"À toute volée, Op.236","Magnus, Desiré","https://imslp.org/wiki/À_toute_volée,_Op.236_(Magnus,_Desiré)",piano,F major,Romantic,,,Romantic,,104
"À travers bois, Op.151","Hitz, Franz","https://imslp.org/wiki/À_travers_bois,_Op.151_(Hitz,_Franz)",piano,C major,Romantic,,,Romantic,,318
"À travers bois, Op.71","Yung, Alfred","https://imslp.org/wiki/À_travers_bois,_Op.71_(Yung,_Alfred)",Piano solo,B-flat major,Romantic,,,Romantic,,144
À travers champs,"Chic, Léon","https://imslp.org/wiki/À_travers_champs_(Chic,_Léon)",piano,,Romantic,,,Romantic,,23
"À travers champs, Op.26","Laurens, Edmond","https://imslp.org/wiki/À_travers_champs,_Op.26_(Laurens,_Edmond)",piano,,Romantic,,,Romantic,,0
À travers chants,"Berlioz, Hector","https://imslp.org/wiki/À_travers_chants_(Berlioz,_Hector)",,,Romantic,,,Romantic,,4360
À travers la pensée,"Godefroid, Félix","https://imslp.org/wiki/À_travers_la_pensée_(Godefroid,_Félix)",1 piano,,Romantic,,,Romantic,,1235
À travers les pays slaves,"Rebikov, Vladimir","https://imslp.org/wiki/À_travers_les_pays_slaves_(Rebikov,_Vladimir)",Piano,,Romantic,,1906-07,Romantic,,1816
"À un bébé, Op.221","Renard, Casimir","https://imslp.org/wiki/À_un_bébé,_Op.221_(Renard,_Casimir)","voice, piano",,Early 20th century,,,Romantic,,38
À un cochon,"Roberty, Henry","https://imslp.org/wiki/À_un_cochon_(Roberty,_Henry)","narrator, piano",G major,Romantic,,,Romantic,,13
À un portrait,"Denza, Luigi","https://imslp.org/wiki/À_un_portrait_(Denza,_Luigi)","voice, piano",,Romantic,,,Romantic,,49
À un souvenir,"Duvernoy, Frédéric","https://imslp.org/wiki/À_un_souvenir_(Duvernoy,_Frédéric)","voice, piano (or harp)",F major,Romantic,,,Classical,,33
"À une bourse, CG 322","Gounod, Charles","https://imslp.org/wiki/À_une_bourse,_CG_322_(Gounod,_Charles)","voice, piano",,Romantic,,1868,Romantic,,1021
À une enfant blonde,"Arène, Louis","https://imslp.org/wiki/À_une_enfant_blonde_(Arène,_Louis)","voice, piano",G major,Romantic,,,Romantic,,10
À une femme,"Bachlund, Gary","https://imslp.org/wiki/À_une_femme_(Bachlund,_Gary)","baritone, piano",,Modern,,2009,Modern,2 minutes,218
À une femme,"Foscarina, Mario","https://imslp.org/wiki/À_une_femme_(Foscarina,_Mario)","voice, piano",,Romantic,,,Romantic,,33
À une femme,"Massé, Victor","https://imslp.org/wiki/À_une_femme_(Massé,_Victor)","Voice, Piano",,Romantic,,,Romantic,,362
À une fille de Capri,"Charpentier, Gustave","https://imslp.org/wiki/À_une_fille_de_Capri_(Charpentier,_Gustave)","Voice, Piano",,Romantic,,1888,Romantic,,322
À une fleur,"Bizet, Georges","https://imslp.org/wiki/À_une_fleur_(Bizet,_Georges)",Voice and Piano,G major,Romantic,,1866,Romantic,,3891
À une fleur,"Lacôme d'Estalenx, Paul","https://imslp.org/wiki/À_une_fleur_(Lacôme_d'Estalenx,_Paul)","Voice, Piano",E major,Romantic,,,Romantic,,302
À une fleur,"Pessard, Émile","https://imslp.org/wiki/À_une_fleur_(Pessard,_Émile)","Voice, Piano",,Romantic,,,Romantic,,283
"À une jeune fille, CG 323","Gounod, Charles","https://imslp.org/wiki/À_une_jeune_fille,_CG_323_(Gounod,_Charles)","voice, piano",,Romantic,,1868,Romantic,,1584
"À une jeune grecque, CG 324","Gounod, Charles","https://imslp.org/wiki/À_une_jeune_grecque,_CG_324_(Gounod,_Charles)","voice, piano",D minor,Romantic,,1860,Romantic,,2
À une jeune mère,"Meyerbeer, Giacomo","https://imslp.org/wiki/À_une_jeune_mère_(Meyerbeer,_Giacomo)","Voice, Piano",G major,Romantic,,1839 or before,Romantic,,1030
À une mère,"O'Kelly, Joseph","https://imslp.org/wiki/À_une_mère_(O'Kelly,_Joseph)","voice, piano",B-flat major,Romantic,,,Romantic,,6
À une étoile,"Diémer, Louis","https://imslp.org/wiki/À_une_étoile_(Diémer,_Louis)","mezzo-soprano or baritone, piano",G-flat major,Romantic,,,Romantic,,208
À une étrangère,"Nadaud, Gustave","https://imslp.org/wiki/À_une_étrangère_(Nadaud,_Gustave)","voice, piano",D major,Romantic,,,Romantic,,72
À vos souhaits,"Arban, Jean-Baptiste","https://imslp.org/wiki/À_vos_souhaits_(Arban,_Jean-Baptiste)",piano,F major,Romantic,,,Romantic,,86
À votre santé,"Schacht, Albert M.","https://imslp.org/wiki/À_votre_santé_(Schacht,_Albert_M.)",Orchestra,,Romantic,,,Romantic,,23
Àgìlis,"Baylis, Alfred","https://imslp.org/wiki/Àgìlis_(Baylis,_Alfred)",piano,E-flat major,Romantic,,,Romantic,,19
Àl là gà zam,"Metz, Theodore A.","https://imslp.org/wiki/Àl_là_gà_zam_(Metz,_Theodore_A.)","voice, piano",F major,Romantic,,,Romantic,,10
Às clarinhas e às moreninhas,"Callado, Joaquim","https://imslp.org/wiki/Às_clarinhas_e_às_moreninhas_(Callado,_Joaquim)","voice, piano",A minor,Romantic,,,Romantic,,19
Á Finnafjallsins auðn,Björgvin Guðmundsson,https://imslp.org/wiki/Á_Finnafjallsins_auðn_(Björgvin_Guðmundsson),male chorus (TTBB),F minor,Romantic,,1937,Romantic,,11
Á Finnafjallsins auðn,"Guðmundsson, Björgvin","https://imslp.org/wiki/Á_Finnafjallsins_auðn_(Guðmundsson,_Björgvin)",male chorus (TTBB),F minor,Romantic,,1937,Romantic,,11
Á Sprengisandi,"Blöndal, Þorvaldur","https://imslp.org/wiki/Á_Sprengisandi_(Blöndal,_Þorvaldur)",male chorus (TTBB),A minor,Romantic,,,Romantic,,7
Á Sprengisandi,Halldór Jónsson,https://imslp.org/wiki/Á_Sprengisandi_(Halldór_Jónsson),"voice, harmonium (or piano)",D minor,Romantic,,,Romantic,,7
Á Sprengisandi,"Kaldalóns, Sigvaldi","https://imslp.org/wiki/Á_Sprengisandi_(Kaldalóns,_Sigvaldi)","voice, piano",G minor,Romantic,,,Romantic,,22
Á Sprengisandi,Sigfús Einarsson,https://imslp.org/wiki/Á_Sprengisandi_(Sigfús_Einarsson),"male chorus (TTBB); voice, harmonium",A minor,Romantic,,,Romantic,,23
Á Sprengisandi,"Thorsteinson, Árni","https://imslp.org/wiki/Á_Sprengisandi_(Thorsteinson,_Árni)",male chorus (TTBB,G minor,Romantic,,,Romantic,,4
Á Sprengisandi,Árni Thorsteinson,https://imslp.org/wiki/Á_Sprengisandi_(Árni_Thorsteinson),male chorus (TTBB,G minor,Romantic,,,Romantic,,4
Á föstudaginn langa,Guðrún Böðvarsdóttir,https://imslp.org/wiki/Á_föstudaginn_langa_(Guðrún_Böðvarsdóttir),mixed chorus (SATB),F minor,Romantic,,,Early 20th century,,26
Á föstudaginn langa,"Kaldalóns, Sigvaldi","https://imslp.org/wiki/Á_föstudaginn_langa_(Kaldalóns,_Sigvaldi)",mixed chorus (SATB),G major,Romantic,,,Romantic,,10
Á gróðrarstöð,"Laxdal, Jón","https://imslp.org/wiki/Á_gróðrarstöð_(Laxdal,_Jón)","voice, piano",F minor,Romantic,,,Romantic,,21
Á hendur fel þú honum,Gunnsteinn Eyjólfsson,https://imslp.org/wiki/Á_hendur_fel_þú_honum_(Gunnsteinn_Eyjólfsson),mixed chorus (SATB),E-flat major,Romantic,,,Romantic,,9
Á ströndu,"Friðfinnsson, Jón","https://imslp.org/wiki/Á_ströndu_(Friðfinnsson,_Jón)",mixed chorus (SATB),F major,Romantic,,,Romantic,,4
Á ströndu,Jón Friðfinnsson,https://imslp.org/wiki/Á_ströndu_(Jón_Friðfinnsson),mixed chorus (SATB),F major,Romantic,,,Romantic,,4
Á útleið,"Pálsson, Ísólfur","https://imslp.org/wiki/Á_útleið_(Pálsson,_Ísólfur)","voice, piano",C major,Romantic,,,Romantic,,8
Á útleið,Ísólfur Pálsson,https://imslp.org/wiki/Á_útleið_(Ísólfur_Pálsson),"voice, piano",C major,Romantic,,,Romantic,,8
"Á þig, Jesú Krist, ég kalla",Björgvin Guðmundsson,"https://imslp.org/wiki/Á_þig,_Jesú_Krist,_ég_kalla_(Björgvin_Guðmundsson)",mixed chorus (SATB),F major,Romantic,,1920,Romantic,,26
"Á þig, Jesú Krist, ég kalla","Guðmundsson, Björgvin","https://imslp.org/wiki/Á_þig,_Jesú_Krist,_ég_kalla_(Guðmundsson,_Björgvin)",mixed chorus (SATB),F major,Romantic,,1920,Romantic,,26
Áfram,Árni Thorsteinson,https://imslp.org/wiki/Áfram_(Árni_Thorsteinson),"voice, piano",C major,Romantic,,,Romantic,,20
"Água e óleo, Op.11","Tripodi, Leandro","https://imslp.org/wiki/Água_e_óleo,_Op.11_(Tripodi,_Leandro)",piano,C major,Modern,,2020,Modern,2-3 minutes,77
"Água-marinha, Op.14","Votta, Alfredo","https://imslp.org/wiki/Água-marinha,_Op.14_(Votta,_Alfredo)",piano,,Modern,,2000-2001,Modern,,1041
Álamo blanco,"Marín García, Luis Ignacio","https://imslp.org/wiki/Álamo_blanco_(Marín_García,_Luis_Ignacio)",Mixed Chorus,C major / A minor,Modern,,1981,Modern,3 minutes,612
Álbum Familiar,"Sánchez-Rando Cañas, Daniel","https://imslp.org/wiki/Álbum_Familiar_(Sánchez-Rando_Cañas,_Daniel)",piano,,Romantic,,2020-21,Modern,,72
Álbum de Valses,"Lecuona, Ernesto","https://imslp.org/wiki/Álbum_de_Valses_(Lecuona,_Ernesto)",piano,,Romantic,,,Early 20th century,,303
Álbum de canto,"Monasterio, Jesús de","https://imslp.org/wiki/Álbum_de_canto_(Monasterio,_Jesús_de)","voice, piano (No.4: 2 voices, piano/organ)",,Romantic,,,Romantic,,148
"Álbum de viaje, Op.15","Turina, Joaquín","https://imslp.org/wiki/Álbum_de_viaje,_Op.15_(Turina,_Joaquín)",piano,,Early 20th century,,1915,Early 20th century,,384
"Áldalak búval, vigalommal","Beischer-Matyó, Tamás","https://imslp.org/wiki/Áldalak_búval,_vigalommal_(Beischer-Matyó,_Tamás)",mixed choir (SATB),E-flat major,Modern,,1994,Modern,"3,5 minutes",233
Álfadans á þrettándakvöld,"Helgason, Helgi","https://imslp.org/wiki/Álfadans_á_þrettándakvöld_(Helgason,_Helgi)","voice, mixed chorus (SATB)",C major,Romantic,,,Romantic,,17
Álfadans á þrettándakvöld,Helgi Helgason,https://imslp.org/wiki/Álfadans_á_þrettándakvöld_(Helgi_Helgason),"voice, mixed chorus (SATB)",C major,Romantic,,,Romantic,,17
Álfafell,"Thorsteinson, Árni","https://imslp.org/wiki/Álfafell_(Thorsteinson,_Árni)","baritone solo, male chorus (TTBB)",G minor,Romantic,,,Romantic,,11
Álfafell,Árni Thorsteinson,https://imslp.org/wiki/Álfafell_(Árni_Thorsteinson),"baritone solo, male chorus (TTBB)",G minor,Romantic,,,Romantic,,11
Álfaleikur,Halldór Jónsson,https://imslp.org/wiki/Álfaleikur_(Halldór_Jónsson),"voice, harmonium (or piano)",C minor,Romantic,,,Romantic,,9
Álfareiðin,Halldór Jónsson,https://imslp.org/wiki/Álfareiðin_(Halldór_Jónsson),"voice, harmonium (or piano)",F major,Romantic,,,Romantic,,6
Álfasöngur,"Einarsson, Sigfús","https://imslp.org/wiki/Álfasöngur_(Einarsson,_Sigfús)","voice, harmonium",D minor,Romantic,,,Romantic,,11
Álfasöngur,Sigfús Einarsson,https://imslp.org/wiki/Álfasöngur_(Sigfús_Einarsson),"voice, harmonium",D minor,Romantic,,,Romantic,,11
Álfasöngur á gamlaárskvöld,"Einarsson, Magnús","https://imslp.org/wiki/Álfasöngur_á_gamlaárskvöld_(Einarsson,_Magnús)","solo voice, male chorus (TTBB)",G major,Romantic,,,Romantic,,7
Álfasöngur á gamlaárskvöld,Magnús Einarsson,https://imslp.org/wiki/Álfasöngur_á_gamlaárskvöld_(Magnús_Einarsson),"solo voice, male chorus (TTBB)",G major,Romantic,,,Romantic,,7
"Álldott vagy szent város, te boldog Bethlehem!","Lovas, Imre","https://imslp.org/wiki/Álldott_vagy_szent_város,_te_boldog_Bethlehem!_(Lovas,_Imre)","mixed chorus, organ (or keyboard)",C major,Classical,,2019,Modern,1 minute,60
"Álmatlanság, Op.48","Weber, Kristof J.","https://imslp.org/wiki/Álmatlanság,_Op.48_(Weber,_Kristof_J.)",snare drum,,Modern,,2003,Modern,12 minutes,1767
"Ángela, Op.113","Paredes, Francisco","https://imslp.org/wiki/Ángela,_Op.113_(Paredes,_Francisco)","voice, piano",E minor,Romantic,,1920,Romantic,,0
Árbol de navidad,"Barradas, Carmen","https://imslp.org/wiki/Árbol_de_navidad_(Barradas,_Carmen)",piano,,Early 20th century,,,Early 20th century,,21
Árbol querido,"Villar, Manuel","https://imslp.org/wiki/Árbol_querido_(Villar,_Manuel)","voice, piano",,Romantic,,,Romantic,,395
Ária,"Fragoso, António","https://imslp.org/wiki/Ária_(Fragoso,_António)",piano,G minor,Romantic,,,Romantic,,160
Ária I,"Marques, Diego","https://imslp.org/wiki/Ária_I_(Marques,_Diego)","flute, piano",E minor,Modern,,2021,Modern,,125
"Árva lány haj a suvegem bokrétája, Op.38","Kéler, Béla","https://imslp.org/wiki/Árva_lány_haj_a_suvegem_bokrétája,_Op.38_(Kéler,_Béla)","Voice, Piano",,Romantic,,,Romantic,,132
Árvore-da-Felicidade,"Mattos, Fernando","https://imslp.org/wiki/Árvore-da-Felicidade_(Mattos,_Fernando)","soprano, Brazilian viola",,Modern,,2011,Modern,4.5 minutes,432
"Áræði, dirfska og orka og kraftur",Árni Beinteinn Gíslason,"https://imslp.org/wiki/Áræði,_dirfska_og_orka_og_kraftur_(Árni_Beinteinn_Gíslason)",male chorus (TTBB),E-flat major,Romantic,,1895,Romantic,,6
Ástarbönd,Halldór Jónsson,https://imslp.org/wiki/Ástarbönd_(Halldór_Jónsson),"voice, harmonium (or piano)",C major,Romantic,,,Romantic,,7
Ástarjátning til Íslands,"Kaldalóns, Sigvaldi","https://imslp.org/wiki/Ástarjátning_til_Íslands_(Kaldalóns,_Sigvaldi)",male chorus (TTBB),D major,Romantic,,,Romantic,,8
Ástmey alstaðar,"Blöndal, Þorvaldur","https://imslp.org/wiki/Ástmey_alstaðar_(Blöndal,_Þorvaldur)",male chorus (TTBB),B minor,Romantic,,,Romantic,,5
"Âme chérie, Op.218","Egghard, Jules","https://imslp.org/wiki/Âme_chérie,_Op.218_(Egghard,_Jules)",piano,E-flat major,Romantic,,,Romantic,,58
Âmes d'enfants,"Cras, Jean","https://imslp.org/wiki/Âmes_d'enfants_(Cras,_Jean)",piano 6-hands,,Early 20th century,,1918 (February),Early 20th century,,9626
"Âmes en partance, Op.2173","Marcoux, Jean-François","https://imslp.org/wiki/Âmes_en_partance,_Op.2173_(Marcoux,_Jean-François)","bansuri, guitar",,Modern,,2026,Modern,2 minutes,0
Âmes obscures,"Massenet, Jules","https://imslp.org/wiki/Âmes_obscures_(Massenet,_Jules)","voice, piano",,Romantic,,,Romantic,,986
"Ânes et sauterelles, Op.13","Scherek, Max","https://imslp.org/wiki/Ânes_et_sauterelles,_Op.13_(Scherek,_Max)","violin, piano",G major,Romantic,,,Romantic,,371
"Ägyptischer Marsch, Op.335","Strauss Jr., Johann","https://imslp.org/wiki/Ägyptischer_Marsch,_Op.335_(Strauss_Jr.,_Johann)",orchestra,E minor,Romantic,,1869,Romantic,,11210
Ägyptisches Motiv,"Schüz, Alfred","https://imslp.org/wiki/Ägyptisches_Motiv_(Schüz,_Alfred)",piano,A minor,Romantic,,,Romantic,,779
Älfsborgslåtar,"Löfgren, Albert","https://imslp.org/wiki/Älfsborgslåtar_(Löfgren,_Albert)",wind band,B-flat major,Romantic,,,Romantic,,23
"Älven, Op.33","Atterberg, Kurt","https://imslp.org/wiki/Älven,_Op.33_(Atterberg,_Kurt)",orchestra,,Early 20th century,,1929 (revised 1930 or 1933?),Early 20th century,22 minutes,11
Älvkarlebyvalsen,"Widqvist, Viktor","https://imslp.org/wiki/Älvkarlebyvalsen_(Widqvist,_Viktor)",wind band,A-flat major,Romantic,,,Romantic,,12
Älä itke äitini Op.21,"Merikanto, Oskar","https://imslp.org/wiki/Älä_itke_äitini_Op.21_(Merikanto,_Oskar)",piano,B-flat minor,Romantic,,1890,Romantic,,64
Ännchen von Tharau,"Silcher, Friedrich","https://imslp.org/wiki/Ännchen_von_Tharau_(Silcher,_Friedrich)",male chorus (TTBB),,Romantic,,,Romantic,,74
"Ännchen von Tharau, Op.44","Hofmann, Heinrich","https://imslp.org/wiki/Ännchen_von_Tharau,_Op.44_(Hofmann,_Heinrich)","Voices : 2 sopranos, tenor, baritone, high bass, bass + mixed chorus (SATB) Orchestra",,Romantic,,,Romantic,,20
Äquinoktialstürme,"Lachner, Vinzenz","https://imslp.org/wiki/Äquinoktialstürme_(Lachner,_Vinzenz)",male chorus (TTBB),C minor,Romantic,,1845 ca.,Romantic,2.5 minutes,103
Är det hela tidsfördrivet?,"Roman, Johan Helmich","https://imslp.org/wiki/Är_det_hela_tidsfördrivet?_(Roman,_Johan_Helmich)","Voice, continuo",E minor,Baroque,,1740's?,Baroque,4 minutes,1524
"Ärgre dich, o Seele, nicht, BWV 186","Bach, Johann Sebastian","https://imslp.org/wiki/Ärgre_dich,_o_Seele,_nicht,_BWV_186_(Bach,_Johann_Sebastian)","soprano, alto, tenor, bass; mixed chorus (SATB), orchestra",G minor,Baroque,,1723 in Leipzig,Baroque,,12725
"Ärgre dich, o Seele, nicht, BWV 186a","Bach, Johann Sebastian","https://imslp.org/wiki/Ärgre_dich,_o_Seele,_nicht,_BWV_186a_(Bach,_Johann_Sebastian)","soprano, alto, tenor, bass; mixed chorus (SATB), orchestra",G minor,Baroque,,1716,Baroque,17:18 minutes,2300
Äärettömät heijastukset,"Farn, Kat","https://imslp.org/wiki/Äärettömät_heijastukset_(Farn,_Kat)",violin,,Modern,,2021-24,Modern,8 minutes,281
Ånger,"Norman, Ludvig","https://imslp.org/wiki/Ånger_(Norman,_Ludvig)","voice, piano",C major,Romantic,,1879,Romantic,1-5 minutes,45
Årstiderna,"Petre, Torsten","https://imslp.org/wiki/Årstiderna_(Petre,_Torsten)",Piano,,Early 20th century,,,Romantic,,151
Årstidsbilder,"Lie, Sigurd","https://imslp.org/wiki/Årstidsbilder_(Lie,_Sigurd)",Piano,,Romantic,,,Romantic,,259
Æ gær så jawn o' plower,"Eskesen, Morten","https://imslp.org/wiki/Æ_gær_så_jawn_o'_plower_(Eskesen,_Morten)","voice, piano",C major,Romantic,,,Romantic,,9
Æ lastræ,"Nielsen, Carl","https://imslp.org/wiki/Æ_lastræ_(Nielsen,_Carl)","voice, piano",E-flat major,Romantic,,,Romantic,,9
"Æ, hvar er blómið blíða?","Kaldalóns, Sigvaldi","https://imslp.org/wiki/Æ,_hvar_er_blómið_blíða?_(Kaldalóns,_Sigvaldi)",mixed chorus (SATB); male chorus (TTBB),E-flat major,Romantic,,,Romantic,,12
Æbeltoft Hornpipe,"Messerschmidt, Hans Jorgen","https://imslp.org/wiki/Æbeltoft_Hornpipe_(Messerschmidt,_Hans_Jorgen)",trumpet,C major,Modern,,2015,Modern,1 minutes,5
Ældre og nyere Norske fjeldmelodier,"Lindeman, Ludvig Mathias","https://imslp.org/wiki/Ældre_og_nyere_Norske_fjeldmelodier_(Lindeman,_Ludvig_Mathias)","piano; voice, piano",,Romantic,,,Romantic,,2283
Æolsharfe,"Förster, Lukas","https://imslp.org/wiki/Æolsharfe_(Förster,_Lukas)","soprano, flute, cello",,Modern,,2018,Modern,,136
Æskulýðshvöt,"Laxdal, Jón","https://imslp.org/wiki/Æskulýðshvöt_(Laxdal,_Jón)",mixed chorus (SATB),C major,Romantic,,,Romantic,,6
Æsop's Fables,"Hill, Mabel Wood","https://imslp.org/wiki/Æsop's_Fables_(Hill,_Mabel_Wood)","Voice, Piano",1. C minor 2. G minor 3. D minor 4. D major 5. B minor 6. D minor 7. D minor,Early 20th century,,,Early 20th century,,247
Æterne rerum conditor,"Beischer-Matyó, Tamás","https://imslp.org/wiki/Æterne_rerum_conditor_(Beischer-Matyó,_Tamás)",mixed chorus (SATB),,Modern,,2016,Modern,"5,5 minutes",366
Æther,"Nobles, Jordan","https://imslp.org/wiki/Æther_(Nobles,_Jordan)","open, for chamber ensemble",,Modern,,2011,Modern,6 minutes,402
Æther (for treble choir),"Nobles, Jordan","https://imslp.org/wiki/Æther_(for_treble_choir)_(Nobles,_Jordan)","open, for chamber ensemble",,Modern,,2011,Modern,6 minutes,402
Ætti ég hörpu,Pétur Sigurðsson,https://imslp.org/wiki/Ætti_ég_hörpu_(Pétur_Sigurðsson),"voice, piano",E-flat major,Romantic,,,Romantic,,9
Ætti ég hörpu,"Sigurðsson, Pétur","https://imslp.org/wiki/Ætti_ég_hörpu_(Sigurðsson,_Pétur)","voice, piano",E-flat major,Romantic,,,Romantic,,10
Ça c'est un coup d'veine,"Jacques, Georges","https://imslp.org/wiki/Ça_c'est_un_coup_d'veine_(Jacques,_Georges)","voice, piano",F major,Early 20th century,,,Early 20th century,,10
"Ça c'est un' femme, Op.9","Clément, Marcel","https://imslp.org/wiki/Ça_c'est_un'_femme,_Op.9_(Clément,_Marcel)","voice, piano",G major,Romantic,,,Early 20th century,,13
"Ça fait peur aux oiseaux, Op.108","Bernard, Paul","https://imslp.org/wiki/Ça_fait_peur_aux_oiseaux,_Op.108_(Bernard,_Paul)",piano,,Romantic,,,Romantic,,87
Ça fait rêver la Femme,"Maquis, Gaston","https://imslp.org/wiki/Ça_fait_rêver_la_Femme_(Maquis,_Gaston)",voice,,Romantic,,,Romantic,,8
Ça gaze,"Popy, Francis","https://imslp.org/wiki/Ça_gaze_(Popy,_Francis)",salon orchestra,,Early 20th century,,,Romantic,,313
Ça glisse!,"Claveaud-Vérinas, Ernest","https://imslp.org/wiki/Ça_glisse!_(Claveaud-Vérinas,_Ernest)",piano,,Romantic,,,Romantic,,26
Ça ira?,"Mondrup, Christian","https://imslp.org/wiki/Ça_ira?_(Mondrup,_Christian)",Mixed chorus (SATB),,Modern,,2001,Modern,,1224
Ça mérite des beignes,"Sieulle, Joseph","https://imslp.org/wiki/Ça_mérite_des_beignes_(Sieulle,_Joseph)","voice, piano",B-flat major,Romantic,,,Romantic,,10
Ça n'me r'garde pas,"Cressonnois, Paul","https://imslp.org/wiki/Ça_n'me_r'garde_pas_(Cressonnois,_Paul)","voice, piano",G major,Romantic,,,Romantic,,21
Ça n'se voit pas,"Perronnet, Amélie","https://imslp.org/wiki/Ça_n'se_voit_pas_(Perronnet,_Amélie)","Voice, piano",F major,Romantic,,,Romantic,,89
Ça ne vaut pas la Tour Eiffel,"Dihau, Désiré","https://imslp.org/wiki/Ça_ne_vaut_pas_la_Tour_Eiffel_(Dihau,_Désiré)","voice, piano",E-flat major,Romantic,,,Romantic,,27
Ça produit des Hoche,"Dupré, Eugène","https://imslp.org/wiki/Ça_produit_des_Hoche_(Dupré,_Eugène)","voice, piano",D major,Romantic,,,Romantic,,10
Ça rafraîchit,"Dhéria, Eugène","https://imslp.org/wiki/Ça_rafraîchit_(Dhéria,_Eugène)","voice, piano",A major,Romantic,,,Romantic,,10
"Ça s'donn' ça s'prend, Op.182","Bernard, Jean","https://imslp.org/wiki/Ça_s'donn'_ça_s'prend,_Op.182_(Bernard,_Jean)","voice, piano",C major,Romantic,,,Romantic,,21
"Ça s'passe, Op.201","Bernard, Jean","https://imslp.org/wiki/Ça_s'passe,_Op.201_(Bernard,_Jean)","voice, piano",G major,Romantic,,,Romantic,,10
"Ça va bien, ça va loin!","Gauwin, Adolphe","https://imslp.org/wiki/Ça_va_bien,_ça_va_loin!_(Gauwin,_Adolphe)","voice, orchestra",F major,Romantic,,,Romantic,,11
Ça va-t-y? pis toi?,"Karquel, André","https://imslp.org/wiki/Ça_va-t-y?_pis_toi?_(Karquel,_André)","voice, piano",F major,Early 20th century,,,Early 20th century,,11
Ça y est bien,"Rieffler, Tony","https://imslp.org/wiki/Ça_y_est_bien_(Rieffler,_Tony)","voice, piano",F major,Romantic,,,Romantic,,13
"Ça, c'est un As!","Dédé, Eugène","https://imslp.org/wiki/Ça,_c'est_un_As!_(Dédé,_Eugène)","voice, piano",,Early 20th century,,,Romantic,,1
Çal papaq,"Folk Songs, Azerbaijani","https://imslp.org/wiki/Çal_papaq_(Folk_Songs,_Azerbaijani)",voices,,Traditional,,,,,98
"Çal, oyna","Folk Songs, Azerbaijani","https://imslp.org/wiki/Çal,_oyna_(Folk_Songs,_Azerbaijani)",voices,,Traditional,,,,,92
Çalın Davullar,"Alıcıoğlu, Şafak","https://imslp.org/wiki/Çalın_Davullar_(Alıcıoğlu,_Şafak)","2 violins, viola, cello",C major,Modern,,,Modern,,3308
Çanakkale Türküsü,"Gencer, Ali Yunus","https://imslp.org/wiki/Çanakkale_Türküsü_(Gencer,_Ali_Yunus)",mixed chorus (SATB),,Traditional (folk),,2021,Modern,2 minutes,20
"Çançunik, Op.79","Schmitt, Florent","https://imslp.org/wiki/Çançunik,_Op.79_(Schmitt,_Florent)",orchestra,,Early 20th century,,,Early 20th century,,563
Çit tuman,"Folk Songs, Azerbaijani","https://imslp.org/wiki/Çit_tuman_(Folk_Songs,_Azerbaijani)",voices,,Traditional,,,,,88
Çiçek Dağı,"Alıcıoğlu, Şafak","https://imslp.org/wiki/Çiçek_Dağı_(Alıcıoğlu,_Şafak)","2 violins, viola, cello",,Early 20th century,,,Modern,,1745
"Çà, bergers, assemblons-nous.","Rondeau, Michel","https://imslp.org/wiki/Çà,_bergers,_assemblons-nous._(Rondeau,_Michel)","mixed chorus (SATB), 2 trumpets, trombone, bass trombone, timpani, organ (arranged)",A major,Baroque,,2016,Modern,3 minutes,704
Çıxdı günəş,"Folk Songs, Azerbaijani","https://imslp.org/wiki/Çıxdı_günəş_(Folk_Songs,_Azerbaijani)",voices,,Traditional,,,,,90
"Çək, şumla yeri","Folk Songs, Azerbaijani","https://imslp.org/wiki/Çək,_şumla_yeri_(Folk_Songs,_Azerbaijani)",voices,,Traditional,,,,,88
"È Natale, Op.36","Caputi, Omar","https://imslp.org/wiki/È_Natale,_Op.36_(Caputi,_Omar)","voice, organ",C major,Modern,,2019,Modern,4 minutes,164
È bello rendere grazie al Signore,"Stella, Simone","https://imslp.org/wiki/È_bello_rendere_grazie_al_Signore_(Stella,_Simone)","voice, mixed chorus (SATB, ad lib.), organ",C-sharp minor,Traditional (folk),,2025,Modern,,31
È ben chiara ragione,"Fago, Francesco Nicola","https://imslp.org/wiki/È_ben_chiara_ragione_(Fago,_Francesco_Nicola)","soprano, continuo",,Baroque,,,Baroque,,18
È fenute,"Denza, Luigi","https://imslp.org/wiki/È_fenute_(Denza,_Luigi)","voice, piano",D minor,Romantic,,,Romantic,2 minutes,80
È follia se nascondete,"Venier, Gerolamo","https://imslp.org/wiki/È_follia_se_nascondete_(Venier,_Gerolamo)","soprano, 2 violins, viola, continuo",,Baroque,,1743,Baroque,,6
È giunto il nostro ultimo autunno,"Alfano, Franco","https://imslp.org/wiki/È_giunto_il_nostro_ultimo_autunno_(Alfano,_Franco)","voice, piano",,Romantic,,1943,Romantic,,0
È gran pena l'amare,"Scarlatti, Alessandro","https://imslp.org/wiki/È_gran_pena_l'amare_(Scarlatti,_Alessandro)","soprano, continuo",,Baroque,,,Baroque,,9
È il giorno del suono delle trombe,"Donella, Valentino","https://imslp.org/wiki/È_il_giorno_del_suono_delle_trombe_(Donella,_Valentino)","4 horns, 4 trumpets, 4 trombones, tuba",,Modern,,1984,Modern,,222
È la rosa regina del fiori,"Bononcini, Giovanni","https://imslp.org/wiki/È_la_rosa_regina_del_fiori_(Bononcini,_Giovanni)","soprano, continuo",F major,Baroque,,,Baroque,,6
"È la speme un desio tormentoso, H.227","Scarlatti, Alessandro","https://imslp.org/wiki/È_la_speme_un_desio_tormentoso,_H.227_(Scarlatti,_Alessandro)","soprano, continuo",,Baroque,,1704-10-16,Baroque,,31
È morta,"Longoni, Eugenio","https://imslp.org/wiki/È_morta_(Longoni,_Eugenio)","soprano, piano",,Romantic,,,Romantic,,17
È morta!,"Denza, Luigi","https://imslp.org/wiki/È_morta!_(Denza,_Luigi)","voice, piano",,Romantic,,,Romantic,,9
È morto Pulcinella!,"Tosti, Francesco Paolo","https://imslp.org/wiki/È_morto_Pulcinella!_(Tosti,_Francesco_Paolo)","Voice, Piano",,Romantic,,,Romantic,,1486
È nato Gesù,"Pozzoli, Ettore","https://imslp.org/wiki/È_nato_Gesù_(Pozzoli,_Ettore)",organ,,Early 20th century,,,Early 20th century,,78
È nato il Signore,"Donella, Valentino","https://imslp.org/wiki/È_nato_il_Signore_(Donella,_Valentino)","mixed chorus (ATB), organ",,Modern,,,Modern,,179
È nato per noi un bambino,"Donella, Valentino","https://imslp.org/wiki/È_nato_per_noi_un_bambino_(Donella,_Valentino)","soprano, tenor, organ",,Modern,,1995,Modern,,238
"È nobil vanto del bendato arciero, WM 72","Mancini, Francesco","https://imslp.org/wiki/È_nobil_vanto_del_bendato_arciero,_WM_72_(Mancini,_Francesco)","soprano, continuo",,Baroque,,,Baroque,,47
"È penar degg'io ancora, H.229","Scarlatti, Alessandro","https://imslp.org/wiki/È_penar_degg'io_ancora,_H.229_(Scarlatti,_Alessandro)","soprano, continuo",,Baroque,,1701,Baroque,,97
È pur dolce a un cor legato,"Ariosti, Attilio","https://imslp.org/wiki/È_pur_dolce_a_un_cor_legato_(Ariosti,_Attilio)","soprano, continuo",G minor,Baroque,,,Baroque,,10
"È pur dolce amare, L.75","Astorga, Emanuele","https://imslp.org/wiki/È_pur_dolce_amare,_L.75_(Astorga,_Emanuele)","contralto, continuo",,Baroque,,,Baroque,,38
"È pur dolce è pur soave, S.415","Marcello, Benedetto","https://imslp.org/wiki/È_pur_dolce_è_pur_soave,_S.415_(Marcello,_Benedetto)","soprano, alto, continuo",,Baroque,,,Baroque,,277
"È pure il gran tormento, H.234","Scarlatti, Alessandro","https://imslp.org/wiki/È_pure_il_gran_tormento,_H.234_(Scarlatti,_Alessandro)","soprano (or alto), continuo",,Baroque,,,Baroque,,12
È pure un gran portento,"Vinci, Leonardo","https://imslp.org/wiki/È_pure_un_gran_portento_(Vinci,_Leonardo)","soprano, continuo",,Baroque,,,Baroque,,49
È qual chosa,"Caldara, Antonio","https://imslp.org/wiki/È_qual_chosa_(Caldara,_Antonio)",Soprano and continuo,,Baroque,,,Baroque,,1726
"È spento il tempo ormai, Op.25","Lipiński, Karol Józef","https://imslp.org/wiki/È_spento_il_tempo_ormai,_Op.25_(Lipiński,_Karol_Józef)","violin, piano or orchestra or string orchestra (string quartet)",,Romantic,,,Romantic,,521
È troppo misero questo mio cuore,"Piccinni, Niccolò","https://imslp.org/wiki/È_troppo_misero_questo_mio_cuore_(Piccinni,_Niccolò)","soprano, strings",G major,Classical,,,Classical,,26
È un martirio della costanza,"Caldara, Antonio","https://imslp.org/wiki/È_un_martirio_della_costanza_(Caldara,_Antonio)","bass, continuo",,Baroque,,,Baroque,,66
È venuto lo straniero,"Donella, Valentino","https://imslp.org/wiki/È_venuto_lo_straniero_(Donella,_Valentino)","mezzo-soprano, orchestra",,Modern,,1972,Modern,,121
Èr èr bā jì nìan gē,"Wong, Fu Tong","https://imslp.org/wiki/Èr_èr_bā_jì_nìan_gē_(Wong,_Fu_Tong)","Voice, Piano",,Non-western classical,,,Modern,,0
Ève,"Massenet, Jules","https://imslp.org/wiki/Ève_(Massenet,_Jules)","3 vocal soloists (soprano, tenor, baritone), mixed chorus, orchestra",,Romantic,,1874,Romantic,,1626
"É Lamp, é Lamp, é Lampa","Folk Songs, Brazilian","https://imslp.org/wiki/É_Lamp,_é_Lamp,_é_Lampa_(Folk_Songs,_Brazilian)","voice, unison chorus",,Traditional (folk),,,,,17
"É Natal, Op.15","Augusto, Pedro Manuel","https://imslp.org/wiki/É_Natal,_Op.15_(Augusto,_Pedro_Manuel)","3 voices, electric guitar, electric bass",D major,Modern,,2020,Modern,8 minutes,104
É Synorol!...,"Freire Jr., Francisco José","https://imslp.org/wiki/É_Synorol!..._(Freire_Jr.,_Francisco_José)","voice, piano",E-flat major,Early 20th century,,,Early 20th century,,3
É a ti que eu amo!...,"Silva, Thomaz Fernandes da","https://imslp.org/wiki/É_a_ti_que_eu_amo!..._(Silva,_Thomaz_Fernandes_da)",piano,D minor,Early 20th century,,,Early 20th century,,15
"É agora!.., Op.196","Cavalcanti, Aurélio","https://imslp.org/wiki/É_agora!..,_Op.196_(Cavalcanti,_Aurélio)",piano,B-flat major,Romantic,,,Romantic,,13
É assim que eu gosto...,"Souto, Eduardo","https://imslp.org/wiki/É_assim_que_eu_gosto..._(Souto,_Eduardo)",piano,C major,Early 20th century,,1919,Early 20th century,,49
É batucada,Caninha,https://imslp.org/wiki/É_batucada_(Caninha),"voice, popular ensemble (of unknown instrumentation)",F major,Early 20th century,,1933,Early 20th century,,8
É bela,"Torres, José Ferreira","https://imslp.org/wiki/É_bela_(Torres,_José_Ferreira)",piano,E-flat major,Romantic,,1891,Early 20th century,,14
É bonita!...,"Ferreira, Cruz","https://imslp.org/wiki/É_bonita!..._(Ferreira,_Cruz)",piano,C major,Romantic,,,Romantic,,15
É bonita?,"Penna, Americo Ribeiro","https://imslp.org/wiki/É_bonita?_(Penna,_Americo_Ribeiro)",piano,F major,Romantic,,,Romantic,,8
É dos anjos,"Maciel, Antônio César Ferreira","https://imslp.org/wiki/É_dos_anjos_(Maciel,_Antônio_César_Ferreira)",piano,G minor,Romantic,,,Romantic,,10
É no toco da goiaba,"Souto, Eduardo","https://imslp.org/wiki/É_no_toco_da_goiaba_(Souto,_Eduardo)","piano ; voice, piano",A-flat major,Early 20th century,,1929 ca.,Early 20th century,,17
É o relógio telegráfico,"Mabuchi, Thiago Minoru","https://imslp.org/wiki/É_o_relógio_telegráfico_(Mabuchi,_Thiago_Minoru)",Voice,C major,Modern,,,,,186
É por ti que meu coração palpita,"Silva, Thomaz Fernandes da","https://imslp.org/wiki/É_por_ti_que_meu_coração_palpita_(Silva,_Thomaz_Fernandes_da)",piano,D minor,Early 20th century,,1917 ca.,Early 20th century,,19
É prá frente que se anda,"Barroso, Ary","https://imslp.org/wiki/É_prá_frente_que_se_anda_(Barroso,_Ary)","voice, piano",G major,Early 20th century,,,Early 20th century,,13
É segredo,"Brazil, Ernestina Índia do","https://imslp.org/wiki/É_segredo_(Brazil,_Ernestina_Índia_do)",piano,D-flat major,Romantic,,,Romantic,,64
É segredo,"Zosne, Fausto","https://imslp.org/wiki/É_segredo_(Zosne,_Fausto)",piano,E-flat major,Romantic,,,Romantic,,14
É só na ginga,"Evangelista, João","https://imslp.org/wiki/É_só_na_ginga_(Evangelista,_João)",piano,C major,Early 20th century,,1916,Early 20th century,,22
É sôpa!...,"Souto, Eduardo","https://imslp.org/wiki/É_sôpa!..._(Souto,_Eduardo)",piano,C major,Early 20th century,,,Early 20th century,,17
É tempo ainda!...,"Brandão, Armindo","https://imslp.org/wiki/É_tempo_ainda!..._(Brandão,_Armindo)","voice, guitar (or piano)",C major,Early 20th century,,1909 ca.,Romantic,,18
"É, sim senhor","Souto, Eduardo","https://imslp.org/wiki/É,_sim_senhor_(Souto,_Eduardo)","piano ; voice, piano",B-flat major,Early 20th century,,1928,Early 20th century,,20
"Échelle harmonique du violon, Op.21","Schaffner, Nicolaus Albert","https://imslp.org/wiki/Échelle_harmonique_du_violon,_Op.21_(Schaffner,_Nicolaus_Albert)","violin, cello; 2 violins, cello (last piece)",,Romantic,,,Romantic,,628
"Écho de la Styrie, Op.75","Behr, Franz","https://imslp.org/wiki/Écho_de_la_Styrie,_Op.75_(Behr,_Franz)",piano,F major,Romantic,,,Romantic,,182
"Écho des bois, Op.17","Lalliet, Theodore","https://imslp.org/wiki/Écho_des_bois,_Op.17_(Lalliet,_Theodore)","oboe, piano (or orchestra)",,Romantic,,,Romantic,,26
"Écho du Tyrol, Op.46","Herman, Jules","https://imslp.org/wiki/Écho_du_Tyrol,_Op.46_(Herman,_Jules)","flute, piano",B-flat major,Romantic,,,Romantic,,111
"Écho et Narcisse, Wq.47","Gluck, Christoph Willibald","https://imslp.org/wiki/Écho_et_Narcisse,_Wq.47_(Gluck,_Christoph_Willibald)","voices, mixed chorus, orchestra",,Classical,,"1779, revised 1780",Classical,,4367
Écho hongrois,"Danbé, Jules","https://imslp.org/wiki/Écho_hongrois_(Danbé,_Jules)",piano,B minor,Romantic,,,Romantic,,28
Écho moqueur,"Trojelli, Angelino","https://imslp.org/wiki/Écho_moqueur_(Trojelli,_Angelino)","voices, piano",,Romantic,,,Romantic,,9
"Écho russe, Op.27","Marcou, Paul","https://imslp.org/wiki/Écho_russe,_Op.27_(Marcou,_Paul)",Piano,A minor,Romantic,,,Romantic,,208
"Écho sine sujeto, Op.2514","Marcoux, Jean-François","https://imslp.org/wiki/Écho_sine_sujeto,_Op.2514_(Marcoux,_Jean-François)",piano,,Modern,,2026,Modern,2 minutes,4
"Écho, Op.89","Bonis, Mel","https://imslp.org/wiki/Écho,_Op.89_(Bonis,_Mel)",piano,A-flat major,Romantic,,1910,Romantic,,52
Échos d'Allemagne,Various,https://imslp.org/wiki/Échos_d'Allemagne_(Various),voice and piano,,Romantic,,,,,141
Échos d'Espagne,"Lacôme d'Estalenx, Paul","https://imslp.org/wiki/Échos_d'Espagne_(Lacôme_d'Estalenx,_Paul)","1 and 2 voices, piano",,Romantic,,,Romantic,,203
Échos de France,Various,https://imslp.org/wiki/Échos_de_France_(Various),"1-4 voices, piano",,Classical,,,,,9893
Échos de Monplaisir,"Chevrier, Valentine","https://imslp.org/wiki/Échos_de_Monplaisir_(Chevrier,_Valentine)",piano,C major,Romantic,,,Romantic,,24
"Échos de Pologne, Op.55","Maszyński, Piotr","https://imslp.org/wiki/Échos_de_Pologne,_Op.55_(Maszyński,_Piotr)",piano,,Romantic,,,Romantic,,142
Échos de Provence,"Michel, L.","https://imslp.org/wiki/Échos_de_Provence_(Michel,_L.)","galoubet in A (or violin or flute), tambourine (tabor, drum), piano",G major,Romantic,,,Romantic,,32
Échos de jeunesse,"Vilbac, Renaud de","https://imslp.org/wiki/Échos_de_jeunesse_(Vilbac,_Renaud_de)",piano,,Romantic,,,Romantic,,97
Échos de jeunesse,"Wachs, Paul","https://imslp.org/wiki/Échos_de_jeunesse_(Wachs,_Paul)",piano,see below,Romantic,,,Romantic,,134
Échos de l'enfance,"Vilbac, Renaud de","https://imslp.org/wiki/Échos_de_l'enfance_(Vilbac,_Renaud_de)",Piano,,Romantic,,,Romantic,,236
Échos de la Varenne,"Croisier, John-Henri","https://imslp.org/wiki/Échos_de_la_Varenne_(Croisier,_John-Henri)",Piano (violin ad lib.) but see below.,G major,Romantic,,,Early 20th century,,309
"Échos de la forêt, Op.22","Ferrer, José","https://imslp.org/wiki/Échos_de_la_forêt,_Op.22_(Ferrer,_José)",guitar,,Romantic,,,Romantic,,91
Échos des Bouffes Parisiens,"Strauss, Isaac","https://imslp.org/wiki/Échos_des_Bouffes_Parisiens_(Strauss,_Isaac)",orchestra,D major,Romantic,,,Romantic,,21
Échos des lagunes,"Dorus, Louis","https://imslp.org/wiki/Échos_des_lagunes_(Dorus,_Louis)",flute,,Romantic,,,Romantic,,171
Échos des salons,"Dassonville, Louis Victor","https://imslp.org/wiki/Échos_des_salons_(Dassonville,_Louis_Victor)",piano 4 hands,C major,Romantic,,,Romantic,,16
Échos du monde religieux,Various,https://imslp.org/wiki/Échos_du_monde_religieux_(Various),"voices, piano (or organ) ; organ or harmonium solo",,Classical,,,,,434
Échos du mont d'Haurs,"Chabas, Eugène","https://imslp.org/wiki/Échos_du_mont_d'Haurs_(Chabas,_Eugène)",Piano,G major,Romantic,,,Romantic,,79
"Échos du passé, tbp 92","Novegno, Roberto","https://imslp.org/wiki/Échos_du_passé,_tbp_92_(Novegno,_Roberto)",Piano,D minor,Modern,,2000 / 2009,Modern,,648
Échos du pensionnat,"Douay, Georges","https://imslp.org/wiki/Échos_du_pensionnat_(Douay,_Georges)","1-2 voices, piano",see section listing,Romantic,,,Romantic,,9
Échos du soir,"Cottin, Alfred","https://imslp.org/wiki/Échos_du_soir_(Cottin,_Alfred)",guitar,G major,Romantic,,,Romantic,,21
Échos du soir,"Fouque, Octave","https://imslp.org/wiki/Échos_du_soir_(Fouque,_Octave)","voice, piano",G major,Romantic,,,Romantic,,21
"Échos harmoniques, Op.1","Tereshchenko, Nikolay","https://imslp.org/wiki/Échos_harmoniques,_Op.1_(Tereshchenko,_Nikolay)",piano,C major,Romantic,,,Romantic,,48
"Échos lointains, Op.2420","Marcoux, Jean-François","https://imslp.org/wiki/Échos_lointains,_Op.2420_(Marcoux,_Jean-François)","bansuri, guitar",,Modern,,2026,Modern,4 minutes,0
"Éclat noir sur fond de silence, Op.2372","Marcoux, Jean-François","https://imslp.org/wiki/Éclat_noir_sur_fond_de_silence,_Op.2372_(Marcoux,_Jean-François)","bansuri, guitar",,Modern,,2026,Modern,3 minutes,0
"Éclats d'obus, Op.22","Toby, H. P.","https://imslp.org/wiki/Éclats_d'obus,_Op.22_(Toby,_H._P.)",piano,G major,Romantic,,,Romantic,,69
"Éclats dans le vent, Op.2276","Marcoux, Jean-François","https://imslp.org/wiki/Éclats_dans_le_vent,_Op.2276_(Marcoux,_Jean-François)","bansuri, guitar",,Modern,,2026,Modern,7 minutes,0
Éclats de rire,"Bades, Paul","https://imslp.org/wiki/Éclats_de_rire_(Bades,_Paul)",piano,D major,Romantic,,,Romantic,,25
École Farinelli,"Brambilla, Marietta","https://imslp.org/wiki/École_Farinelli_(Brambilla,_Marietta)","voice, piano",,Romantic,,,Romantic,,30
École classique de l’orgue,"Guilmant, Alexandre","https://imslp.org/wiki/École_classique_de_l’orgue_(Guilmant,_Alexandre)",Organ,,Baroque,,,Romantic,,45536
École classique du violoncelle,"Feuillard, Louis R.","https://imslp.org/wiki/École_classique_du_violoncelle_(Feuillard,_Louis_R.)",Cello piano,,Baroque,,,Romantic,,0
École complète et progressive du piano,"Vilbac, Renaud de","https://imslp.org/wiki/École_complète_et_progressive_du_piano_(Vilbac,_Renaud_de)","piano (books 1-4), piano 4-hands (books 5 & 6)",,Romantic,,,Romantic,,6924
"École concertante de violon, Opp.51-56","Baille, Gabriel","https://imslp.org/wiki/École_concertante_de_violon,_Opp.51-56_(Baille,_Gabriel)",2 violins,,Romantic,,,Romantic,,2500
École d'accompagnement,"Pilati, Auguste","https://imslp.org/wiki/École_d'accompagnement_(Pilati,_Auguste)","Violin, piano",,Romantic,,,Romantic,,640
École d'orgue,"Brisson, Frédéric","https://imslp.org/wiki/École_d'orgue_(Brisson,_Frédéric)",organ / harmonium,,Romantic,,,Romantic,,51
École d'orgue,"Lemmens, Jacques-Nicolas","https://imslp.org/wiki/École_d'orgue_(Lemmens,_Jacques-Nicolas)",organ,,Romantic,,,Romantic,,238826
École d'orgue,"Martini, Jean Paul Egide","https://imslp.org/wiki/École_d'orgue_(Martini,_Jean_Paul_Egide)",org,,Classical,,,Classical,,1531
École de Garcia,"Garcia Jr., Manuel","https://imslp.org/wiki/École_de_Garcia_(Garcia_Jr.,_Manuel)","voice; voice, piano",,Romantic,,,Romantic,,19110
École de L'Articulation,"Moyse, Marcel","https://imslp.org/wiki/École_de_L'Articulation_(Moyse,_Marcel)",flute,,Romantic,,,Modern,,386
"École de guitare, Op.241","Carulli, Ferdinando","https://imslp.org/wiki/École_de_guitare,_Op.241_(Carulli,_Ferdinando)",guitar,,Classical,,,Classical,,27795
"École de l'accompagnement, Op.175","Dancla, Charles","https://imslp.org/wiki/École_de_l'accompagnement,_Op.175_(Dancla,_Charles)","Violin (or oboe), piano",,Romantic,,,Romantic,,1688
"École de la harpe, Opp.91-94","Naderman, François-Joseph","https://imslp.org/wiki/École_de_la_harpe,_Opp.91-94_(Naderman,_François-Joseph)",harp,,Classical,,,Classical,,1425
École de la mesure,Various,https://imslp.org/wiki/École_de_la_mesure_(Various),piano 4-hands,,Romantic,,,,,725
"École de la mesure, Op.57","Le Carpentier, Adolphe Claire","https://imslp.org/wiki/École_de_la_mesure,_Op.57_(Le_Carpentier,_Adolphe_Claire)",piano,,Romantic,,,Romantic,,57
"École de la velocité, Op.200","Mayer, Charles","https://imslp.org/wiki/École_de_la_velocité,_Op.200_(Mayer,_Charles)",piano,,Romantic,,,Romantic,,3861
École du flûtiste,"Gariboldi, Giuseppe","https://imslp.org/wiki/École_du_flûtiste_(Gariboldi,_Giuseppe)","flute, piano",,Romantic,,,Romantic,,5600
"École du jeu lié, Op.61b","Koechlin, Charles","https://imslp.org/wiki/École_du_jeu_lié,_Op.61b_(Koechlin,_Charles)",piano,,Early 20th century,,1919−20,Early 20th century,,1060
École du mécanisme,"Le Couppey, Félix","https://imslp.org/wiki/École_du_mécanisme_(Le_Couppey,_Félix)",Piano,,Romantic,,,Romantic,,1965
"École du mécanisme, Op.120","Duvernoy, Jean-Baptiste","https://imslp.org/wiki/École_du_mécanisme,_Op.120_(Duvernoy,_Jean-Baptiste)",piano,,Romantic,,,Romantic,,23172
"École du mécanisme, Op.74","Dancla, Charles","https://imslp.org/wiki/École_du_mécanisme,_Op.74_(Dancla,_Charles)",violin,,Romantic,,,Romantic,,6660
École du piano,"Dumont, Félix","https://imslp.org/wiki/École_du_piano_(Dumont,_Félix)",piano,,Romantic,,,Romantic,,9883
École du tambour,"Broutin, H.","https://imslp.org/wiki/École_du_tambour_(Broutin,_H.)",solo percussionist,,Romantic,,,Romantic,,17
École du tambour,"Carnaud, Félix","https://imslp.org/wiki/École_du_tambour_(Carnaud,_Félix)",military drum,,Romantic,,,Romantic,,30
École du violon,"Alard, Jean Delphin","https://imslp.org/wiki/École_du_violon_(Alard,_Jean_Delphin)",violin,,Romantic,,,Romantic,,6682
"École du violon, Op.11","Lolli, Antonio","https://imslp.org/wiki/École_du_violon,_Op.11_(Lolli,_Antonio)","2 violins, viola, cello",,Classical,,,Classical,,887
"École du violoncelle, Opp.19-21, 34","Offenbach, Jacques","https://imslp.org/wiki/École_du_violoncelle,_Opp.19-21,_34_(Offenbach,_Jacques)",2 Cellos,,Romantic,,"1839 ? (Opp.19-21), 1844 ? (Op.34)",Romantic,,4281
École du violoniste,"Herman, Adolphe","https://imslp.org/wiki/École_du_violoniste_(Herman,_Adolphe)",violin and piano,,Romantic,,,Romantic,,887
École moderne de la mandoline,"Mariton, Maurice","https://imslp.org/wiki/École_moderne_de_la_mandoline_(Mariton,_Maurice)",mandolin,,Romantic,,,Early 20th century,,56
"École moderne du pianiste, Op.100","Fumagalli, Adolfo","https://imslp.org/wiki/École_moderne_du_pianiste,_Op.100_(Fumagalli,_Adolfo)",piano,,Romantic,,,Romantic,,72
"École moderne du piano, Op.99","Gregoir, Jacques","https://imslp.org/wiki/École_moderne_du_piano,_Op.99_(Gregoir,_Jacques)",Piano solo,,Romantic,,,Romantic,,327
"École mélodique, Op.201","Godefroid, Félix","https://imslp.org/wiki/École_mélodique,_Op.201_(Godefroid,_Félix)",harp,,Romantic,,,Romantic,,208
École pratique du choral,"Kufferath, Hubert Ferdinand","https://imslp.org/wiki/École_pratique_du_choral_(Kufferath,_Hubert_Ferdinand)",,,Romantic,,,Romantic,,2592
École pratique du violon,"Laoureux, Nicolas","https://imslp.org/wiki/École_pratique_du_violon_(Laoureux,_Nicolas)",violin,,Early 20th century,,,Romantic,,14554
"École primaire, Op.176","Duvernoy, Jean-Baptiste","https://imslp.org/wiki/École_primaire,_Op.176_(Duvernoy,_Jean-Baptiste)",piano,,Romantic,,,Romantic,,8358
"Écoute!, Op.6","Couget, Adrien","https://imslp.org/wiki/Écoute!,_Op.6_(Couget,_Adrien)",orchestra,B-flat major,Romantic,,,Romantic,,12
"Écoute, mon coeur","Caplet, André","https://imslp.org/wiki/Écoute,_mon_coeur_(Caplet,_André)","Nos.1, 3: voice, flute No.2: voice, piano",,Early 20th century,,1924-25,Romantic,,4250
"Écoute, père bon Dieu","Rodel, Adrien-Francis","https://imslp.org/wiki/Écoute,_père_bon_Dieu_(Rodel,_Adrien-Francis)","voice, piano",D major,Romantic,,,Romantic,,9
Écoute-moi,"Heurteur, Fernand","https://imslp.org/wiki/Écoute-moi_(Heurteur,_Fernand)",orchestra,E-flat major,Early 20th century,,,Early 20th century,,9
Écoute-moi Madeleine,"Pelecier, Auguste","https://imslp.org/wiki/Écoute-moi_Madeleine_(Pelecier,_Auguste)","voice, piano",F major,Romantic,,,Romantic,,8
Écoutez la chanson bien douce,"Diepenbrock, Alphons","https://imslp.org/wiki/Écoutez_la_chanson_bien_douce_(Diepenbrock,_Alphons)","soprano, piano",,Romantic,,"1898, orch. 1907",Romantic,,70
Écoutez les cloches,"Droccos, L. A.","https://imslp.org/wiki/Écoutez_les_cloches_(Droccos,_L._A.)","voice, piano",C major,Romantic,,,Romantic,,6
Écoutez mon cœur,"Droccos, L. A.","https://imslp.org/wiki/Écoutez_mon_cœur_(Droccos,_L._A.)","voice, piano",F major,Romantic,,,Romantic,,6
Écoutons le vent,"Droccos, L. A.","https://imslp.org/wiki/Écoutons_le_vent_(Droccos,_L._A.)","voice, piano",D minor,Romantic,,,Romantic,,8
"Écume de perles, Op.161","Voss, Charles","https://imslp.org/wiki/Écume_de_perles,_Op.161_(Voss,_Charles)",piano,,Romantic,,,Romantic,,366
Édesanyám rózsafája,"Beischer-Matyó, Tamás","https://imslp.org/wiki/Édesanyám_rózsafája_(Beischer-Matyó,_Tamás)","soprano, mixed chorus (SATB)",Various,Modern,,2012,Modern,"4,5 minutes",184
Édesanyám rózsafája,"Wirth, Márton","https://imslp.org/wiki/Édesanyám_rózsafája_(Wirth,_Márton)",Chorus,C and B minor,Modern,,2004,Modern,2 minutes,167
Édith,"Pierné, Gabriel","https://imslp.org/wiki/Édith_(Pierné,_Gabriel)",Vocal soloists and orchestra,,Romantic,,,Romantic,,370
Ég bið að heilsa,Ingi T. Lárusson,https://imslp.org/wiki/Ég_bið_að_heilsa_(Ingi_T._Lárusson),"voice, piano; male chorus (TTBB)",A major,Romantic,,,Romantic,,21
Ég bið að heilsa,"Kaldalóns, Sigvaldi","https://imslp.org/wiki/Ég_bið_að_heilsa_(Kaldalóns,_Sigvaldi)","voice, piano",C major,Romantic,,,Romantic,,7
Ég bið að heilsa,"Lárusson, Ingi T.","https://imslp.org/wiki/Ég_bið_að_heilsa_(Lárusson,_Ingi_T.)","voice, piano; male chorus (TTBB)",A major,Romantic,,,Romantic,,21
Ég elska þig,"Laxdal, Jón","https://imslp.org/wiki/Ég_elska_þig_(Laxdal,_Jón)","voice, piano",A-flat major,Romantic,,,Romantic,,7
Ég er að byggja,"Böðvarsdóttir, Guðrún","https://imslp.org/wiki/Ég_er_að_byggja_(Böðvarsdóttir,_Guðrún)",mixed chorus (SATB),F-sharp minor,Romantic,,,Early 20th century,,16
Ég er að byggja,Guðrún Böðvarsdóttir,https://imslp.org/wiki/Ég_er_að_byggja_(Guðrún_Böðvarsdóttir),mixed chorus (SATB),F-sharp minor,Romantic,,,Early 20th century,,16
Ég fel þig minni föðurnáð,Jónas Tómasson,https://imslp.org/wiki/Ég_fel_þig_minni_föðurnáð_(Jónas_Tómasson),"mixed chorus (SATB), piano or harmonium",F minor,Romantic,,,Romantic,,7
Ég fel þig minni föðurnáð,"Tómasson, Jónas","https://imslp.org/wiki/Ég_fel_þig_minni_föðurnáð_(Tómasson,_Jónas)","mixed chorus (SATB), piano or harmonium",F minor,Romantic,,,Romantic,,7
Ég gleymi því aldrei,"Kaldalóns, Sigvaldi","https://imslp.org/wiki/Ég_gleymi_því_aldrei_(Kaldalóns,_Sigvaldi)","voice, piano",D major,Romantic,,,Romantic,,5
Ég horfi ein,Björgvin Guðmundsson,https://imslp.org/wiki/Ég_horfi_ein_(Björgvin_Guðmundsson),"voice, mixed chorus (SATB)",G major,Romantic,,1934,Romantic,,7
Ég horfi ein,"Guðmundsson, Björgvin","https://imslp.org/wiki/Ég_horfi_ein_(Guðmundsson,_Björgvin)","voice, mixed chorus (SATB)",G major,Romantic,,1934,Romantic,,7
"Ég kem til þín, minn foss","Helgason, Helgi","https://imslp.org/wiki/Ég_kem_til_þín,_minn_foss_(Helgason,_Helgi)",mixed chorus (SATB),B-flat major,Romantic,,,Romantic,,5
"Ég kem til þín, minn foss",Helgi Helgason,"https://imslp.org/wiki/Ég_kem_til_þín,_minn_foss_(Helgi_Helgason)",mixed chorus (SATB),B-flat major,Romantic,,,Romantic,,5
Ég læt í haf að heiman,"Friðfinnsson, Jón","https://imslp.org/wiki/Ég_læt_í_haf_að_heiman_(Friðfinnsson,_Jón)",mixed chorus (SATB),C major,Romantic,,,Romantic,,6
Ég læt í haf að heiman,Jón Friðfinnsson,https://imslp.org/wiki/Ég_læt_í_haf_að_heiman_(Jón_Friðfinnsson),mixed chorus (SATB),C major,Romantic,,,Romantic,,6
Ég lít í anda liðna tíð,"Kaldalóns, Sigvaldi","https://imslp.org/wiki/Ég_lít_í_anda_liðna_tíð_(Kaldalóns,_Sigvaldi)","voice, piano",G minor,Romantic,,,Romantic,,11
Ég man þig,"Einarsson, Sigfús","https://imslp.org/wiki/Ég_man_þig_(Einarsson,_Sigfús)","baritone solo, male chorus (TTBB)",D minor,Romantic,,,Romantic,,5
Ég man þig,Sigfús Einarsson,https://imslp.org/wiki/Ég_man_þig_(Sigfús_Einarsson),"baritone solo, male chorus (TTBB)",D minor,Romantic,,,Romantic,,5
Ég minnist þín,"Blöndal, Þorvaldur","https://imslp.org/wiki/Ég_minnist_þín_(Blöndal,_Þorvaldur)","voice, piano",B-flat major,Romantic,,,Romantic,,5
Ég oft fæ séð í anda,"Friðfinnsson, Jón","https://imslp.org/wiki/Ég_oft_fæ_séð_í_anda_(Friðfinnsson,_Jón)",mixed chorus (SATB),E major,Romantic,,,Romantic,,9
Ég oft fæ séð í anda,Jón Friðfinnsson,https://imslp.org/wiki/Ég_oft_fæ_séð_í_anda_(Jón_Friðfinnsson),mixed chorus (SATB),E major,Romantic,,,Romantic,,9
Ég uni á flughröðu fleyi,"Helgason, Helgi","https://imslp.org/wiki/Ég_uni_á_flughröðu_fleyi_(Helgason,_Helgi)",mixed chorus (SATB),B-flat major,Romantic,,,Romantic,,9
Ég uni á flughröðu fleyi,Helgi Helgason,https://imslp.org/wiki/Ég_uni_á_flughröðu_fleyi_(Helgi_Helgason),mixed chorus (SATB),B-flat major,Romantic,,,Romantic,,9
Ég veit eina baugalínu,Björgvin Guðmundsson,https://imslp.org/wiki/Ég_veit_eina_baugalínu_(Björgvin_Guðmundsson),female chorus or children's chorus (SSA),E-flat major,Romantic,,ca.,Romantic,,0
Ég veit eina baugalínu,"Guðmundsson, Björgvin","https://imslp.org/wiki/Ég_veit_eina_baugalínu_(Guðmundsson,_Björgvin)",female chorus or children's chorus (SSA),E-flat major,Romantic,,ca.,Romantic,,0
Ég vil elska mitt land,Bjarni Þorsteinsson,https://imslp.org/wiki/Ég_vil_elska_mitt_land_(Bjarni_Þorsteinsson),male chorus (TTBB),B-flat major,Romantic,,1902,Romantic,,117
Ég vil elska mitt land,"Þorsteinsson, Bjarni","https://imslp.org/wiki/Ég_vil_elska_mitt_land_(Þorsteinsson,_Bjarni)",male chorus (TTBB),B-flat major,Romantic,,1902,Romantic,,117
"Églantine ou rondeau brillant, Op.136","Czerny, Carl","https://imslp.org/wiki/Églantine_ou_rondeau_brillant,_Op.136_(Czerny,_Carl)",piano,C major,Romantic,,,Romantic,,1217
Églogue,"Delibes, Léo","https://imslp.org/wiki/Églogue_(Delibes,_Léo)","Mezzo-soprano or Baritone voice, Piano",G ♭ major,Romantic,,,Romantic,,1163
Églogue,"Halphen, Fernand","https://imslp.org/wiki/Églogue_(Halphen,_Fernand)",organ or harmonium,E major,Romantic,,,Romantic,,73
"Églogue, CD 27","Debussy, Claude","https://imslp.org/wiki/Églogue,_CD_27_(Debussy,_Claude)","soprano, tenor, piano",C-sharp minor,Romantic,,1882,Romantic,,21
"Églogue, Op.12","Bonis, Mel","https://imslp.org/wiki/Églogue,_Op.12_(Bonis,_Mel)",piano,F minor,Romantic,,1889,Romantic,,640
"Églogue, Op.63","Büsser, Henri","https://imslp.org/wiki/Églogue,_Op.63_(Büsser,_Henri)","oboe, piano",,Early 20th century,,1916?,Early 20th century,,50
Églogues,"Mourey, Colette","https://imslp.org/wiki/Églogues_(Mourey,_Colette)",mezzo-soprano et piano,,Moderne,,2024,Modern,20 minutes,25
Élans d'amour,"Crosse de Bionville, Gaston","https://imslp.org/wiki/Élans_d'amour_(Crosse_de_Bionville,_Gaston)",piano,B-flat major,Romantic,,,Romantic,,15
Élans du cœur,"Mozzani, Luigi","https://imslp.org/wiki/Élans_du_cœur_(Mozzani,_Luigi)",guitar,,Early 20th century,,,Early 20th century,,17
Électeur et candidats,"Marietti, Georges","https://imslp.org/wiki/Électeur_et_candidats_(Marietti,_Georges)","3 vocal soloists, orchestra",,Romantic,,,Romantic,,9
"Électre, CG 23","Gounod, Charles","https://imslp.org/wiki/Électre,_CG_23_(Gounod,_Charles)","voices, female chorus, orchestra",,Romantic,,,Romantic,,13
"Élegie, K072","Stravinsky, Igor","https://imslp.org/wiki/Élegie,_K072_(Stravinsky,_Igor)",viola,,Early 20th century,,1944,Early 20th century,4-5 minutes,0
"Élegie, Op.25","Zientarski, Romuald","https://imslp.org/wiki/Élegie,_Op.25_(Zientarski,_Romuald)",piano,,Romantic,,,Romantic,,34
"Élegie, Op.43","Tcherepnin, Aleksandr","https://imslp.org/wiki/Élegie,_Op.43_(Tcherepnin,_Aleksandr)","violin, piano",,Early 20th century,,,Early 20th century,,59
Élia,"Joncières, Victorin de","https://imslp.org/wiki/Élia_(Joncières,_Victorin_de)",piano,A major,Romantic,,,Romantic,,21
Élise et le fantôme,"Pélicant, Thierry","https://imslp.org/wiki/Élise_et_le_fantôme_(Pélicant,_Thierry)","Voices: 2 sopranos, 2 tenors, 2 baritones, bass; mixed chorus Orchestra: flute (also piccolo), oboe (English horn), clarinet, bassoon, horn, triangle, 2 cloches, strings",,Modern,,2016,Modern,75 minutes,245
"Éljen a Haza, Op.126","Kéler, Béla","https://imslp.org/wiki/Éljen_a_Haza,_Op.126_(Kéler,_Béla)",orchestra,,Romantic,,1875,Romantic,,36
"Éljen a Magyar!, Op.332","Strauss Jr., Johann","https://imslp.org/wiki/Éljen_a_Magyar!,_Op.332_(Strauss_Jr.,_Johann)",orchestra,E minor,Romantic,,1869,Romantic,"2,5 min",2806
Élodie,Lacout,https://imslp.org/wiki/Élodie_(Lacout),piano,C major,Romantic,,,Romantic,,33
Élégance,"Anthiome, Eugène","https://imslp.org/wiki/Élégance_(Anthiome,_Eugène)",piano,A major,Romantic,,,Romantic,,27
Élégante,"Bachmann, Georges","https://imslp.org/wiki/Élégante_(Bachmann,_Georges)",piano,E-flat major,Romantic,,,Romantic,,41
Élégie,"Bellando, Domenico","https://imslp.org/wiki/Élégie_(Bellando,_Domenico)",organ or harmonium,G minor,Romantic,,,Romantic,,87
Élégie,"Boulanger, Nadia","https://imslp.org/wiki/Élégie_(Boulanger,_Nadia)","voice, piano",,Early 20th century,,1906,Early 20th century,,179
Élégie,"Chavagnat, Edouard","https://imslp.org/wiki/Élégie_(Chavagnat,_Edouard)",Piano,B minor,Romantic,,,Romantic,,446
Élégie,"David, Maria","https://imslp.org/wiki/Élégie_(David,_Maria)",piano,D minor,Romantic,,,Romantic,,31
Élégie,"Descarries, Auguste","https://imslp.org/wiki/Élégie_(Descarries,_Auguste)","violin, piano",D major,Early 20th century,,,Early 20th century,5:19 minutes,271
Élégie,"Dubois, Jean-Baptiste","https://imslp.org/wiki/Élégie_(Dubois,_Jean-Baptiste)","cello (or violin, or horn), piano",C minor,Early 20th century,,,Early 20th century,,361
Élégie,"Dumas, Louis","https://imslp.org/wiki/Élégie_(Dumas,_Louis)","Cello, piano",G-sharp minor,Early 20th century,,,Early 20th century,,215
Élégie,"Ernst, Heinrich Wilhelm","https://imslp.org/wiki/Élégie_(Ernst,_Heinrich_Wilhelm)","Solo: violin Orchestra: flute, oboe, 2 clarinets, bassoon 2 horns, timpani, organ, piano, strings",C minor,Romantic,,1829 to 1838,Romantic,,9366
Élégie,"Gagnon, Henri","https://imslp.org/wiki/Élégie_(Gagnon,_Henri)",organ,,Early 20th century,,1901,Early 20th century,4 minutes,0
Élégie,"Garban, Lucien","https://imslp.org/wiki/Élégie_(Garban,_Lucien)",piano,F major,Romantic,,,Early 20th century,,17
Élégie,"Gobbaerts, Louis","https://imslp.org/wiki/Élégie_(Gobbaerts,_Louis)",piano,C major,Romantic,,,Romantic,,30
Élégie,"Kullak, Theodor","https://imslp.org/wiki/Élégie_(Kullak,_Theodor)",piano,,Romantic,,,Romantic,,1986
Élégie,"Lutz, Henri","https://imslp.org/wiki/Élégie_(Lutz,_Henri)","voice, piano",,Romantic,,,Romantic,,11
Élégie,"Léonbrode, Léo","https://imslp.org/wiki/Élégie_(Léonbrode,_Léo)","viola, piano",,Romantic,,,Romantic,,33
Élégie,"Massenet, Jules","https://imslp.org/wiki/Élégie_(Massenet,_Jules)","voice, piano",,Romantic,,1872 ca.,Romantic,,84852
Élégie,"Piutti, Carl","https://imslp.org/wiki/Élégie_(Piutti,_Carl)",organ,C major,Romantic,,,Romantic,,1809
Élégie,"Remondi, Roberto","https://imslp.org/wiki/Élégie_(Remondi,_Roberto)",organ or harmonium,F minor,Romantic,,,Romantic,,62
Élégie,"Salvayre, Gaston","https://imslp.org/wiki/Élégie_(Salvayre,_Gaston)","Violin or Cello, Piano, Organ",E ♭ major,Romantic,,,Romantic,,231
Élégie,"Simia, G.R.","https://imslp.org/wiki/Élégie_(Simia,_G.R.)","voice, piano",,Romantic,,,Romantic,,11
Élégie,"Stehle, Johann Gustav Eduard","https://imslp.org/wiki/Élégie_(Stehle,_Johann_Gustav_Eduard)",organ or harmonium,C-sharp minor,Romantic,,,Romantic,,94
Élégie,"Wiltberger, August","https://imslp.org/wiki/Élégie_(Wiltberger,_August)",organ or harmonium,E minor,Romantic,,,Romantic,,60
Élégie,"Wolff, Édouard","https://imslp.org/wiki/Élégie_(Wolff,_Édouard)",piano,B-flat major,Romantic,,,Romantic,4:30 minutes,14
Élégie Hypertonale,"Mourey, Colette","https://imslp.org/wiki/Élégie_Hypertonale_(Mourey,_Colette)","violin, piano",E minor,Modern,,2023,Modern,4 minutes,78
"Élégie et Marche funèbre, Op.71","Heller, Stephen","https://imslp.org/wiki/Élégie_et_Marche_funèbre,_Op.71_(Heller,_Stephen)",piano,,Romantic,,,Romantic,,1407
Élégie for Viola and Organ,"Chavaneau, Emmanuel","https://imslp.org/wiki/Élégie_for_Viola_and_Organ_(Chavaneau,_Emmanuel)","viola, organ",,Classical,,2025,Modern,3 minutes,23
"Élégie fugue, Op.44","Guilmant, Alexandre","https://imslp.org/wiki/Élégie_fugue,_Op.44_(Guilmant,_Alexandre)","piano, harmonium",F minor,Romantic,,,Romantic,,202
"Élégie héroïque, Op.6","Johns, Louis Edgar","https://imslp.org/wiki/Élégie_héroïque,_Op.6_(Johns,_Louis_Edgar)",piano,A minor,Early 20th century,,,Early 20th century,,18
Élégie in G minor,"Rohde, Eduard","https://imslp.org/wiki/Élégie_in_G_minor_(Rohde,_Eduard)",Piano,G minor,Romantic,,,Romantic,,665
Élégie juive,"Frankel, Benjamin","https://imslp.org/wiki/Élégie_juive_(Frankel,_Benjamin)","cello, piano",,Early 20th century,,1939,Early 20th century,5 minutes,17
"Élégie pastorale, Op.10","Gregh, Louis","https://imslp.org/wiki/Élégie_pastorale,_Op.10_(Gregh,_Louis)",piano,D-flat major,Romantic,,,Romantic,,140
Élégie pour Guitare Solo,"Mourey, Colette","https://imslp.org/wiki/Élégie_pour_Guitare_Solo_(Mourey,_Colette)",guitar,E minor,Modern,,2018,Modern,6 minutes,199
Élégie pour cor et harpe ou piano,"Chaussier, Henri","https://imslp.org/wiki/Élégie_pour_cor_et_harpe_ou_piano_(Chaussier,_Henri)","horn, harp, (piano)",F minor,Romantic,,,Romantic,,225
Élégie pour flûte,"Donjon, Johannès","https://imslp.org/wiki/Élégie_pour_flûte_(Donjon,_Johannès)","flute, harp (or piano)",,Classical,,,Romantic,,587
"Élégie pour la harpe, Op.54","Hasselmans, Alphonse","https://imslp.org/wiki/Élégie_pour_la_harpe,_Op.54_(Hasselmans,_Alphonse)",harp,,Romantic,,,Romantic,,68
Élégie pour orgue,"Barié, Augustin","https://imslp.org/wiki/Élégie_pour_orgue_(Barié,_Augustin)",Organ (or harmonium),A minor,Romantic,,,Romantic,,4374
Élégie pour violon et piano,"Mourey, Colette","https://imslp.org/wiki/Élégie_pour_violon_et_piano_(Mourey,_Colette)","violin, piano",,Modern,,2020,Modern,5 minutes,97
"Élégie poétique, Op.20","Szemelényi, Ernest","https://imslp.org/wiki/Élégie_poétique,_Op.20_(Szemelényi,_Ernest)",1 piano,G ♭ major,Romantic,,,Romantic,,553
"Élégie sur des motifs du Prince Louis Ferdinand de Prusse, S.168","Liszt, Franz","https://imslp.org/wiki/Élégie_sur_des_motifs_du_Prince_Louis_Ferdinand_de_Prusse,_S.168_(Liszt,_Franz)",Piano (solo),A-flat major,Romantic,,1842–43 (1st version) 1851 [2nd version),Romantic,,2931
"Élégie sur la mort d'un objet chéri, Op.35","Romberg, Bernhard","https://imslp.org/wiki/Élégie_sur_la_mort_d'un_objet_chéri,_Op.35_(Romberg,_Bernhard)","Solo : cello 2 violins, viola, cello, double bass",C minor,Romantic,,,Classical,,88
Élégie sur la mort de Frederic Chopin,"Pusch, Alois Maria de","https://imslp.org/wiki/Élégie_sur_la_mort_de_Frederic_Chopin_(Pusch,_Alois_Maria_de)",piano,B-flat minor,Romantic,,,Romantic,,40
"Élégie, CD 146","Debussy, Claude","https://imslp.org/wiki/Élégie,_CD_146_(Debussy,_Claude)",piano,,Early 20th century,,1915,Romantic,,16953
"Élégie, FP 168","Poulenc, Francis","https://imslp.org/wiki/Élégie,_FP_168_(Poulenc,_Francis)","horn (F), piano",,Modern,,1957,Early 20th century,9-10 minutes,0
"Élégie, Op.21","Béguin-Salomon, Louise","https://imslp.org/wiki/Élégie,_Op.21_(Béguin-Salomon,_Louise)",piano,G minor,Romantic,,,Romantic,,46
"Élégie, Op.28bis","Akimenko, Theodore","https://imslp.org/wiki/Élégie,_Op.28bis_(Akimenko,_Theodore)",piano,G minor,Romantic,,,Romantic,,56
"Élégie, Op.4","Sokolov, Nikolay","https://imslp.org/wiki/Élégie,_Op.4_(Sokolov,_Nikolay)",orchestra,E minor,Romantic,,,Romantic,,16
"Élégie, Op.40","Krzyżanowska, Halina","https://imslp.org/wiki/Élégie,_Op.40_(Krzyżanowska,_Halina)","cello (or violin), piano",,Romantic,,,Romantic,,36
"Élégie, Op.55","Filipucci, Edmond","https://imslp.org/wiki/Élégie,_Op.55_(Filipucci,_Edmond)","oboe (or violin), piano",D minor,Romantic,,,Romantic,,23
"Élégie, Op.7","Gabrilowitsch, Ossip","https://imslp.org/wiki/Élégie,_Op.7_(Gabrilowitsch,_Ossip)","cello, piano",C minor,Romantic,,,Romantic,,14
"Élégie, Op.7","Péron, Paul","https://imslp.org/wiki/Élégie,_Op.7_(Péron,_Paul)","viola, piano",D minor,Romantic,,,Romantic,,53
"Élégie, Op.91","Sowinski, Albert","https://imslp.org/wiki/Élégie,_Op.91_(Sowinski,_Albert)",piano,C minor,Romantic,,,Romantic,,44
"Élégie, W094","Villa-Lobos, Heitor","https://imslp.org/wiki/Élégie,_W094_(Villa-Lobos,_Heitor)","cello and orchestra 2 flutes, 2 oboes, 2 clarinets, 2 bassoons 2 horns, 2 trumpets, 2 trombones, tuba timpani, celesta, harp, strings",,Early 20th century,,1915,Early 20th century,,951
"Élégies orientales, Op.3","Parusinov, Aleksey","https://imslp.org/wiki/Élégies_orientales,_Op.3_(Parusinov,_Aleksey)",piano,,Early 20th century,,1910 April,Early 20th century,,50
Éléments ou principes de musique,"Loulié, Etienne","https://imslp.org/wiki/Éléments_ou_principes_de_musique_(Loulié,_Etienne)",,,Baroque,,,Baroque,,895
Éléonora,"Alary, Giulio","https://imslp.org/wiki/Éléonora_(Alary,_Giulio)","Voice, piano",G major,Romantic,,,Romantic,,97
Élévation 'Nous voici dans la ville',"Miné, Adolphe","https://imslp.org/wiki/Élévation_'Nous_voici_dans_la_ville'_(Miné,_Adolphe)",organ,D minor,Romantic,,,Romantic,,458
Élévation 'Puer nobis' avec variations,"Benaut, Josse-François-Joseph","https://imslp.org/wiki/Élévation_'Puer_nobis'_avec_variations_(Benaut,_Josse-François-Joseph)",organ,G major,Classical,,1776 ca.,Classical,,1290
Élévation,"Bellando, Domenico","https://imslp.org/wiki/Élévation_(Bellando,_Domenico)",organ or harmonium,F major,Romantic,,,Romantic,,95
Élévation,"Berlhe, Emmanuel","https://imslp.org/wiki/Élévation_(Berlhe,_Emmanuel)",organ or harmonium,E-flat major,Romantic,,,Early 20th century,,57
Élévation,"Bucciali, Joseph","https://imslp.org/wiki/Élévation_(Bucciali,_Joseph)","Organ, harmonium",A major,Early 20th century,,,Romantic,,1043
Élévation,"Chrétien, Hedwige","https://imslp.org/wiki/Élévation_(Chrétien,_Hedwige)",organ (or harmonium),F major,Romantic,,,Romantic,,362
Élévation,"Claussmann, Aloÿs","https://imslp.org/wiki/Élévation_(Claussmann,_Aloÿs)",organ (or harmonium),C major,Romantic,,,Romantic,,292
Élévation,"Cools, Eugène","https://imslp.org/wiki/Élévation_(Cools,_Eugène)",organ or harmonium,E minor,Romantic,,,Early 20th century,,54
Élévation,"Couperin, Armand-Louis","https://imslp.org/wiki/Élévation_(Couperin,_Armand-Louis)","3 voices (2 sopranos & mezzo or 2 tenors & baritone), b.c. (organ)",A minor - A major,Classical,,1787,Classical,,247
Élévation,"Courtonne, Marcel","https://imslp.org/wiki/Élévation_(Courtonne,_Marcel)",organ,D major,Romantic,,,Early 20th century,,184
Élévation,"Debat-Ponsan, Georges","https://imslp.org/wiki/Élévation_(Debat-Ponsan,_Georges)",organ,D major,Romantic,,,Romantic,,87
Élévation,"Delépine, Henri","https://imslp.org/wiki/Élévation_(Delépine,_Henri)",Organ or harmonium,F major,Romantic,,,Romantic,,2268
Élévation,"Dupont, Gabriel","https://imslp.org/wiki/Élévation_(Dupont,_Gabriel)",organ,B-flat major,Romantic,,1902,Romantic,,896
Élévation,"Farrenc, Louise","https://imslp.org/wiki/Élévation_(Farrenc,_Louise)",organ,F major,Romantic,,,Romantic,,1287
Élévation,"Landais, Eugène","https://imslp.org/wiki/Élévation_(Landais,_Eugène)",organ or harmonium,E minor,Romantic,,,Early 20th century,,46
Élévation,"Larriu, Auguste","https://imslp.org/wiki/Élévation_(Larriu,_Auguste)",Organ,B-flat major,Romantic,,,Romantic,,1759
Élévation,"Mailly, Alphonse","https://imslp.org/wiki/Élévation_(Mailly,_Alphonse)",organ or harmonium,G major,Romantic,,,Romantic,,95
Élévation,"Malling, Otto","https://imslp.org/wiki/Élévation_(Malling,_Otto)",organ or harmonium,G minor,Romantic,,,Romantic,,77
Élévation,"Marichelle, Alfred","https://imslp.org/wiki/Élévation_(Marichelle,_Alfred)",organ or harmonium,G-flat major,Romantic,,,Romantic,,38
Élévation,"Massenet, Jules","https://imslp.org/wiki/Élévation_(Massenet,_Jules)",harmonium / organ,D major,Romantic,,,Romantic,,3949
Élévation,"Paraire, Saturnin","https://imslp.org/wiki/Élévation_(Paraire,_Saturnin)",organ (or harmonium),D major,Early 20th century,,,Romantic,,107
Élévation,"Sergent, Eugène Michel","https://imslp.org/wiki/Élévation_(Sergent,_Eugène_Michel)",organ,B major,Romantic,,,Romantic,,15
Élévation,"Sergent, Gregory L.","https://imslp.org/wiki/Élévation_(Sergent,_Gregory_L.)",organ or harmonium,F major,Romantic,,,Early 20th century,,65
Élévation,"Sizes, Gabriel","https://imslp.org/wiki/Élévation_(Sizes,_Gabriel)",organ or harmonium,E-flat major,Romantic,,,Early 20th century,,35
Élévation,"Torres, Eduardo","https://imslp.org/wiki/Élévation_(Torres,_Eduardo)",organ or harmonium,E-flat major,Romantic,,,Early 20th century,,101
Élévation,"Vallombrosa, Amédée de","https://imslp.org/wiki/Élévation_(Vallombrosa,_Amédée_de)",organ or harmonium,D minor,Romantic,,,Early 20th century,,30
Élévation,"Van den Plas, A.","https://imslp.org/wiki/Élévation_(Van_den_Plas,_A.)",organ,C major,Early 20th century,,,Romantic,,985
Élévation,"Vierne, René","https://imslp.org/wiki/Élévation_(Vierne,_René)",Organ,B-flat major,Romantic,,,Romantic,2-3 minutes,4209
Élévation,"Walter, Désiré","https://imslp.org/wiki/Élévation_(Walter,_Désiré)",organ or harmonium,D major,Romantic,,,Romantic,,48
Élévation - Prélude,"Rinck, Christian Heinrich","https://imslp.org/wiki/Élévation_-_Prélude_(Rinck,_Christian_Heinrich)","Organ, harmonium",A major - G major,Classical,,,Classical,,5619
Élévation Carillon,"Bélier, Gaston","https://imslp.org/wiki/Élévation_Carillon_(Bélier,_Gaston)",organ,E major,Romantic,,1915,Early 20th century,2 minutes,2455
Élévation No.7 in C major,"Benoist, François","https://imslp.org/wiki/Élévation_No.7_in_C_major_(Benoist,_François)",organ,C major,Romantic,,,Romantic,,1477
Élévation No.8 in D major,"Benoist, François","https://imslp.org/wiki/Élévation_No.8_in_D_major_(Benoist,_François)",organ,D major,Romantic,,,Romantic,,1167
"Élévation au St Sacrement, H.264","Charpentier, Marc-Antoine","https://imslp.org/wiki/Élévation_au_St_Sacrement,_H.264_(Charpentier,_Marc-Antoine)","alto, tenor (or 2 tenors), bass, continuo",G minor,Baroque,,1690-1699,Baroque,,2125
Élévation et Prière,"Tafall, Santiago","https://imslp.org/wiki/Élévation_et_Prière_(Tafall,_Santiago)",organ or harmonium,E minor,Romantic,,,Early 20th century,,62
Élévation in A major,"Larriu, Auguste","https://imslp.org/wiki/Élévation_in_A_major_(Larriu,_Auguste)","Organ, harmonium",A major,Romantic,,,Romantic,,1426
Élévation in A-flat major,"Lepage, Louis","https://imslp.org/wiki/Élévation_in_A-flat_major_(Lepage,_Louis)",organ (or harmonium),A-flat major,Romantic,,,Romantic,,739
Élévation in B minor,"Faulkes, William","https://imslp.org/wiki/Élévation_in_B_minor_(Faulkes,_William)",Organ,B minor,Romantic,,,Romantic,,599
Élévation in B-flat major,"Collin, Charles-Augustin","https://imslp.org/wiki/Élévation_in_B-flat_major_(Collin,_Charles-Augustin)",organ,B-flat major,Romantic,,,Romantic,,44
Élévation in E-flat major,"Collin, Charles-Augustin","https://imslp.org/wiki/Élévation_in_E-flat_major_(Collin,_Charles-Augustin)",organ,E-flat major,Romantic,,,Romantic,,33
Élévation in F major,"Montber, J. de","https://imslp.org/wiki/Élévation_in_F_major_(Montber,_J._de)",organ,F major,Romantic,,,Early 20th century,,896
"Élévation in F major, DAO 6","Montber, J. de","https://imslp.org/wiki/Élévation_in_F_major,_DAO_6_(Montber,_J._de)",organ,F major,Romantic,,,Early 20th century,,903
Élévation in G major,"Montber, J. de","https://imslp.org/wiki/Élévation_in_G_major_(Montber,_J._de)",organ (or harmonium),G major,Romantic,,,Early 20th century,,529
Élévation ou Communion,"Joly, Camille","https://imslp.org/wiki/Élévation_ou_Communion_(Joly,_Camille)",organ or harmonium,G major,Romantic,,,Romantic,,83
"Élévation ou communion, Op.13","Saint-Saëns, Camille","https://imslp.org/wiki/Élévation_ou_communion,_Op.13_(Saint-Saëns,_Camille)",Organ,,Romantic,,1859,Romantic,,4402
Élévation pour Noël,"Martin, Robert-Charles","https://imslp.org/wiki/Élévation_pour_Noël_(Martin,_Robert-Charles)",organ,G minor,Romantic,,,Early 20th century,,88
Élévation pour la Fête de Noël,"Raffy, Louis","https://imslp.org/wiki/Élévation_pour_la_Fête_de_Noël_(Raffy,_Louis)",organ or harmonium,D minor,Romantic,,,Romantic,,0
Élévation pour orgue,"Mas y Serracant, Domingo","https://imslp.org/wiki/Élévation_pour_orgue_(Mas_y_Serracant,_Domingo)",organ or harmonium,E-flat major,Romantic,,,Early 20th century,,56
"Élévation sur un Cantique à la Vierge, Op.45","Raffy, Louis","https://imslp.org/wiki/Élévation_sur_un_Cantique_à_la_Vierge,_Op.45_(Raffy,_Louis)",organ,F major,Early 20th century,,,Romantic,,2808
"Élévation, Op.2","Dupré, Marcel","https://imslp.org/wiki/Élévation,_Op.2_(Dupré,_Marcel)",organ or harmonium,B-flat major,Early 20th century,,,Early 20th century,,2584
"Élévation, Op.29","Danbé, Jules","https://imslp.org/wiki/Élévation,_Op.29_(Danbé,_Jules)","violin, organ (or piano)",E minor,Romantic,,,Romantic,,856
Élévations et motets,"Couperin, François","https://imslp.org/wiki/Élévations_et_motets_(Couperin,_François)",voices with or without small ensemble & continuo,,Baroque,,,Baroque,,8811
Émeline,"Hérold, Ferdinand","https://imslp.org/wiki/Émeline_(Hérold,_Ferdinand)","voices, mixed chorus, orchestra",,Romantic,,,Romantic,,12
Émeraude,"Elsen, L.","https://imslp.org/wiki/Émeraude_(Elsen,_L.)",Piano solo,A-flat major,Romantic,,,Romantic,,120
Émigration des alsaciens,"Bordèse, Luigi","https://imslp.org/wiki/Émigration_des_alsaciens_(Bordèse,_Luigi)","2 Voices, Piano",E ♭ major,Romantic,,,Romantic,,211
"Émilie, Op.201","Wolff, Édouard","https://imslp.org/wiki/Émilie,_Op.201_(Wolff,_Édouard)",Piano,B-flat major,Romantic,,1855 ca.,Romantic,7:30 minutes,27
Émotion musicale,"Lamart, Octave","https://imslp.org/wiki/Émotion_musicale_(Lamart,_Octave)","voice, piano",D major,Romantic,,,Romantic,,9
Émélie,"Chambroux, Blanche","https://imslp.org/wiki/Émélie_(Chambroux,_Blanche)",piano,D major,Romantic,,,Romantic,,18
Ének zongorára és orgonára,"Beischer-Matyó, Tamás","https://imslp.org/wiki/Ének_zongorára_és_orgonára_(Beischer-Matyó,_Tamás)","piano, organ",,Modern,,1993-1994,Modern,"17,5 minutes",326
Énekes Könyv,Various,https://imslp.org/wiki/Énekes_Könyv_(Various),single melody line for unison voices,,Renaissance,,,,,37
"Éneklő állatkert, Op.67","Weber, Kristof J.","https://imslp.org/wiki/Éneklő_állatkert,_Op.67_(Weber,_Kristof_J.)",Soprano and alto voices for children,,Modern,,2009,Modern,25 minutes,496
"Énekszó, Op.1","Kodály, Zoltán","https://imslp.org/wiki/Énekszó,_Op.1_(Kodály,_Zoltán)","voice, piano",,Early 20th century,,1907–09,Early 20th century,,215
Éolienne,"Kohne, Ridley","https://imslp.org/wiki/Éolienne_(Kohne,_Ridley)","violin, piano",G major,Romantic,,,Romantic,,10
Épaulette-marche,"Desgranges, Félix","https://imslp.org/wiki/Épaulette-marche_(Desgranges,_Félix)",piano,E-flat major,Romantic,,,Romantic,,27
"Épigrammes de Théocrite, Op.13","Durey, Louis","https://imslp.org/wiki/Épigrammes_de_Théocrite,_Op.13_(Durey,_Louis)","voice, piano",,Early 20th century,,1918,Early 20th century,,35
Épiphanie,"Caplet, André","https://imslp.org/wiki/Épiphanie_(Caplet,_André)","Solo: cello Orchestra: 2 flutes (2nd doubling piccolo), 2 oboes, 2 clarinets, 2 bassoons, 4 horns, 2 trumpets, timpani, percussion (2 players), celesta, harp and strings",,Early 20th century,,1923,Romantic,,3006
"Épitaphe de Jean Harlow, Op.164","Koechlin, Charles","https://imslp.org/wiki/Épitaphe_de_Jean_Harlow,_Op.164_(Koechlin,_Charles)","flute, alto saxophone, piano (or harp)",E-flat major,Early 20th century,,"1937 (February, July–October)",Early 20th century,3 minutes,0
Épithalame,"Delibes, Léo","https://imslp.org/wiki/Épithalame_(Delibes,_Léo)","voice, piano",E ♭ major,Romantic,,,Romantic,,487
Épithalame,"Massenet, Jules","https://imslp.org/wiki/Épithalame_(Massenet,_Jules)","2 voices, unison chorus, harpsichord",G major,Romantic,,,Romantic,,432
Épithalame,"Roger-Ducasse, Jean","https://imslp.org/wiki/Épithalame_(Roger-Ducasse,_Jean)",orchestra,,Early 20th century,,1919-22,Romantic,23 minutes,408
Épithalame d'Delibes,Anonymous,https://imslp.org/wiki/Épithalame_d'Delibes_(Anonymous),Piano (arranged),,Classical,,2021,,,0
"Épithalame for Clarinet, Viola and Piano, Op.208","Peters, Rob","https://imslp.org/wiki/Épithalame_for_Clarinet,_Viola_and_Piano,_Op.208_(Peters,_Rob)","clarinet, viola, piano",F major,Modern,,2021,Modern,,306
Épitre à Monseigneur,"Zoubaloff, Jacques","https://imslp.org/wiki/Épitre_à_Monseigneur_(Zoubaloff,_Jacques)","voice, piano",,Early 20th century,,,Early 20th century,,29
Épousailles,"Ladmirault, Paul","https://imslp.org/wiki/Épousailles_(Ladmirault,_Paul)","piano, orchestra",,Early 20th century,,,Early 20th century,8 minutes,17
Équilibres,"Kelemen, Milko","https://imslp.org/wiki/Équilibres_(Kelemen,_Milko)",2 orchestras,,Modern,,1961,Modern,11 minutes,16
És mimosa simpathia,"Araujo, A. da Silva","https://imslp.org/wiki/És_mimosa_simpathia_(Araujo,_A._da_Silva)","voice, piano",G major,Romantic,,,Romantic,,14
Éternelle histoire,"Ux, Jean d'","https://imslp.org/wiki/Éternelle_histoire_(Ux,_Jean_d')",orchestra,D minor,Early 20th century,,,Early 20th century,,11
Éternité,"Massenet, Jules","https://imslp.org/wiki/Éternité_(Massenet,_Jules)","Voice, Piano",,Romantic,,,Romantic,,292
Étienne Marcel,"Saint-Saëns, Camille","https://imslp.org/wiki/Étienne_Marcel_(Saint-Saëns,_Camille)","voices, mixed chorus (SATB), orchestra",,Romantic,,1877-78,Romantic,,7488
Étincelant,"Tonel, Léonie","https://imslp.org/wiki/Étincelant_(Tonel,_Léonie)",piano,B-flat major,Romantic,,,Romantic,,13
"Étincelle, Op.10","Cournand, Marie de","https://imslp.org/wiki/Étincelle,_Op.10_(Cournand,_Marie_de)",piano,,Romantic,,,Romantic,,30
Étincelles,"Alder, Ernest","https://imslp.org/wiki/Étincelles_(Alder,_Ernest)",piano,D-flat major,Romantic,,,Romantic,,64
Étincelles,"David, Étienne","https://imslp.org/wiki/Étincelles_(David,_Étienne)",piano,E major,Romantic,,,Romantic,,60
"Étincelles, Op.53","Kullak, Theodor","https://imslp.org/wiki/Étincelles,_Op.53_(Kullak,_Theodor)",piano,A-flat major,Romantic,,,Romantic,,223
Étoile confidente,"Croisez, Alexandre","https://imslp.org/wiki/Étoile_confidente_(Croisez,_Alexandre)",piano,F major,Romantic,,,Romantic,,31
Étoile d'amour,"Aletter, Wilhelm","https://imslp.org/wiki/Étoile_d'amour_(Aletter,_Wilhelm)",Piano solo,C major,Romantic,,,Romantic,,1169
Étoile d'amour,"Astort Ribas, Pedro","https://imslp.org/wiki/Étoile_d'amour_(Astort_Ribas,_Pedro)",piano,F major,Early 20th century,,,Early 20th century,,30
"Étoile du matin, Op.201","Chavagnat, Edouard","https://imslp.org/wiki/Étoile_du_matin,_Op.201_(Chavagnat,_Edouard)",Piano,F major,Romantic,,,Romantic,,970
"Étoile du soir, Op.171","Chavagnat, Edouard","https://imslp.org/wiki/Étoile_du_soir,_Op.171_(Chavagnat,_Edouard)",piano,,Romantic,,,Romantic,,67
Étoile naissante,"Conor, Léon","https://imslp.org/wiki/Étoile_naissante_(Conor,_Léon)",orchestra,C major,Romantic,,,Romantic,,13
Étoile polaire,"Girard, L.","https://imslp.org/wiki/Étoile_polaire_(Girard,_L.)",piano,F major,Romantic,,,Romantic,,38
"Étoiles et fleurs, Op.12","Bosch, Jacques","https://imslp.org/wiki/Étoiles_et_fleurs,_Op.12_(Bosch,_Jacques)",guitar,,Romantic,,,Romantic,,579
Étoiles filantes,"Dihau, Désiré","https://imslp.org/wiki/Étoiles_filantes_(Dihau,_Désiré)","voice, piano",G major,Romantic,,,Romantic,,15
"Étrennes aux Amateurs de Guitare, Op.40","Carulli, Ferdinando","https://imslp.org/wiki/Étrennes_aux_Amateurs_de_Guitare,_Op.40_(Carulli,_Ferdinando)",guitar,,Classical,,,Classical,,160
Étrennes aux Dames,"Holst, Gustavus Valentin von","https://imslp.org/wiki/Étrennes_aux_Dames_(Holst,_Gustavus_Valentin_von)",harp (arranged),,Classical,,,Romantic,,58
"Étude 'Ondine', FL.56b","Minh, Lê Đức Bảo","https://imslp.org/wiki/Étude_'Ondine',_FL.56b_(Minh,_Lê_Đức_Bảo)",piano,F-sharp major,Romantic,,2023,Modern,7 minutes,41
Étude,"Cottin, Alfred","https://imslp.org/wiki/Étude_(Cottin,_Alfred)",guitar,C major,Romantic,,,Romantic,,27
Étude,"Descarries, Auguste","https://imslp.org/wiki/Étude_(Descarries,_Auguste)",piano,G major,Early 20th century,,1922 ca.,Early 20th century,1 minute,72
Étude,"Prudent, Émile","https://imslp.org/wiki/Étude_(Prudent,_Émile)",piano,,Romantic,,,Romantic,3 minutes,71
Étude,"Ravina, Jean Henri","https://imslp.org/wiki/Étude_(Ravina,_Jean_Henri)",piano,B-flat major,Romantic,,,Romantic,,30
Étude,"Stracchi, Emanuele","https://imslp.org/wiki/Étude_(Stracchi,_Emanuele)",piano,,Modern,,2017,Modern,1.2 minutes,120
Étude 13-03,"Le Coustumer, Laurent","https://imslp.org/wiki/Étude_13-03_(Le_Coustumer,_Laurent)",piano,C major,Early 20th century,,2022,Modern,2-3 minutes,119
Étude 2,"Gaulin, Mathieu","https://imslp.org/wiki/Étude_2_(Gaulin,_Mathieu)",baritone saxophone,,Jazz,,2022,Modern,4.5 minutes,374
Étude 5-03,"Le Coustumer, Laurent","https://imslp.org/wiki/Étude_5-03_(Le_Coustumer,_Laurent)",Piano,C minor,Early 20th century,,2022,Modern,2:40 minutes,68
Étude 7,"Teixeira, Álvaro Sílvio","https://imslp.org/wiki/Étude_7_(Teixeira,_Álvaro_Sílvio)",synthesizer (in digital multitraks),,Modern,,2020,Modern,7 minutes,0
"Étude Complète du Violoncelle, Op.17","Liégeois, Cornélis","https://imslp.org/wiki/Étude_Complète_du_Violoncelle,_Op.17_(Liégeois,_Cornélis)",cello,,Romantic,,,Romantic,,87
"Étude Fantastique, V.8","Vaitzman, Or","https://imslp.org/wiki/Étude_Fantastique,_V.8_(Vaitzman,_Or)",piano,A-flat minor,Romantic,,2018,Modern,2-3 minutes,171
Étude No.1 for Bassoon,"Walker, Christopher Andrew","https://imslp.org/wiki/Étude_No.1_for_Bassoon_(Walker,_Christopher_Andrew)",Bassoon,,Modern,,2010,Modern,4 1/2 minutes,1970
Étude No.1 in F major,"Redding, Brady","https://imslp.org/wiki/Étude_No.1_in_F_major_(Redding,_Brady)",piano,F major,Romantic,,2019-22,Modern,3 minutes,35
Étude No.1 in G minor,"Dybicz, Jan Sára","https://imslp.org/wiki/Étude_No.1_in_G_minor_(Dybicz,_Jan_Sára)",piano,G minor,Early 20th century,,2015,Modern,2-3 minutes,116
Étude No.2,"Rozouvan, Valerij Stanislavovich","https://imslp.org/wiki/Étude_No.2_(Rozouvan,_Valerij_Stanislavovich)",Piano,,Modern,,2009,Modern,,391
Étude No.2 in C-sharp minor,"Dybicz, Jan Sára","https://imslp.org/wiki/Étude_No.2_in_C-sharp_minor_(Dybicz,_Jan_Sára)",piano,C-sharp minor,Romantic,,2017,Modern,3-4 minutes,89
Étude No.3,"Rozouvan, Valerij Stanislavovich","https://imslp.org/wiki/Étude_No.3_(Rozouvan,_Valerij_Stanislavovich)",piano,,Modern,,2009,Modern,,255
Étude No.3 in C minor,"Dybicz, Jan Sára","https://imslp.org/wiki/Étude_No.3_in_C_minor_(Dybicz,_Jan_Sára)",piano,C minor,Romantic,,2017,Modern,2-3 minutes,97
Étude No.4 in D-sharp minor,"Dybicz, Jan Sára","https://imslp.org/wiki/Étude_No.4_in_D-sharp_minor_(Dybicz,_Jan_Sára)",piano,D-sharp minor,Romantic,,2017,Modern,2-3 minutes,133
Étude No.5,"Rozouvan, Valerij Stanislavovich","https://imslp.org/wiki/Étude_No.5_(Rozouvan,_Valerij_Stanislavovich)",piano,,Modern,,2009,Modern,,253
Étude No.5 in C major,"Dybicz, Jan Sára","https://imslp.org/wiki/Étude_No.5_in_C_major_(Dybicz,_Jan_Sára)",piano,C major,Romantic,,2018,Modern,,88
Étude No.6,"Rozouvan, Valerij Stanislavovich","https://imslp.org/wiki/Étude_No.6_(Rozouvan,_Valerij_Stanislavovich)",piano,,Modern,,2009,Modern,,234
Étude No.7,"Rozouvan, Valerij Stanislavovich","https://imslp.org/wiki/Étude_No.7_(Rozouvan,_Valerij_Stanislavovich)",piano,,Modern,,2009,Modern,,222
"Étude Par Étudiant, Op.2","Wiseman, Edward J.","https://imslp.org/wiki/Étude_Par_Étudiant,_Op.2_(Wiseman,_Edward_J.)",guitar,D major,Modern,,2022,Modern,1-2 minutes,52
Étude Romantique,"Brier, Ella","https://imslp.org/wiki/Étude_Romantique_(Brier,_Ella)",piano,E major,Early 20th century,,,Early 20th century,,159
Étude alla barbaro,"Alkan, Charles-Valentin","https://imslp.org/wiki/Étude_alla_barbaro_(Alkan,_Charles-Valentin)",Piano,F major,Romantic,,,Romantic,2.5 minutes,0
Étude asthmatique,"Rossini, Gioacchino","https://imslp.org/wiki/Étude_asthmatique_(Rossini,_Gioacchino)",piano,E major,Romantic,,,Romantic,,1393
Étude asthmatique,"Rossini, Gioachino","https://imslp.org/wiki/Étude_asthmatique_(Rossini,_Gioachino)",piano,E major,Romantic,,,Romantic,,1393
Étude bibliographique sur le compositeur napolitain Luigi Rossi,"Wotquenne, Alfred","https://imslp.org/wiki/Étude_bibliographique_sur_le_compositeur_napolitain_Luigi_Rossi_(Wotquenne,_Alfred)",,,Romantic,,,Romantic,,336
Étude concertante No.2,"Erlanger, Frédéric d'","https://imslp.org/wiki/Étude_concertante_No.2_(Erlanger,_Frédéric_d')",piano,G minor,Romantic,,,Romantic,2-3 minutes,630
Étude d'après une petite valse de V. Dolmetsch,"Delaborde, Elie Miriam","https://imslp.org/wiki/Étude_d'après_une_petite_valse_de_V._Dolmetsch_(Delaborde,_Elie_Miriam)",piano,A-flat major,Romantic,,,Romantic,,60
Étude d'octaves,"Decombes, Émile","https://imslp.org/wiki/Étude_d'octaves_(Decombes,_Émile)",piano,A minor,Romantic,,,Romantic,,17
"Étude de Concert I, Op.22 No.2","Eckhardt-Gramatté, Sophie-Carmen","https://imslp.org/wiki/Étude_de_Concert_I,_Op.22_No.2_(Eckhardt-Gramatté,_Sophie-Carmen)",piano,G major,Romantic,,1910,Early 20th century,3 minutes,49
Étude de Concert No.1,"Mourey, Colette","https://imslp.org/wiki/Étude_de_Concert_No.1_(Mourey,_Colette)",piano,E minor,Modern,,2021,Modern,3 minutes,45
Étude de Déplacements,"Mourey, Colette","https://imslp.org/wiki/Étude_de_Déplacements_(Mourey,_Colette)",piano,C major,Modern,,,Modern,4 minutes,43
Étude de Salon,"Gedan, Jörg","https://imslp.org/wiki/Étude_de_Salon_(Gedan,_Jörg)","violin (or viola), piano",G major,Romantic,,1999,Modern,,86
Étude de Virtuosité No.1,"Mourey, Colette","https://imslp.org/wiki/Étude_de_Virtuosité_No.1_(Mourey,_Colette)",piano,C major,Modern,,2020,Modern,6 minutes,44
Étude de concert,"Delafosse, Léon","https://imslp.org/wiki/Étude_de_concert_(Delafosse,_Léon)",piano,G-flat major,Romantic,,,Romantic,,17
"Étude de concert No.1, Op.33","Wieniawski, Józef","https://imslp.org/wiki/Étude_de_concert_No.1,_Op.33_(Wieniawski,_Józef)",piano,G major,Romantic,,,Romantic,,111
"Étude de concert No.1, Op.7","Goria, Alexandre Édouard","https://imslp.org/wiki/Étude_de_concert_No.1,_Op.7_(Goria,_Alexandre_Édouard)",piano,E-flat major,Romantic,,,Romantic,,654
"Étude de concert No.1, Op.88","Sternberg, Constantin von","https://imslp.org/wiki/Étude_de_concert_No.1,_Op.88_(Sternberg,_Constantin_von)",piano,A-flat major,Romantic,,,Romantic,,27
Étude de concert No.2,"Delaborde, Elie Miriam","https://imslp.org/wiki/Étude_de_concert_No.2_(Delaborde,_Elie_Miriam)",piano,,Romantic,,,Romantic,,100
"Étude de concert No.2, Op.36","Wieniawski, Józef","https://imslp.org/wiki/Étude_de_concert_No.2,_Op.36_(Wieniawski,_Józef)",piano,A major,Romantic,,,Romantic,,84
"Étude de concert No.2, Op.8","Goria, Alexandre Édouard","https://imslp.org/wiki/Étude_de_concert_No.2,_Op.8_(Goria,_Alexandre_Édouard)",piano,E-flat major,Romantic,,,Romantic,,136
"Étude de concert No.2, Op.94","Sternberg, Constantin von","https://imslp.org/wiki/Étude_de_concert_No.2,_Op.94_(Sternberg,_Constantin_von)",piano,G-flat major,Romantic,,,Romantic,,24
Étude de concert No.4,"Regondi, Giulio","https://imslp.org/wiki/Étude_de_concert_No.4_(Regondi,_Giulio)",guitar,F major,Romantic,,,Romantic,,16
"Étude de concert No.4, Op.111","Sternberg, Constantin von","https://imslp.org/wiki/Étude_de_concert_No.4,_Op.111_(Sternberg,_Constantin_von)",piano,D-flat major,Romantic,,,Romantic,,15
"Étude de concert No.5, Op.115","Sternberg, Constantin von","https://imslp.org/wiki/Étude_de_concert_No.5,_Op.115_(Sternberg,_Constantin_von)",piano,F major,Romantic,,,Romantic,,19
"Étude de concert No.6, Op.117","Sternberg, Constantin von","https://imslp.org/wiki/Étude_de_concert_No.6,_Op.117_(Sternberg,_Constantin_von)",piano,E major,Romantic,,,Romantic,,17
"Étude de concert No.7, Op.118","Sternberg, Constantin von","https://imslp.org/wiki/Étude_de_concert_No.7,_Op.118_(Sternberg,_Constantin_von)",piano,C minor,Romantic,,,Romantic,,16
"Étude de concert, Op.134","Jaëll, Alfred","https://imslp.org/wiki/Étude_de_concert,_Op.134_(Jaëll,_Alfred)",piano,E-flat major,Romantic,,,Romantic,,454
"Étude de concert, Op.14","Béguin-Salomon, Louise","https://imslp.org/wiki/Étude_de_concert,_Op.14_(Béguin-Salomon,_Louise)",piano left hand,B-flat major,Romantic,,,Romantic,,51
"Étude de concert, Op.15","Forgues, Émile","https://imslp.org/wiki/Étude_de_concert,_Op.15_(Forgues,_Émile)",piano,F-sharp major,Romantic,,,Romantic,,128
"Étude de concert, Op.3","Tereshchenko, Nikolay","https://imslp.org/wiki/Étude_de_concert,_Op.3_(Tereshchenko,_Nikolay)",piano,E minor,Romantic,,,Romantic,,40
"Étude de concert, Op.55","Osborne, George Alexander","https://imslp.org/wiki/Étude_de_concert,_Op.55_(Osborne,_George_Alexander)",piano,E minor,Romantic,,,Romantic,,21
"Étude de concert, Op.7","Lécureux, Théodore","https://imslp.org/wiki/Étude_de_concert,_Op.7_(Lécureux,_Théodore)",Piano solo,E-flat major,Romantic,,,Romantic,,140
"Étude de concert, Op.75","Philipp, Isidor","https://imslp.org/wiki/Étude_de_concert,_Op.75_(Philipp,_Isidor)",piano,G minor,Romantic,,,Romantic,,9
"Étude de concert, Op.9","Mason, William","https://imslp.org/wiki/Étude_de_concert,_Op.9_(Mason,_William)",piano,,Romantic,,,Romantic,,621
"Étude de la main gauche seule, Op.20","Bovy-Lysberg, Charles Samuel","https://imslp.org/wiki/Étude_de_la_main_gauche_seule,_Op.20_(Bovy-Lysberg,_Charles_Samuel)",piano left hand,A-flat major,Romantic,,,Romantic,,38
Étude de salon,"Clark, Scotson","https://imslp.org/wiki/Étude_de_salon_(Clark,_Scotson)",piano,D minor,Romantic,,,Romantic,,59
"Étude de salon, Op.85bis","Bériot, Charles-Auguste de","https://imslp.org/wiki/Étude_de_salon,_Op.85bis_(Bériot,_Charles-Auguste_de)","violin, piano",,Romantic,,,Romantic,,49
Étude de style No.1,"Fauchey, Paul","https://imslp.org/wiki/Étude_de_style_No.1_(Fauchey,_Paul)",piano,A minor,Romantic,,,Romantic,,25
Étude en Ré Majeur,"Shi, Jack","https://imslp.org/wiki/Étude_en_Ré_Majeur_(Shi,_Jack)",piano,D major,Modern,,2022,Modern,3 minutes,44
"Étude en douze exercices, S.136","Liszt, Franz","https://imslp.org/wiki/Étude_en_douze_exercices,_S.136_(Liszt,_Franz)",piano,Intended to Uses all major and minor keys,Romantic,,1826,Romantic,,50031
"Étude en forme de variations, Op.17, BV 206","Busoni, Ferruccio","https://imslp.org/wiki/Étude_en_forme_de_variations,_Op.17,_BV_206_(Busoni,_Ferruccio)",piano,C-sharp minor,Romantic,,1883?,Romantic,,2541
Étude en sixtes,"Roger-Ducasse, Jean","https://imslp.org/wiki/Étude_en_sixtes_(Roger-Ducasse,_Jean)",piano,,Early 20th century,,1916,Romantic,,792
Étude for piano,"Carlos, Barbé Gonzálvez","https://imslp.org/wiki/Étude_for_piano_(Carlos,_Barbé_Gonzálvez)",piano,G major,Romantic,,2024,Modern,2 minutes,18
"Étude humoristique, Op.138","Chaminade, Cécile","https://imslp.org/wiki/Étude_humoristique,_Op.138_(Chaminade,_Cécile)",Piano,F ♯ minor,Early 20th century,,,Romantic,,1717
Étude in A-flat major,"Roger-Ducasse, Jean","https://imslp.org/wiki/Étude_in_A-flat_major_(Roger-Ducasse,_Jean)",piano,A-flat major,Early 20th century,,1916,Romantic,,582
Étude in C minor,"Ledhuy, Adolphe","https://imslp.org/wiki/Étude_in_C_minor_(Ledhuy,_Adolphe)",guitar,C minor,Romantic,,,Romantic,,376
Étude in C-sharp minor,"Shi, Jack","https://imslp.org/wiki/Étude_in_C-sharp_minor_(Shi,_Jack)",piano,C-sharp minor,Modern,,2022,Modern,,34
Étude in C-sharp minor,"Wolff, Édouard","https://imslp.org/wiki/Étude_in_C-sharp_minor_(Wolff,_Édouard)",piano,C-sharp minor,Romantic,,,Romantic,3–4 minutes,46
Étude in E-flat minor,"Wolff, Édouard","https://imslp.org/wiki/Étude_in_E-flat_minor_(Wolff,_Édouard)",piano,E-flat minor,Romantic,,,Romantic,4–5 minutes,38
Étude in F-sharp major,"Boëllmann, Léon","https://imslp.org/wiki/Étude_in_F-sharp_major_(Boëllmann,_Léon)",Piano,F ♯ major,Romantic,,,Romantic,4,550
Étude in G major,"Weinberger, Jaromír","https://imslp.org/wiki/Étude_in_G_major_(Weinberger,_Jaromír)",piano,G major,Early 20th century,,1924,Early 20th century,4 minutes,0
Étude in G-sharp minor,"Roger-Ducasse, Jean","https://imslp.org/wiki/Étude_in_G-sharp_minor_(Roger-Ducasse,_Jean)",piano,G-sharp minor,Early 20th century,,1914,Romantic,,1006
Étude journalière des gammes et arpèges,"Decombes, Émile","https://imslp.org/wiki/Étude_journalière_des_gammes_et_arpèges_(Decombes,_Émile)",piano,,Romantic,,,Romantic,,18
"Étude mélodique, Op.118","Chaminade, Cécile","https://imslp.org/wiki/Étude_mélodique,_Op.118_(Chaminade,_Cécile)",Piano,G-flat major,Romantic,,,Romantic,4 minutes,1950
Étude on a Theme by Bach,"First, Stavros","https://imslp.org/wiki/Étude_on_a_Theme_by_Bach_(First,_Stavros)",piano,D-sharp minor,Modern,,2026,Modern,3 minutes,0
Étude ou Exercice Journalier,"Punto, Giovanni","https://imslp.org/wiki/Étude_ou_Exercice_Journalier_(Punto,_Giovanni)",horn,,Classical,,,Classical,,145
"Étude pathétique, Op.124","Chaminade, Cécile","https://imslp.org/wiki/Étude_pathétique,_Op.124_(Chaminade,_Cécile)",Piano,B minor,Early 20th century,,,Romantic,,2070
Étude posthume,"Ysaÿe, Eugène","https://imslp.org/wiki/Étude_posthume_(Ysaÿe,_Eugène)",violin,G major,Romantic,,1886/05/10,Romantic,,0
"Étude pour Ia main gauche seule, V.13","Vaitzman, Or","https://imslp.org/wiki/Étude_pour_Ia_main_gauche_seule,_V.13_(Vaitzman,_Or)",piano left-hand,C minor,Romantic,,2018,Modern,,292
"Étude pour la main gauche sur le quatuor de l'opéra 'I Puritani' de Bellini, Op.80","Messemaeckers, Louis","https://imslp.org/wiki/Étude_pour_la_main_gauche_sur_le_quatuor_de_l'opéra_'I_Puritani'_de_Bellini,_Op.80_(Messemaeckers,_Louis)",piano left-hand,D major,Romantic,,,Romantic,,28
Étude pour le double pouce,"Mourey, Colette","https://imslp.org/wiki/Étude_pour_le_double_pouce_(Mourey,_Colette)",piano,C major,Modern,,2022,Modern,2 minutes,40
Étude pour le trille,"Wollenhaupt, Hermann Adolf","https://imslp.org/wiki/Étude_pour_le_trille_(Wollenhaupt,_Hermann_Adolf)",piano,,Romantic,,,Romantic,,777
Étude pour le violon,"Rodolphe, Jean-Joseph","https://imslp.org/wiki/Étude_pour_le_violon_(Rodolphe,_Jean-Joseph)",violin,,Classical,,,Classical,,79
Étude pour un orchestre d'harmonie,"Shigeta, Takuya","https://imslp.org/wiki/Étude_pour_un_orchestre_d'harmonie_(Shigeta,_Takuya)","Orchestra: piccolo, 2 flutes, oboe, piccolo clarinet (E ♭ ), 3 clarinets, alto clarinet, bass clarinet, bassoon 2 alto saxophones, tenor saxophone, baritone saxophone 4 horns, 3 trumpets, 3 trombones, euphonium, tuba timpani, wood blocks, tambourine, triangle, cymbals, glockenspiel, snare drum, xylophone, vibraphone, bass drum, double bass",B-flat major,Romantic,,2018,Modern,4 minutes,202
"Étude printanière, Op.1a","Chaminade, Cécile","https://imslp.org/wiki/Étude_printanière,_Op.1a_(Chaminade,_Cécile)",piano,A-flat major,Romantic,,1876,Romantic,,264
"Étude rapsodique, H.58","Bridge, Frank","https://imslp.org/wiki/Étude_rapsodique,_H.58_(Bridge,_Frank)",piano,,Early 20th century,,1905,Early 20th century,2.3 minutes,25
"Étude rhapsodique, Op.10","Bentzon, Jørgen","https://imslp.org/wiki/Étude_rhapsodique,_Op.10_(Bentzon,_Jørgen)",English horn,,Early 20th century,,,Early 20th century,,25
"Étude scolastique, Op.139","Chaminade, Cécile","https://imslp.org/wiki/Étude_scolastique,_Op.139_(Chaminade,_Cécile)",Piano solo,A minor,Romantic,,,Romantic,5 minutes,1365
Étude sur des modes antiques,"Jolivet, André","https://imslp.org/wiki/Étude_sur_des_modes_antiques_(Jolivet,_André)",piano,,Early 20th century,,1944,Modern,,24
Étude sur l'harmonie moderne,"Lenormand, René","https://imslp.org/wiki/Étude_sur_l'harmonie_moderne_(Lenormand,_René)",,,Romantic,,,Romantic,,391
Étude sur le doigté de la flûte Boehm,"Mahillon, Victor-Charles","https://imslp.org/wiki/Étude_sur_le_doigté_de_la_flûte_Boehm_(Mahillon,_Victor-Charles)",flute,,Romantic,,,Romantic,,81
Étude sur les notes de passage,"Koechlin, Charles","https://imslp.org/wiki/Étude_sur_les_notes_de_passage_(Koechlin,_Charles)",Book,,Early 20th century,,1920,Early 20th century,,1950
"Étude symphonique, Op.28","Chaminade, Cécile","https://imslp.org/wiki/Étude_symphonique,_Op.28_(Chaminade,_Cécile)",Piano,,Romantic,,,Romantic,,1469
"Étude symphonique, Op.45","Fairchild, Blair","https://imslp.org/wiki/Étude_symphonique,_Op.45_(Fairchild,_Blair)","Solo Violin + 3 flutes (1 takes piccolo), 2 oboes, English Horn, 2 clarinets, 2 bassoons, 4 horns, 2 trumpets, timpani, strings",D minor,Romantic,,,Early 20th century,,629
"Étude toccata, Op.16","Thurner, Théodore","https://imslp.org/wiki/Étude_toccata,_Op.16_(Thurner,_Théodore)",Piano,D major,Romantic,,,Romantic,,550
Étude trascendente No.8,"Ruiz Espadero, Nicolás","https://imslp.org/wiki/Étude_trascendente_No.8_(Ruiz_Espadero,_Nicolás)",piano,A-flat major,Romantic,,,Romantic,,152
Étude élémentaire de l'archet moderne,"Woldemar, Michel","https://imslp.org/wiki/Étude_élémentaire_de_l'archet_moderne_(Woldemar,_Michel)","violin, cello (unfigured continuo) - cello for theme & variations 1,2,4,5,8,10,12,13",D major,Classical,,,Classical,,442
"Étude, Op.10a","Labrecque, Denis G.","https://imslp.org/wiki/Étude,_Op.10a_(Labrecque,_Denis_G.)","violin, flute",,Modern,,2011,Modern,1 minute,2050
"Étude, Op.136","Bonis, Mel","https://imslp.org/wiki/Étude,_Op.136_(Bonis,_Mel)",piano,G-flat major,Romantic,,1927,Romantic,,0
"Étude, Op.3","Molitor, Friederike","https://imslp.org/wiki/Étude,_Op.3_(Molitor,_Friederike)",piano,E minor,Romantic,,,Romantic,,27
"Étude, Op.3 No.2","Winkler, Bolesław","https://imslp.org/wiki/Étude,_Op.3_No.2_(Winkler,_Bolesław)",piano,,Early 20th century,,,Early 20th century,,23
"Étude, Op.5","Forgues, Émile","https://imslp.org/wiki/Étude,_Op.5_(Forgues,_Émile)",piano,F major,Romantic,,,Romantic,,38
"Étude, Op.9","Kopylov, Aleksandr","https://imslp.org/wiki/Étude,_Op.9_(Kopylov,_Aleksandr)",piano,F major,Romantic,,,Romantic,,77
Étude-Caprice,"Gløersen, Christian August","https://imslp.org/wiki/Étude-Caprice_(Gløersen,_Christian_August)",piano,G minor,Romantic,,1909 ca.,Romantic,,6
Étude-Caprice de Paganini,"Armingaud, Jules","https://imslp.org/wiki/Étude-Caprice_de_Paganini_(Armingaud,_Jules)","violin, piano",A minor,Romantic,,,Romantic,,24
"Étude-Galop, Op.14","Viénot, Édouard","https://imslp.org/wiki/Étude-Galop,_Op.14_(Viénot,_Édouard)",piano,E-flat major,Romantic,,,Romantic,,7
Étude-caprice pour un ‘Tombeau de Chopin’,"Ibert, Jacques","https://imslp.org/wiki/Étude-caprice_pour_un_‘Tombeau_de_Chopin’_(Ibert,_Jacques)",cello solo,,Early 20th century,,1949,Early 20th century,,0
"Étude-caprice, Op.13","Allen, Charles N.","https://imslp.org/wiki/Étude-caprice,_Op.13_(Allen,_Charles_N.)","Violin, piano",,Romantic,,,Romantic,,484
"Étude-mazurke, Op.19","Talexy, Adrien","https://imslp.org/wiki/Étude-mazurke,_Op.19_(Talexy,_Adrien)",piano,E-flat major,Romantic,,,Romantic,,504
Étude-scherzo,"Tansman, Alexandre","https://imslp.org/wiki/Étude-scherzo_(Tansman,_Alexandre)",piano,,Early 20th century,,,Early 20th century,,49
Étude-tableau,"Pellejer, David","https://imslp.org/wiki/Étude-tableau_(Pellejer,_David)",piano,C minor,Early 20th century,,2010 ca.,Modern,,55
"Étude-trille, Op.53","Nowakowski, Józef","https://imslp.org/wiki/Étude-trille,_Op.53_(Nowakowski,_Józef)",piano,D-flat major,Romantic,,,Romantic,,56
"Études Preludes, Op.1","Brandes, Felipe","https://imslp.org/wiki/Études_Preludes,_Op.1_(Brandes,_Felipe)",piano,,Modern,,2016,Modern,6 minutes,107
"Études artistiques, Op.42","Godard, Benjamin","https://imslp.org/wiki/Études_artistiques,_Op.42_(Godard,_Benjamin)",piano,,Romantic,,,Romantic,,1632
"Études artistiques, Op.83","Ravina, Jean Henri","https://imslp.org/wiki/Études_artistiques,_Op.83_(Ravina,_Jean_Henri)",piano,,Romantic,,,Romantic,,1264
"Études artistiques, Op.91","Lack, Théodore","https://imslp.org/wiki/Études_artistiques,_Op.91_(Lack,_Théodore)",piano,,Romantic,,,Romantic,,1329
Études caractéristiques,"Lécureux, Théodore","https://imslp.org/wiki/Études_caractéristiques_(Lécureux,_Théodore)",piano,,Romantic,,,Romantic,,127
Études d'artistes,"Héritte-Viardot, Louise","https://imslp.org/wiki/Études_d'artistes_(Héritte-Viardot,_Louise)","Voice, piano",,Romantic,,,Romantic,,361
Études d'expression,"Urhan, Chrétien","https://imslp.org/wiki/Études_d'expression_(Urhan,_Chrétien)","Viola, piano",,Romantic,,,Romantic,,4579
Études d'exécution imminent,"Eisenbrey, Keith","https://imslp.org/wiki/Études_d'exécution_imminent_(Eisenbrey,_Keith)",piano solo,,Classical,,2013-21,Modern,,90
"Études d'exécution transcendante d'après Paganini, S.140","Liszt, Franz","https://imslp.org/wiki/Études_d'exécution_transcendante_d'après_Paganini,_S.140_(Liszt,_Franz)",piano,,Romantic,,1838-40,Romantic,,62312
"Études d'exécution transcendante, S.139","Liszt, Franz","https://imslp.org/wiki/Études_d'exécution_transcendante,_S.139_(Liszt,_Franz)",piano,"Uses all major and minor keys (together with 12 Études d'exécution transcendante , Op.11, by Sergey Lyapunov )",Romantic,,1851,Romantic,,177392
"Études de bravoure, Op.43","Lack, Théodore","https://imslp.org/wiki/Études_de_bravoure,_Op.43_(Lack,_Théodore)",1 piano,,Romantic,,,Romantic,,1190
Études de genre et d'interprétation,"Périer, Auguste","https://imslp.org/wiki/Études_de_genre_et_d'interprétation_(Périer,_Auguste)",clarinet,,Early 20th century,,,Early 20th century,,192
"Études de genre pour le piano, Op.16","Prudent, Émile","https://imslp.org/wiki/Études_de_genre_pour_le_piano,_Op.16_(Prudent,_Émile)",piano,,Romantic,,,Romantic,,703
"Études de genre, Op.154","Leduc, Alphonse","https://imslp.org/wiki/Études_de_genre,_Op.154_(Leduc,_Alphonse)",piano,,Romantic,,,Romantic,,37
"Études de l'agilité, Op.179","Herz, Henri","https://imslp.org/wiki/Études_de_l'agilité,_Op.179_(Herz,_Henri)",Piano solo,,Romantic,,ca.1854,Romantic,,1642
"Études de mécanisme, Op.95","Delioux, Charles","https://imslp.org/wiki/Études_de_mécanisme,_Op.95_(Delioux,_Charles)",Piano,,Romantic,,,Romantic,,301
"Études de style et de perfectionnement, Op.14","Ravina, Jean Henri","https://imslp.org/wiki/Études_de_style_et_de_perfectionnement,_Op.14_(Ravina,_Jean_Henri)",piano,,Romantic,,,Romantic,,4005
"Études de style et de perfectionnement, Op.36","Broustet, Édouard","https://imslp.org/wiki/Études_de_style_et_de_perfectionnement,_Op.36_(Broustet,_Édouard)",Piano solo,,Romantic,,,Romantic,,381
Études du second degré,"Anthiome, Eugène","https://imslp.org/wiki/Études_du_second_degré_(Anthiome,_Eugène)",Piano,,Romantic,,,Romantic,,272
"Études en octaves d'après J.S. Bach, Op.53","Philipp, Isidor","https://imslp.org/wiki/Études_en_octaves_d'après_J.S._Bach,_Op.53_(Philipp,_Isidor)",Piano,,Romantic,,1910,Romantic,,1818
"Études enfantines, Op.37","Lemoine, Henry","https://imslp.org/wiki/Études_enfantines,_Op.37_(Lemoine,_Henry)",piano,,Romantic,,,Romantic,,16525
Études et exercises techniques,"Moyse, Marcel","https://imslp.org/wiki/Études_et_exercises_techniques_(Moyse,_Marcel)",flute,,Romantic,,,Modern,,1246
Études et morceaux symphoniques,"Botte, Adolphe","https://imslp.org/wiki/Études_et_morceaux_symphoniques_(Botte,_Adolphe)",piano,,Romantic,,,Romantic,,36
"Études faciles, Op.18","Ledhuy, Adolphe","https://imslp.org/wiki/Études_faciles,_Op.18_(Ledhuy,_Adolphe)",guitar,,Romantic,,,Romantic,,60
"Études harmonieuses, Op.50","Ravina, Jean Henri","https://imslp.org/wiki/Études_harmonieuses,_Op.50_(Ravina,_Jean_Henri)",piano,,Romantic,,,Romantic,,2486
"Études harmoniques, Op.14","Sauzay, Eugène","https://imslp.org/wiki/Études_harmoniques,_Op.14_(Sauzay,_Eugène)","violin, optional 2nd violin",,Romantic,,,Romantic,,683
"Études instructives, Op.53","Hartmann, Johan Peter Emilius","https://imslp.org/wiki/Études_instructives,_Op.53_(Hartmann,_Johan_Peter_Emilius)",piano,,Romantic,,1851,Romantic,,506
Études latines,"Hahn, Reynaldo","https://imslp.org/wiki/Études_latines_(Hahn,_Reynaldo)","voice, piano",,Romantic,,,Early 20th century,,5839
"Études mignonnes, Op.31","Samie, Auguste","https://imslp.org/wiki/Études_mignonnes,_Op.31_(Samie,_Auguste)",violin,,Romantic,,,Romantic,,116
"Études modales, Op.74","Nielsen, Dan Ehlert","https://imslp.org/wiki/Études_modales,_Op.74_(Nielsen,_Dan_Ehlert)",piano,,Modern,,2007,Modern,,68
"Études mélodiques, Op.146","Leduc, Alphonse","https://imslp.org/wiki/Études_mélodiques,_Op.146_(Leduc,_Alphonse)",piano,,Romantic,,,Romantic,,31
"Études mélodiques, Op.33","Samie, Auguste","https://imslp.org/wiki/Études_mélodiques,_Op.33_(Samie,_Auguste)",violin,,Romantic,,,Romantic,,118
Études ou caprices,"Kreutzer, Rodolphe","https://imslp.org/wiki/Études_ou_caprices_(Kreutzer,_Rodolphe)",violin,,Romantic,,,Romantic,,210332
"Études pittoresques, Op.21","Stamaty, Camille","https://imslp.org/wiki/Études_pittoresques,_Op.21_(Stamaty,_Camille)",1 piano,,Romantic,,,Romantic,,1776
Études pour Demain,"Bedetti, Tiziano","https://imslp.org/wiki/Études_pour_Demain_(Bedetti,_Tiziano)",trumpet,,Modern,,2022,Modern,13' minutes,521
Études pour l'enseignement supérieur du hautbois,"Gillet, Georges","https://imslp.org/wiki/Études_pour_l'enseignement_supérieur_du_hautbois_(Gillet,_Georges)",Oboe,,Early 20th century,,,Romantic,,7015
"Études pour la jeunesse, Op.694","Czerny, Carl","https://imslp.org/wiki/Études_pour_la_jeunesse,_Op.694_(Czerny,_Carl)",piano,,Romantic,,,Romantic,,41
"Études poétiques, Op.75","Friml, Rudolf","https://imslp.org/wiki/Études_poétiques,_Op.75_(Friml,_Rudolf)",piano,,Romantic,,,Early 20th century,,252
Études progressives pour la clarinette,"Berr, Friedrich","https://imslp.org/wiki/Études_progressives_pour_la_clarinette_(Berr,_Friedrich)",clarinet,,Classical,,,Romantic,,126
"Études progressives, Op.32","Samie, Auguste","https://imslp.org/wiki/Études_progressives,_Op.32_(Samie,_Auguste)",violin,,Romantic,,,Romantic,,123
"Études préliminaires, Op.122","Depas, Ernest","https://imslp.org/wiki/Études_préliminaires,_Op.122_(Depas,_Ernest)",violin,,Romantic,,,Romantic,,131
"Études spéciales pour la main gauche, Op.75","Lack, Théodore","https://imslp.org/wiki/Études_spéciales_pour_la_main_gauche,_Op.75_(Lack,_Théodore)",Piano (Nos.6 and 12 are for the Left Hand Alone),,Romantic,,,Romantic,,1488
Études sur la musique ecclésiastique grecque,"Bourgault-Ducoudray, Louis-Albert","https://imslp.org/wiki/Études_sur_la_musique_ecclésiastique_grecque_(Bourgault-Ducoudray,_Louis-Albert)",,,Romantic,,,Romantic,,32
Études à quatre mains pour un commençant,"Roger-Ducasse, Jean","https://imslp.org/wiki/Études_à_quatre_mains_pour_un_commençant_(Roger-Ducasse,_Jean)",piano 4-hands,,Early 20th century,,"1910 (Books 1 and 2), 1917 (Book 3)",Romantic,,3579
Études élastiques,"Schoonenbeek, Kees","https://imslp.org/wiki/Études_élastiques_(Schoonenbeek,_Kees)",piano,,Modern,,2019,Modern,25 minutes,348
Études élémentaires,"Anthiome, Eugène","https://imslp.org/wiki/Études_élémentaires_(Anthiome,_Eugène)",Piano,,Romantic,,,Romantic,,326
Études élémentaires de la musique,"Elwart, Antoine","https://imslp.org/wiki/Études_élémentaires_de_la_musique_(Elwart,_Antoine)",,,Romantic,,,Romantic,,337
"Études, Op.10","Chopin, Frédéric","https://imslp.org/wiki/Études,_Op.10_(Chopin,_Frédéric)",piano,,Romantic,,1829-32,Romantic,,273228
"Études, Op.149","Godard, Benjamin","https://imslp.org/wiki/Études,_Op.149_(Godard,_Benjamin)",piano,,Romantic,,1893,Romantic,,7361
"Études, Op.25","Chopin, Frédéric","https://imslp.org/wiki/Études,_Op.25_(Chopin,_Frédéric)",piano,,Romantic,,1832-36,Romantic,,186027
"Études, Op.4","Battanchon, Félix","https://imslp.org/wiki/Études,_Op.4_(Battanchon,_Félix)",cello,,Romantic,,,Romantic,,68
"Études, Op.63","Méreaux, Jean-Amédée Lefroid de","https://imslp.org/wiki/Études,_Op.63_(Méreaux,_Jean-Amédée_Lefroid_de)",piano (No.59: piano with orchestra ad lib.),,Romantic,,,Romantic,,5733
"Études, Traits et Exercices, Op.93","Naderman, François-Joseph","https://imslp.org/wiki/Études,_Traits_et_Exercices,_Op.93_(Naderman,_François-Joseph)",harp,,Classical,,,Classical,,54
Études-Caprices en forme de duos,"Périer, Auguste","https://imslp.org/wiki/Études-Caprices_en_forme_de_duos_(Périer,_Auguste)",2 clarinets,,Early 20th century,,,Early 20th century,,95
"Études-fantaisies, Op.22","Ehrhardt, Andreas","https://imslp.org/wiki/Études-fantaisies,_Op.22_(Ehrhardt,_Andreas)","violin, piano",,Romantic,,,Romantic,,56
"Études-poésies, Opp.53 and 59","Haberbier, Ernst","https://imslp.org/wiki/Études-poésies,_Opp.53_and_59_(Haberbier,_Ernst)",piano,,Romantic,,,Romantic,,2419
Éveil,"Bouchard, Christian","https://imslp.org/wiki/Éveil_(Bouchard,_Christian)",guitar,D major,Modern,,1992,Modern,2 minutes,9
Éveil,"Massenet, Jules","https://imslp.org/wiki/Éveil_(Massenet,_Jules)","Voice, Piano",,Romantic,,1906,Romantic,,495
"Éveil!, Op.190","Renard, Casimir","https://imslp.org/wiki/Éveil!,_Op.190_(Renard,_Casimir)","voice, piano",F major,Early 20th century,,,Romantic,,8
Éveillez-vous,"Fosse, Paul","https://imslp.org/wiki/Éveillez-vous_(Fosse,_Paul)",orchestra,F major,Early 20th century,,,Early 20th century,,11
Éventail de Mademoiselle Mallarmé,"Zoubaloff, Jacques","https://imslp.org/wiki/Éventail_de_Mademoiselle_Mallarmé_(Zoubaloff,_Jacques)","voice, piano",,Early 20th century,,,Early 20th century,,12
Évocation,"Akimenko, Theodore","https://imslp.org/wiki/Évocation_(Akimenko,_Theodore)","violin, piano",,Romantic,,,Romantic,,8
Évocation,"Samazeuilh, Gustave","https://imslp.org/wiki/Évocation_(Samazeuilh,_Gustave)",piano,,Modern,,,Early 20th century,3 minutes,0
Évocation d'amour,"Holmès, Augusta Mary Anne","https://imslp.org/wiki/Évocation_d'amour_(Holmès,_Augusta_Mary_Anne)","voice, piano",,Romantic,,,Romantic,,37
Évocations,"Tomasi, Henri","https://imslp.org/wiki/Évocations_(Tomasi,_Henri)","oboe (or English horn, or saxophone)",,Early 20th century,,1967,Early 20th century,,0
Évolution de la Guitare,"Tessarech, Jacques","https://imslp.org/wiki/Évolution_de_la_Guitare_(Tessarech,_Jacques)",guitar,,Romantic,,,Romantic,,5
"Êh, companheiro, hum!","Folk Songs, Brazilian","https://imslp.org/wiki/Êh,_companheiro,_hum!_(Folk_Songs,_Brazilian)",voice,,Traditional (folk),,,,,14
Êta eu!,"Tupinambá, Marcelo","https://imslp.org/wiki/Êta_eu!_(Tupinambá,_Marcelo)","voice, piano; piano",C minor,Early 20th century,,,Early 20th century,,47
Être aimé,"Massenet, Jules","https://imslp.org/wiki/Être_aimé_(Massenet,_Jules)","Voice, Piano",,Romantic,,1893,Romantic,,638
Être ou ne pas être,"Tomasi, Henri","https://imslp.org/wiki/Être_ou_ne_pas_être_(Tomasi,_Henri)",bass trombone (or tuba) and three trombones,,Early 20th century,,1962,Early 20th century,6 minutes,0
Êtres élémentaux,"Mangen, Marc","https://imslp.org/wiki/Êtres_élémentaux_(Mangen,_Marc)",organ,,Modern,,2022,Modern,,28
Êxtase,"Nazareth, Ernesto","https://imslp.org/wiki/Êxtase_(Nazareth,_Ernesto)","piano ; voice, violin, piano",E major,Early 20th century,,1921 ca.,Early 20th century,,371
Í Betlehem er barn oss fætt,"Kaldalóns, Sigvaldi","https://imslp.org/wiki/Í_Betlehem_er_barn_oss_fætt_(Kaldalóns,_Sigvaldi)",mixed chorus (SATB),D major,Romantic,,,Romantic,,17
Í Svanahlíð,"Bjarnason, Friðrik","https://imslp.org/wiki/Í_Svanahlíð_(Bjarnason,_Friðrik)","voice, harmonium",F major,Romantic,,,Romantic,,6
Í Svanahlíð,Friðrik Bjarnason,https://imslp.org/wiki/Í_Svanahlíð_(Friðrik_Bjarnason),"voice, harmonium",F major,Romantic,,,Romantic,,6
Í Svanahlíð,"Kaldalóns, Sigvaldi","https://imslp.org/wiki/Í_Svanahlíð_(Kaldalóns,_Sigvaldi)","voice, piano",G-flat major,Romantic,,,Romantic,,8
Í Svanahlíð,"Thoroddsen, Emil","https://imslp.org/wiki/Í_Svanahlíð_(Thoroddsen,_Emil)",male chorus (TTBB),B-flat major,Romantic,,,Romantic,,8
Í dag vér höldum hátið þá,Jónas Tómasson,https://imslp.org/wiki/Í_dag_vér_höldum_hátið_þá_(Jónas_Tómasson),mixed chorus (SATB),E-flat major,Romantic,,,Romantic,,5
Í dag vér höldum hátið þá,"Tómasson, Jónas","https://imslp.org/wiki/Í_dag_vér_höldum_hátið_þá_(Tómasson,_Jónas)",mixed chorus (SATB),E-flat major,Romantic,,,Romantic,,5
Í dalnum,Björgvin Guðmundsson,https://imslp.org/wiki/Í_dalnum_(Björgvin_Guðmundsson),"voice, piano",C minor,Romantic,,1932,Romantic,,6
Í dalnum,"Guðmundsson, Björgvin","https://imslp.org/wiki/Í_dalnum_(Guðmundsson,_Björgvin)","voice, piano",C minor,Romantic,,1932,Romantic,,6
"Í djúpið, í djúpið mig langar",Bjarni Þorsteinsson,"https://imslp.org/wiki/Í_djúpið,_í_djúpið_mig_langar_(Bjarni_Þorsteinsson)","voice, piano",A minor,Romantic,,,Romantic,,52
"Í djúpið, í djúpið mig langar","Þorsteinsson, Bjarni","https://imslp.org/wiki/Í_djúpið,_í_djúpið_mig_langar_(Þorsteinsson,_Bjarni)","voice, piano",A minor,Romantic,,,Romantic,,52
Í landsýn,"Pálsson, Ísólfur","https://imslp.org/wiki/Í_landsýn_(Pálsson,_Ísólfur)",mixed chorus (SATB),B-flat major,Romantic,,1908,Romantic,,7
Í landsýn,Ísólfur Pálsson,https://imslp.org/wiki/Í_landsýn_(Ísólfur_Pálsson),mixed chorus (SATB),B-flat major,Romantic,,1908,Romantic,,7
Í rökkurró,Björgvin Guðmundsson,https://imslp.org/wiki/Í_rökkurró_(Björgvin_Guðmundsson),"voice, piano; male chorus (TTBB)",A minor,Romantic,,1932,Romantic,,12
Í rökkurró,"Guðmundsson, Björgvin","https://imslp.org/wiki/Í_rökkurró_(Guðmundsson,_Björgvin)","voice, piano; male chorus (TTBB)",A minor,Romantic,,1932,Romantic,,12
Í skóginum,"Guðmundsson, Loftur","https://imslp.org/wiki/Í_skóginum_(Guðmundsson,_Loftur)","voice, piano",G major,Romantic,,1919,Romantic,,4
Í skóginum,Loftur Guðmundsson,https://imslp.org/wiki/Í_skóginum_(Loftur_Guðmundsson),"voice, piano",G major,Romantic,,1919,Romantic,,4
Í svanalíki,Ingi T. Lárusson,https://imslp.org/wiki/Í_svanalíki_(Ingi_T._Lárusson),"voice, piano",,Romantic,,,Romantic,,4
Í svanalíki,"Lárusson, Ingi T.","https://imslp.org/wiki/Í_svanalíki_(Lárusson,_Ingi_T.)","voice, piano",,Romantic,,,Romantic,,4
Íbis,"Souto, Eduardo","https://imslp.org/wiki/Íbis_(Souto,_Eduardo)",piano,A major,Early 20th century,,1919,Early 20th century,,34
Íkaros,"Derecskei, András","https://imslp.org/wiki/Íkaros_(Derecskei,_András)",alto flute,,Modern,,2018,Modern,2 minutes,613
Ím az Úrnak nagy neve,"Rieth, József","https://imslp.org/wiki/Ím_az_Úrnak_nagy_neve_(Rieth,_József)",mixed chorus (SATB),E-flat major,Modern,,2011,Modern,,6
"Íme, leszállnak a mennyböl Isten Szent Angyalai","Lovas, Imre","https://imslp.org/wiki/Íme,_leszállnak_a_mennyböl_Isten_Szent_Angyalai_(Lovas,_Imre)","mixed chorus, organ or keyboard",A major,Classical,,2020,Modern,9 minutes,32
Íntimo segredo...,"Carvalho, Carlos T. de","https://imslp.org/wiki/Íntimo_segredo..._(Carvalho,_Carlos_T._de)",piano,A-flat major,Romantic,,1913 ca.,Romantic,,17
Ísland,"Friðfinnsson, Jón","https://imslp.org/wiki/Ísland_(Friðfinnsson,_Jón)",mixed chorus (SATB),D major,Romantic,,,Romantic,,4
Ísland,Halldór Jónsson,https://imslp.org/wiki/Ísland_(Halldór_Jónsson),"male chorus (TTBB); voice, harmonium (or piano)",,Romantic,,,Romantic,,10
Ísland,"Helgason, Helgi","https://imslp.org/wiki/Ísland_(Helgason,_Helgi)",mixed chorus (SATB),C major,Romantic,,,Romantic,,11
Ísland,Helgi Helgason,https://imslp.org/wiki/Ísland_(Helgi_Helgason),mixed chorus (SATB),C major,Romantic,,,Romantic,,11
Ísland,Jón Friðfinnsson,https://imslp.org/wiki/Ísland_(Jón_Friðfinnsson),mixed chorus (SATB),D major,Romantic,,,Romantic,,4
Ísland,"Jónsson, Halldór","https://imslp.org/wiki/Ísland_(Jónsson,_Halldór)","male chorus (TTBB); voice, harmonium (or piano)",,Romantic,,,Romantic,,10
Ísland,"Kaldalóns, Sigvaldi","https://imslp.org/wiki/Ísland_(Kaldalóns,_Sigvaldi)",mixed chorus (SATB),E-flat major,Romantic,,,Romantic,,7
Ísland,"Laxdal, Jón","https://imslp.org/wiki/Ísland_(Laxdal,_Jón)",mixed chorus (SATB),D major,Romantic,,,Romantic,,12
Ísland,Sigurður Þórðarson,https://imslp.org/wiki/Ísland_(Sigurður_Þórðarson),male chorus (TTBB),D major,Romantic,,,Romantic,,16
Ísland,"Þórðarson, Sigurður","https://imslp.org/wiki/Ísland_(Þórðarson,_Sigurður)",male chorus (TTBB),D major,Romantic,,,Romantic,,16
Ísland - Þú nafnkunna landið,"Kaldalóns, Sigvaldi","https://imslp.org/wiki/Ísland_-_Þú_nafnkunna_landið_(Kaldalóns,_Sigvaldi)",male chorus (TTBB); mixed chorus (SATB),,Romantic,,,Romantic,,4
Ísland ögrum skorið,"Kaldalóns, Sigvaldi","https://imslp.org/wiki/Ísland_ögrum_skorið_(Kaldalóns,_Sigvaldi)","voice, piano; mixed chorus (SATB); male chorus (TTBB)",F major,Romantic,,1926,Romantic,,6
"Ísland, farsælda frón","Helgason, Helgi","https://imslp.org/wiki/Ísland,_farsælda_frón_(Helgason,_Helgi)",mixed chorus (SATB),C major,Romantic,,,Romantic,,4
"Ísland, farsælda frón",Helgi Helgason,"https://imslp.org/wiki/Ísland,_farsælda_frón_(Helgi_Helgason)",mixed chorus (SATB),C major,Romantic,,,Romantic,,4
Íslandi ríður á,"Bjarnason, Friðrik","https://imslp.org/wiki/Íslandi_ríður_á_(Bjarnason,_Friðrik)",male chorus (TTBB),C major,Romantic,,,Romantic,,5
Íslandi ríður á,Friðrik Bjarnason,https://imslp.org/wiki/Íslandi_ríður_á_(Friðrik_Bjarnason),male chorus (TTBB),C major,Romantic,,,Romantic,,5
Íslands Hrafnistumenn,"Kaldalóns, Sigvaldi","https://imslp.org/wiki/Íslands_Hrafnistumenn_(Kaldalóns,_Sigvaldi)",male chorus (TTBB),A major,Romantic,,,Romantic,,7
Íslands Hrafnistumenn,"Thoroddsen, Emil","https://imslp.org/wiki/Íslands_Hrafnistumenn_(Thoroddsen,_Emil)","voice, piano",B minor,Romantic,,,Romantic,,9
Íslands lag,Björgvin Guðmundsson,https://imslp.org/wiki/Íslands_lag_(Björgvin_Guðmundsson),"solo voice, mixed chorus (SATB); solo voice, female or children's choir (SAA)",A-flat major,Romantic,,1914,Romantic,,10
Íslands lag,"Guðmundsson, Björgvin","https://imslp.org/wiki/Íslands_lag_(Guðmundsson,_Björgvin)","solo voice, mixed chorus (SATB); solo voice, female or children's choir (SAA)",A-flat major,Romantic,,1914,Romantic,,10
Íslands þúsund ár,Björgvin Guðmundsson,https://imslp.org/wiki/Íslands_þúsund_ár_(Björgvin_Guðmundsson),"tenor, bass, mixed chorus (SATB), piano",,Romantic,,1929,Romantic,,11
Íslands þúsund ár,"Guðmundsson, Björgvin","https://imslp.org/wiki/Íslands_þúsund_ár_(Guðmundsson,_Björgvin)","tenor, bass, mixed chorus (SATB), piano",,Romantic,,1929,Romantic,,11
Íslandsdætur,"Einarsson, Sigfús","https://imslp.org/wiki/Íslandsdætur_(Einarsson,_Sigfús)","voice, harmonium",F major,Romantic,,1918,Romantic,,6
Íslandsdætur,Sigfús Einarsson,https://imslp.org/wiki/Íslandsdætur_(Sigfús_Einarsson),"voice, harmonium",F major,Romantic,,1918,Romantic,,6
Íslandsfjöll,"Wiehe, Holger","https://imslp.org/wiki/Íslandsfjöll_(Wiehe,_Holger)",male chorus (TTBB),D major,Romantic,,,Romantic,,8
Íslandsfáni,Bjarni Þorsteinsson,https://imslp.org/wiki/Íslandsfáni_(Bjarni_Þorsteinsson),"mixed chorus (SATB); male chorus (TTBB); voice, piano",,Romantic,,1918,Romantic,,44
Íslandsfáni,Jónas Tómasson,https://imslp.org/wiki/Íslandsfáni_(Jónas_Tómasson),"mixed chorus (SATB), piano",E-flat major,Romantic,,,Romantic,,9
Íslandsfáni,"Tómasson, Jónas","https://imslp.org/wiki/Íslandsfáni_(Tómasson,_Jónas)","mixed chorus (SATB), piano",E-flat major,Romantic,,,Romantic,,9
Íslandsfáni,"Þorsteinsson, Bjarni","https://imslp.org/wiki/Íslandsfáni_(Þorsteinsson,_Bjarni)","mixed chorus (SATB); male chorus (TTBB); voice, piano",,Romantic,,1918,Romantic,,44
Íslandsljóð,Jónas Tómasson,https://imslp.org/wiki/Íslandsljóð_(Jónas_Tómasson),"voice, harmonium",F major,Romantic,,,Romantic,,2
Íslandsljóð,"Laxdal, Jón","https://imslp.org/wiki/Íslandsljóð_(Laxdal,_Jón)","mixed chorus (SATB), piano (or harmonium)",B-flat major,Romantic,,,Romantic,,13
Íslandsljóð,"Tómasson, Jónas","https://imslp.org/wiki/Íslandsljóð_(Tómasson,_Jónas)","voice, harmonium",F major,Romantic,,,Romantic,,2
Íslandsvísur,"Guðmundsson, Loftur","https://imslp.org/wiki/Íslandsvísur_(Guðmundsson,_Loftur)","voice, piano",C-sharp minor,Romantic,,1920,Romantic,,8
Íslandsvísur,"Kaldalóns, Sigvaldi","https://imslp.org/wiki/Íslandsvísur_(Kaldalóns,_Sigvaldi)",male chorus (TTBB),E-flat major,Romantic,,,Romantic,,7
Íslandsvísur,Loftur Guðmundsson,https://imslp.org/wiki/Íslandsvísur_(Loftur_Guðmundsson),"voice, piano",C-sharp minor,Romantic,,1920,Romantic,,8
Íslendingaslagur,Halldór Jónsson,https://imslp.org/wiki/Íslendingaslagur_(Halldór_Jónsson),"male chorus (TTBB); voice, harmonium (or piano)",,Romantic,,,Romantic,,10
Íslenzk sálmasöngsbók,Bjarni Þorsteinsson,https://imslp.org/wiki/Íslenzk_sálmasöngsbók_(Bjarni_Þorsteinsson),SATB chorus,,Romantic,,,Romantic,,3
Íslenzk þjóðlög,Sveinbjörn Sveinbjörnsson,https://imslp.org/wiki/Íslenzk_þjóðlög_(Sveinbjörn_Sveinbjörnsson),"voice, piano",,Romantic,,,Romantic,,50
Ðøršnĳp Uicðrĳøg 0004,"Sakamoto, Kousaku","https://imslp.org/wiki/Ðøršnĳp_Uicðrĳøg_0004_(Sakamoto,_Kousaku)",keyboard,,Modern,,2023,Modern,,42
Ðøršnĳp Uicðrĳøg 0022,"Sakamoto, Kousaku","https://imslp.org/wiki/Ðøršnĳp_Uicðrĳøg_0022_(Sakamoto,_Kousaku)",keyboard,,Modern,,2025,Modern,,40
Ðøršnĳp Uicðrĳøg 0038,"Sakamoto, Kousaku","https://imslp.org/wiki/Ðøršnĳp_Uicðrĳøg_0038_(Sakamoto,_Kousaku)",keyboard,,Modern,,2023,Modern,,56
Ðøršnĳp Uicðrĳøg 0048,"Sakamoto, Kousaku","https://imslp.org/wiki/Ðøršnĳp_Uicðrĳøg_0048_(Sakamoto,_Kousaku)",keyboard,,Modern,,2024,Modern,,40
Ño Juan Carlos,"Morales, Justo Tomás","https://imslp.org/wiki/Ño_Juan_Carlos_(Morales,_Justo_Tomás)",3 guitars,,Early 20th century,,,Early 20th century,,15
Ñucanchipac Yarahui,"Durán, Corsino","https://imslp.org/wiki/Ñucanchipac_Yarahui_(Durán,_Corsino)",piano,D minor,Romantic,,1947 ca.,Modern,2 minutes,17
Ò Divino Jesus,"Gonima, Manuel","https://imslp.org/wiki/Ò_Divino_Jesus_(Gonima,_Manuel)","soprano, oboe, continuo",B-flat major,Baroque,,1739,Baroque,15 minutes,79
Ó Atyánk Téged a Fiút Igédet,"Lovas, Imre","https://imslp.org/wiki/Ó_Atyánk_Téged_a_Fiút_Igédet_(Lovas,_Imre)","Voice, Keyboard",A major,Modern,,2013 (April 23),Modern,1/2 minute,129
Ó Bendito e único Soberano,"Oliveira, Jailton de","https://imslp.org/wiki/Ó_Bendito_e_único_Soberano_(Oliveira,_Jailton_de)",Mixed chorus,,Modern,,2010,Modern,1 minute,155
"Ó Rama, Ó Que Linda Rama","Rebelo, José Eduardo","https://imslp.org/wiki/Ó_Rama,_Ó_Que_Linda_Rama_(Rebelo,_José_Eduardo)",Mixed chorus (SATB),B ♭ major,Modern,,,Modern,,565
Ó Río a Lavar,"Viro, Angel","https://imslp.org/wiki/Ó_Río_a_Lavar_(Viro,_Angel)",Choir SATB,,Modern,,,Modern,,256
Ó Virgem do Rosário,Anonymous,https://imslp.org/wiki/Ó_Virgem_do_Rosário_(Anonymous),,C major,Early 20th century,,2025,,2 minutes,21
Ó abre alas,"Gonzaga, Chiquinha","https://imslp.org/wiki/Ó_abre_alas_(Gonzaga,_Chiquinha)","voice, piano",F minor,Romantic,,1899,Romantic,,767
Ó celeste São Judas Tadeu,Anonymous,https://imslp.org/wiki/Ó_celeste_São_Judas_Tadeu_(Anonymous),"voice, organ",G major,Early 20th century,,,,,200
Ó glorioso São Judas Tadeu,Anonymous,https://imslp.org/wiki/Ó_glorioso_São_Judas_Tadeu_(Anonymous),orchestra,A-flat major,Early 20th century,,2025,,2 minutes,27
Ó glorioso São Judas Tadeu,"Santos, Marcos Vinicius Ribeiro dos","https://imslp.org/wiki/Ó_glorioso_São_Judas_Tadeu_(Santos,_Marcos_Vinicius_Ribeiro_dos)",,,,,,,,0
Ó mão de lixa,Sinhô,https://imslp.org/wiki/Ó_mão_de_lixa_(Sinhô),"voice, piano",D-flat major,Early 20th century,,,Early 20th century,,45
Ó que linda missa nova,"Folk Songs, Brazilian","https://imslp.org/wiki/Ó_que_linda_missa_nova_(Folk_Songs,_Brazilian)",voice,,Traditional (folk),,,,,311
"Ó sabiá, vai pro teu ninho","Folk Songs, Brazilian","https://imslp.org/wiki/Ó_sabiá,_vai_pro_teu_ninho_(Folk_Songs,_Brazilian)",voice,,Traditional (folk),,,,,151
"Ó vida da minha vida, Op.19","Fernández, Oscar Lorenzo","https://imslp.org/wiki/Ó_vida_da_minha_vida,_Op.19_(Fernández,_Oscar_Lorenzo)","voice, piano",,Early 20th century,,1923,Early 20th century,,9
Ó virgens!,"Braga, Antônio Francisco","https://imslp.org/wiki/Ó_virgens!_(Braga,_Antônio_Francisco)","voice, piano",F major,Romantic,,,Romantic,,6
"Ó, blessuð vertu sumarsól",Ingi T. Lárusson,"https://imslp.org/wiki/Ó,_blessuð_vertu_sumarsól_(Ingi_T._Lárusson)","voice, piano",,Romantic,,1899,Romantic,,9
"Ó, blessuð vertu sumarsól","Lárusson, Ingi T.","https://imslp.org/wiki/Ó,_blessuð_vertu_sumarsól_(Lárusson,_Ingi_T.)","voice, piano",,Romantic,,1899,Romantic,,9
"Ó, blessuð vertu, sumarsól","Helgason, Helgi","https://imslp.org/wiki/Ó,_blessuð_vertu,_sumarsól_(Helgason,_Helgi)",mixed chorus (SATB),B-flat major,Romantic,,,Romantic,,10
"Ó, blessuð vertu, sumarsól",Helgi Helgason,"https://imslp.org/wiki/Ó,_blessuð_vertu,_sumarsól_(Helgi_Helgason)",mixed chorus (SATB),B-flat major,Romantic,,,Romantic,,10
"Ó, faðir gjör mig lítið ljós",Jónas Tómasson,"https://imslp.org/wiki/Ó,_faðir_gjör_mig_lítið_ljós_(Jónas_Tómasson)","mixed chorus (SATB), piano or harmonium (interlude only)",A-flat major,Romantic,,,Romantic,,0
"Ó, faðir gjör mig lítið ljós","Tómasson, Jónas","https://imslp.org/wiki/Ó,_faðir_gjör_mig_lítið_ljós_(Tómasson,_Jónas)","mixed chorus (SATB), piano or harmonium (interlude only)",A-flat major,Romantic,,,Romantic,,0
"Ó, faðir, gjör mig lítið ljós","Helgason, Helgi","https://imslp.org/wiki/Ó,_faðir,_gjör_mig_lítið_ljós_(Helgason,_Helgi)",mixed chorus (SATB),G major,Romantic,,,Romantic,,11
"Ó, faðir, gjör mig lítið ljós",Helgi Helgason,"https://imslp.org/wiki/Ó,_faðir,_gjör_mig_lítið_ljós_(Helgi_Helgason)",mixed chorus (SATB),G major,Romantic,,,Romantic,,11
"Ó, fögur er vor fósturjörð","Einarsson, Sigfús","https://imslp.org/wiki/Ó,_fögur_er_vor_fósturjörð_(Einarsson,_Sigfús)",male chorus (TTBB),C major,Romantic,,,Romantic,,6
"Ó, fögur er vor fósturjörð",Halldór Jónsson,"https://imslp.org/wiki/Ó,_fögur_er_vor_fósturjörð_(Halldór_Jónsson)","voice, harmonium (or piano)",G major,Romantic,,,Romantic,,6
"Ó, fögur er vor fósturjörð","Pálsson, Ísólfur","https://imslp.org/wiki/Ó,_fögur_er_vor_fósturjörð_(Pálsson,_Ísólfur)","voice, piano",G major,Romantic,,1934,Romantic,,8
"Ó, fögur er vor fósturjörð",Sigfús Einarsson,"https://imslp.org/wiki/Ó,_fögur_er_vor_fósturjörð_(Sigfús_Einarsson)",male chorus (TTBB),C major,Romantic,,,Romantic,,6
"Ó, fögur er vor fósturjörð",Sveinbjörn Sveinbjörnsson,"https://imslp.org/wiki/Ó,_fögur_er_vor_fósturjörð_(Sveinbjörn_Sveinbjörnsson)",Male Chorus,G major,Romantic,,,Romantic,,185
"Ó, fögur er vor fósturjörð","Sveinbjörnsson, Sveinbjörn","https://imslp.org/wiki/Ó,_fögur_er_vor_fósturjörð_(Sveinbjörnsson,_Sveinbjörn)",Male Chorus,G major,Romantic,,,Romantic,,185
"Ó, fögur er vor fósturjörð","Thorsteinson, Árni","https://imslp.org/wiki/Ó,_fögur_er_vor_fósturjörð_(Thorsteinson,_Árni)",male chorus (TTBB),G major,Romantic,,,Romantic,,4
"Ó, fögur er vor fósturjörð",Árni Thorsteinson,"https://imslp.org/wiki/Ó,_fögur_er_vor_fósturjörð_(Árni_Thorsteinson)",male chorus (TTBB),G major,Romantic,,,Romantic,,4
"Ó, fögur er vor fósturjörð",Ísólfur Pálsson,"https://imslp.org/wiki/Ó,_fögur_er_vor_fósturjörð_(Ísólfur_Pálsson)","voice, piano",G major,Romantic,,1934,Romantic,,8
"Ó, herra, lát í heimi það",Björn Kristjánsson,"https://imslp.org/wiki/Ó,_herra,_lát_í_heimi_það_(Björn_Kristjánsson)",mixed chorus (SATB),F major,Romantic,,,Romantic,,5
"Ó, herra, lát í heimi það","Kristjánsson, Björn","https://imslp.org/wiki/Ó,_herra,_lát_í_heimi_það_(Kristjánsson,_Björn)",mixed chorus (SATB),F major,Romantic,,,Romantic,,5
"Ó, hversu mjög er ætíð sælt að eiga",Hallgrímur Þorsteinsson,"https://imslp.org/wiki/Ó,_hversu_mjög_er_ætíð_sælt_að_eiga_(Hallgrímur_Þorsteinsson)",mixed chorus (SATB),F minor,Romantic,,,Romantic,,4
"Ó, hversu mjög er ætíð sælt að eiga","Þorsteinsson, Hallgrímur","https://imslp.org/wiki/Ó,_hversu_mjög_er_ætíð_sælt_að_eiga_(Þorsteinsson,_Hallgrímur)",mixed chorus (SATB),F minor,Romantic,,,Romantic,,4
"Ó, szép fenyő","Hegyháti, Máté","https://imslp.org/wiki/Ó,_szép_fenyő_(Hegyháti,_Máté)",Voice (solo),,Ancient,,,Modern,,790
Óhræsið,Björgvin Guðmundsson,https://imslp.org/wiki/Óhræsið_(Björgvin_Guðmundsson),mixed chorus (SATB),G minor,Romantic,,1937,Romantic,,11
Óhræsið,"Guðmundsson, Björgvin","https://imslp.org/wiki/Óhræsið_(Guðmundsson,_Björgvin)",mixed chorus (SATB),G minor,Romantic,,1937,Romantic,,11
Ólafur liljurós,Björgvin Guðmundsson,https://imslp.org/wiki/Ólafur_liljurós_(Björgvin_Guðmundsson),female chorus or children's chorus (SSA),F major,Romantic,,,Romantic,,0
Ólafur liljurós,"Guðmundsson, Björgvin","https://imslp.org/wiki/Ólafur_liljurós_(Guðmundsson,_Björgvin)",female chorus or children's chorus (SSA),F major,Romantic,,,Romantic,,0
Ólafur liljurós,Halldór Jónsson,https://imslp.org/wiki/Ólafur_liljurós_(Halldór_Jónsson),"voice, harmonium (or piano)",G major,Romantic,,,Romantic,,9
Ólafur liljurós,Sigfús Einarsson,https://imslp.org/wiki/Ólafur_liljurós_(Sigfús_Einarsson),male chorus (TTBB),A major,Romantic,,,Romantic,,10
Ólafur og álfamær,Sveinbjörn Sveinbjörnsson,https://imslp.org/wiki/Ólafur_og_álfamær_(Sveinbjörn_Sveinbjörnsson),Men's Choir,B-flat major,Romantic,,,Romantic,,216
Ólafur og álfamær,"Sveinbjörnsson, Sveinbjörn","https://imslp.org/wiki/Ólafur_og_álfamær_(Sveinbjörnsson,_Sveinbjörn)",Men's Choir,B-flat major,Romantic,,,Romantic,,216
Ólund,Halldór Jónsson,https://imslp.org/wiki/Ólund_(Halldór_Jónsson),"voice, harmonium (or piano)",A minor,Romantic,,,Romantic,,4
Ómagyar Mária-siralom,"Beischer-Matyó, Tamás","https://imslp.org/wiki/Ómagyar_Mária-siralom_(Beischer-Matyó,_Tamás)",1 voice (contralto on the recording),,Modern,,2000,Modern,4 minutes,347
Ópera Balmori,"Quiroz Alcántara, Mario","https://imslp.org/wiki/Ópera_Balmori_(Quiroz_Alcántara,_Mario)","Chorus, Orchestra",a modal,Modern,,2007-11,Modern,100 minutes,380
Órar,Jónas Pálsson,https://imslp.org/wiki/Órar_(Jónas_Pálsson),mixed chorus (SATB),A-flat major,Romantic,,,Romantic,,4
Órar,"Pálsson, Jónas","https://imslp.org/wiki/Órar_(Pálsson,_Jónas)",mixed chorus (SATB),A-flat major,Romantic,,,Romantic,,4
Órgano,"Bernal, Jes","https://imslp.org/wiki/Órgano_(Bernal,_Jes)",17 wind instruments,,Modern,,2018,Modern,13 minutes,14
"Órgano composición, Op.29","Ruaimi, Nicholas","https://imslp.org/wiki/Órgano_composición,_Op.29_(Ruaimi,_Nicholas)",Organ,,Modern,,2012,Modern,,329
"Órgano composición, Op.47","Ruaimi, Nicholas","https://imslp.org/wiki/Órgano_composición,_Op.47_(Ruaimi,_Nicholas)",Organ,,Modern,,2012,Modern,,283
"Órgano de Halloween, Op.62","Ruaimi, Nicholas","https://imslp.org/wiki/Órgano_de_Halloween,_Op.62_(Ruaimi,_Nicholas)",Organ,,Modern,,2012,Modern,,641
Ósk og ætlun,"Guðmundsson, Loftur","https://imslp.org/wiki/Ósk_og_ætlun_(Guðmundsson,_Loftur)","voice, piano",E major,Romantic,,1920,Romantic,,5
Ósk og ætlun,Loftur Guðmundsson,https://imslp.org/wiki/Ósk_og_ætlun_(Loftur_Guðmundsson),"voice, piano",E major,Romantic,,1920,Romantic,,5
Óskin,Halldór Jónsson,https://imslp.org/wiki/Óskin_(Halldór_Jónsson),"voice, harmonium",G minor,Romantic,,,Romantic,,4
Óskin,"Jónsson, Halldór","https://imslp.org/wiki/Óskin_(Jónsson,_Halldór)","voice, harmonium",G minor,Romantic,,,Romantic,,4
Óskir elskandans,"Friðfinnsson, Jón","https://imslp.org/wiki/Óskir_elskandans_(Friðfinnsson,_Jón)",male chorus (TTBB),F major,Romantic,,,Romantic,,7
Óskir elskandans,Jón Friðfinnsson,https://imslp.org/wiki/Óskir_elskandans_(Jón_Friðfinnsson),male chorus (TTBB),F major,Romantic,,,Romantic,,7
Óveður,"Guðmundsson, Loftur","https://imslp.org/wiki/Óveður_(Guðmundsson,_Loftur)","voice, piano",B minor,Romantic,,1919,Romantic,,9
Óveður,Loftur Guðmundsson,https://imslp.org/wiki/Óveður_(Loftur_Guðmundsson),"voice, piano",B minor,Romantic,,1919,Romantic,,9
Ô Canada,"Lavallée, Calixa","https://imslp.org/wiki/Ô_Canada_(Lavallée,_Calixa)","mixed chorus (SATB), orchestra",,Romantic,,1880,Romantic,,16350
"Ô Canada, Ma Patrie","Contant, Alexis","https://imslp.org/wiki/Ô_Canada,_Ma_Patrie_(Contant,_Alexis)","voice, piano",,Romantic,,,Romantic,,331
"Ô Marie, conçue sans péché","Descarries, Auguste","https://imslp.org/wiki/Ô_Marie,_conçue_sans_péché_(Descarries,_Auguste)",3 equal voices and organ,E major,Early 20th century,,1938,Early 20th century,,353
"Ô Solitude, Op.44","Queval, Christophe","https://imslp.org/wiki/Ô_Solitude,_Op.44_(Queval,_Christophe)",piano,,Modern,,2014,Modern,21 minutes,128
Ô St. Esprit ! donnez-nous vos lumières,"Lefébure-Wely, Isaac-François","https://imslp.org/wiki/Ô_St._Esprit_!_donnez-nous_vos_lumières_(Lefébure-Wely,_Isaac-François)",organ,A minor,Classical,,1805-23 in Recueil de tous les airs consacrés pour le temps de Noël (No.8),Classical,,362
Ô belle France!,"Corbin, Albert","https://imslp.org/wiki/Ô_belle_France!_(Corbin,_Albert)",orchestra,D major,Romantic,,,Romantic,,13
Ô de casa?!..,"Tupinambá, Marcelo","https://imslp.org/wiki/Ô_de_casa?!.._(Tupinambá,_Marcelo)",piano,F major,Early 20th century,,,Early 20th century,,11
Ô divin rossignol!,"Carissan, Célanie","https://imslp.org/wiki/Ô_divin_rossignol!_(Carissan,_Célanie)","voice, piano",,Early 20th century,,,Romantic,,11
Ô douce chimère,"Bruguière, Édouard","https://imslp.org/wiki/Ô_douce_chimère_(Bruguière,_Édouard)","1-2 voices, guitar (by Meissonnier)",,Romantic,,,Romantic,,22
Ô fons Bandusiae!,"Hahn, Reynaldo","https://imslp.org/wiki/Ô_fons_Bandusiae!_(Hahn,_Reynaldo)","soprano, female chorus (SA), piano",,Romantic,,1902,Early 20th century,,639
"Ô ma belle rebelle, CG 414","Gounod, Charles","https://imslp.org/wiki/Ô_ma_belle_rebelle,_CG_414_(Gounod,_Charles)","voice, piano",G minor,Romantic,,1850,Romantic,,2922
Ô ma charmante,"Lacombe, Louis","https://imslp.org/wiki/Ô_ma_charmante_(Lacombe,_Louis)","voice, piano",,Romantic,,,Romantic,,71
"Ô ma charmante, épargnez moi!, Op.44","Gottschalk, Louis Moreau","https://imslp.org/wiki/Ô_ma_charmante,_épargnez_moi!,_Op.44_(Gottschalk,_Louis_Moreau)",Piano,D minor ~ F major,Romantic,,1861,Romantic,,1868
Ô ma tendre Musette,"Croisez, Alexandre","https://imslp.org/wiki/Ô_ma_tendre_Musette_(Croisez,_Alexandre)",piano,G minor,Romantic,,,Romantic,,32
Ô mon bel inconnu,"Hahn, Reynaldo","https://imslp.org/wiki/Ô_mon_bel_inconnu_(Hahn,_Reynaldo)","soloists, chorus, and orchestra",,Early 20th century,,,Early 20th century,,0
Ô père qu'adore mon père,"Farrenc, Louise","https://imslp.org/wiki/Ô_père_qu'adore_mon_père_(Farrenc,_Louise)",mixed chorus (SSTB),,Romantic,,,Romantic,,31
Ô salutaris,"Croisez, Alexandre","https://imslp.org/wiki/Ô_salutaris_(Croisez,_Alexandre)",piano,F major,Romantic,,,Romantic,,26
"Ô, três pêga","Folk Songs, Brazilian","https://imslp.org/wiki/Ô,_três_pêga_(Folk_Songs,_Brazilian)",voice,,Traditional (folk),,,,,6
"Ödipus in Kolonos, Op.93","Mendelssohn, Felix","https://imslp.org/wiki/Ödipus_in_Kolonos,_Op.93_(Mendelssohn,_Felix)","solo voices (2 tenors, 2 basses), double male chorus, orchestra",D minor – D major,Romantic,,1845,Romantic,50-60 minutes,4051
"Ögon, vem är väl mer skön","Tegnér, Alice","https://imslp.org/wiki/Ögon,_vem_är_väl_mer_skön_(Tegnér,_Alice)","female chorus (SA), piano",D major,Romantic,,,Romantic,1-5 minutes,26
Öländings-Marsch,"Broström, Hildur","https://imslp.org/wiki/Öländings-Marsch_(Broström,_Hildur)",piano,D major,Romantic,,1893,Early 20th century,,27
"Ölürəm, ay ellər qızı","Folk Songs, Azerbaijani","https://imslp.org/wiki/Ölürəm,_ay_ellər_qızı_(Folk_Songs,_Azerbaijani)",voices,,Traditional,,,,,82
"Örökké, mindörökké a tiéd","Lovas, Imre","https://imslp.org/wiki/Örökké,_mindörökké_a_tiéd_(Lovas,_Imre)","mixed choir, keyboard",C minor,Modern,,2015,Modern,1 minute,84
Österhavets dotter,"Sjögren, Emil","https://imslp.org/wiki/Österhavets_dotter_(Sjögren,_Emil)","voice, piano",D-flat major,Romantic,,1916,Romantic,1-5 minutes,21
Österns natt,"Munktell, Helena","https://imslp.org/wiki/Österns_natt_(Munktell,_Helena)","soprano, alto, piano",G-flat major,Romantic,,,Romantic,1-5 minutes,67
"Österreich-Ungarn Walzer, Op.91","Kéler, Béla","https://imslp.org/wiki/Österreich-Ungarn_Walzer,_Op.91_(Kéler,_Béla)",orchestra,,Romantic,,1871,Romantic,,371
"Österreichische Jubelklänge, Op.179","Strauss Sr., Johann","https://imslp.org/wiki/Österreichische_Jubelklänge,_Op.179_(Strauss_Sr.,_Johann)",Orchestra,,Romantic,,,Romantic,,140
"Österreichische Lieder, Op.15","Molique, Bernhard","https://imslp.org/wiki/Österreichische_Lieder,_Op.15_(Molique,_Bernhard)","violin, orchestra",C major,Romantic,,,Romantic,,9
Österreichische Volksweisen,"Spaun, Anton von","https://imslp.org/wiki/Österreichische_Volksweisen_(Spaun,_Anton_von)","Piano, or Voice and Piano",,Classical,,,Classical,,1190
"Österreichische Volksweisen, Op.122","Willmers, Rudolf","https://imslp.org/wiki/Österreichische_Volksweisen,_Op.122_(Willmers,_Rudolf)",piano,,Romantic,,,Romantic,,101
"Österreichischer Defilier-Marsch, Op.209","Strauss Sr., Johann","https://imslp.org/wiki/Österreichischer_Defilier-Marsch,_Op.209_(Strauss_Sr.,_Johann)",Orchestra,,Romantic,,,Romantic,,151
"Österreichischer Fest-Marsch, Op.188","Strauss Sr., Johann","https://imslp.org/wiki/Österreichischer_Fest-Marsch,_Op.188_(Strauss_Sr.,_Johann)",Orchestra,,Romantic,,,Romantic,,154
"Österreichischer Kronprinzen-Marsch, Op.59","Strauss, Josef","https://imslp.org/wiki/Österreichischer_Kronprinzen-Marsch,_Op.59_(Strauss,_Josef)",Piano solo,A ♭ major,Romantic,,1858,Romantic,,1382
"Österreichischer National-Garde-Marsch, Op.221","Strauss Sr., Johann","https://imslp.org/wiki/Österreichischer_National-Garde-Marsch,_Op.221_(Strauss_Sr.,_Johann)",Orchestra,,Romantic,,,Romantic,,148
"Över Bifrost, Op.44","Petre, Torsten","https://imslp.org/wiki/Över_Bifrost,_Op.44_(Petre,_Torsten)",Piano,,Early 20th century,,,Romantic,,163
Öwer de stillen Straten,"Gedan, Jörg","https://imslp.org/wiki/Öwer_de_stillen_Straten_(Gedan,_Jörg)","voice, flute, clarinet, viola, piano",G major,Romantic,,2015,Modern,3 minutes,34
Öxar við ána,"Helgason, Helgi","https://imslp.org/wiki/Öxar_við_ána_(Helgason,_Helgi)",mixed chorus (SATB),G major,Romantic,,,Romantic,,12
Öxar við ána,Helgi Helgason,https://imslp.org/wiki/Öxar_við_ána_(Helgi_Helgason),mixed chorus (SATB),G major,Romantic,,,Romantic,,12
Özgecan,"Alıcıoğlu, Şafak","https://imslp.org/wiki/Özgecan_(Alıcıoğlu,_Şafak)","2 sopranos, 2 altos, female chorus (SSAA), orchestra",,Modern,,2015,Modern,,1400
Øjne! I var lykkelige,Anonymous,https://imslp.org/wiki/Øjne!_I_var_lykkelige_(Anonymous),"voice, piano",A major,Romantic,,,,,10
Øravik Hornpipe,"Messerschmidt, Hans Jorgen","https://imslp.org/wiki/Øravik_Hornpipe_(Messerschmidt,_Hans_Jorgen)",trumpet,C major,Modern,,2015,Modern,1 minutes,2
Øresund Hornpipe,"Messerschmidt, Hans Jorgen","https://imslp.org/wiki/Øresund_Hornpipe_(Messerschmidt,_Hans_Jorgen)",trumpet,C major,Modern,,2015,Modern,1 minutes,2
Últimas quejas,"Bustamante, Salvador","https://imslp.org/wiki/Últimas_quejas_(Bustamante,_Salvador)",piano,F minor,Romantic,,,Romantic,,3
Último Adeus,Anonymous,https://imslp.org/wiki/Último_Adeus_(Anonymous),"Wind Ensemble: E ♭ clarinet, 2 clarinets (B ♭ ), alto saxophone (E ♭ ), 2 horns (E ♭ ), 2 trumpets (B ♭ ), 2 trombones, baritone (B ♭ ), euphonium, tuba (E ♭ )",C minor,Early 20th century,,1918,,,243
Último suspiro,"Nascimento, Sophia A.","https://imslp.org/wiki/Último_suspiro_(Nascimento,_Sophia_A.)",piano,E-flat major,Romantic,,1904 ca.,Early 20th century,,35
"Últimos latidos, Op.194","Ortíz, Carlos Amable","https://imslp.org/wiki/Últimos_latidos,_Op.194_(Ortíz,_Carlos_Amable)",piano,F minor,Romantic,,1930,Romantic,,0
Últimos momentos da Rainha de Portugal,"Rivero, Demétrio","https://imslp.org/wiki/Últimos_momentos_da_Rainha_de_Portugal_(Rivero,_Demétrio)",piano,F minor,Romantic,,1853 ca.,Romantic,,13
Úr höfn,"Kaldalóns, Sigvaldi","https://imslp.org/wiki/Úr_höfn_(Kaldalóns,_Sigvaldi)",mixed chorus (SATB),D major,Romantic,,,Romantic,,4
Úr rökkurmóðu,Loftur Guðmundsson,https://imslp.org/wiki/Úr_rökkurmóðu_(Loftur_Guðmundsson),"voice, piano",F-sharp minor,Romantic,,1916,Romantic,,7
Útfararljóð,Bjarni Þorsteinsson,https://imslp.org/wiki/Útfararljóð_(Bjarni_Þorsteinsson),"Male Chorus / Voice, Piano",,Romantic,,1924,Romantic,,34
Útfararljóð,"Þorsteinsson, Bjarni","https://imslp.org/wiki/Útfararljóð_(Þorsteinsson,_Bjarni)","Male Chorus / Voice, Piano",,Romantic,,1924,Romantic,,34
"Über Berg und Thal, Op.29","Henschel, George","https://imslp.org/wiki/Über_Berg_und_Thal,_Op.29_(Henschel,_George)","Voice, piano",,Romantic,,,Romantic,,131
"Über Johann Sebastian Bachs Leben, Kunst und Kunstwerke","Forkel, Johann Nikolaus","https://imslp.org/wiki/Über_Johann_Sebastian_Bachs_Leben,_Kunst_und_Kunstwerke_(Forkel,_Johann_Nikolaus)",book,,Classical,,,Classical,,2436
"Über Land und Meer, Op.204","Gungl, Joseph","https://imslp.org/wiki/Über_Land_und_Meer,_Op.204_(Gungl,_Joseph)",orchestra,B-flat major,Romantic,,,Romantic,,11
Über Modulation,"Kulenkamp, Georg Carl","https://imslp.org/wiki/Über_Modulation_(Kulenkamp,_Georg_Carl)",piano,,Romantic,,,Romantic,,9
"Über Nacht, JWV 89","Rheinberger, Josef Gabriel","https://imslp.org/wiki/Über_Nacht,_JWV_89_(Rheinberger,_Josef_Gabriel)","voice, piano",E-flat major,Romantic,,1858,Romantic,2.5 minutes,102
Über Paganinis Kunst die Violine zu spielen,"Guhr, Carl","https://imslp.org/wiki/Über_Paganinis_Kunst_die_Violine_zu_spielen_(Guhr,_Carl)",violin,,Romantic,,,Romantic,,1655
Über Pflege und Anwendung der Stimme,"Grosheim, Georg Christoph","https://imslp.org/wiki/Über_Pflege_und_Anwendung_der_Stimme_(Grosheim,_Georg_Christoph)",,,Romantic,,,Classical,,12
Über Programm-Musik,"Kreuzhage, Eduard","https://imslp.org/wiki/Über_Programm-Musik_(Kreuzhage,_Eduard)",,,Romantic,,,Romantic,,184
"Über Wildemann, D.884","Schubert, Franz","https://imslp.org/wiki/Über_Wildemann,_D.884_(Schubert,_Franz)","voice, piano",D minor,Romantic,,1826,Romantic,,1092
"Über allen Gipfeln ist Ruh, Op.2","Herman, Reinhold L.","https://imslp.org/wiki/Über_allen_Gipfeln_ist_Ruh,_Op.2_(Herman,_Reinhold_L.)","2 Sopranos, alto, tenor, bass, piano",A-flat major,Romantic,,,Romantic,,204
"Über allen Gipfeln ist Ruh, S.306","Liszt, Franz","https://imslp.org/wiki/Über_allen_Gipfeln_ist_Ruh,_S.306_(Liszt,_Franz)","voice, piano",,Romantic,,1848 (1st version) 1859 (2nd version),Romantic,,5031
"Über allen Gipfeln, Op.46","Bunk, Gerard","https://imslp.org/wiki/Über_allen_Gipfeln,_Op.46_(Bunk,_Gerard)",mixed chorus (SATB),E-flat major,Early 20th century,,1912 ca.,Early 20th century,,16
"Über allen Zauber Liebe, D.682","Schubert, Franz","https://imslp.org/wiki/Über_allen_Zauber_Liebe,_D.682_(Schubert,_Franz)","voice, piano",G major,Romantic,,1820,Romantic,,748
"Über alles ziehet an die Liebe, GWV 1171/49","Graupner, Christoph","https://imslp.org/wiki/Über_alles_ziehet_an_die_Liebe,_GWV_1171/49_(Graupner,_Christoph)","soprano, alto, tenor, bass, strings, continuo",E minor,Baroque,,1749,Baroque,,174
Über das Frühjahr,"Hindemith, Paul","https://imslp.org/wiki/Über_das_Frühjahr_(Hindemith,_Paul)",male chorus (TTBB),,Modern,,1929,Modern,3 minutes,448
"Über den Bergen, Op.8","Hermann, Hans","https://imslp.org/wiki/Über_den_Bergen,_Op.8_(Hermann,_Hans)","Voice, piano",,Romantic,,,Romantic,,6
Über den Charakter der Solo- und Ripienstimmen,"Koch, Heinrich Christoph","https://imslp.org/wiki/Über_den_Charakter_der_Solo-_und_Ripienstimmen_(Koch,_Heinrich_Christoph)",,,Classical,,,Classical,,317
Über den Flötenbau und die neuesten Verbesserungen desselben,"Boehm, Theobald","https://imslp.org/wiki/Über_den_Flötenbau_und_die_neuesten_Verbesserungen_desselben_(Boehm,_Theobald)",,,Romantic,,,Romantic,,12
Über den Selbstmord,"Eisler, Hanns","https://imslp.org/wiki/Über_den_Selbstmord_(Eisler,_Hanns)","Voice, piano",,Modern,,1939,Early 20th century,,0
Über den Sternen,"Flemming, Friedrich Ferdinand","https://imslp.org/wiki/Über_den_Sternen_(Flemming,_Friedrich_Ferdinand)",mixed chorus (SATB),,Classical,,,Classical,,1573
Über den Sternen,"Hahn, Eduard","https://imslp.org/wiki/Über_den_Sternen_(Hahn,_Eduard)","voice, piano",,Romantic,,,Romantic,,8
Über den Verfall der Tonkunst,"Grosheim, Georg Christoph","https://imslp.org/wiki/Über_den_Verfall_der_Tonkunst_(Grosheim,_Georg_Christoph)",,,Romantic,,,Classical,,6
"Über der Propheten Blut, TWV 1:1425b","Telemann, Georg Philipp","https://imslp.org/wiki/Über_der_Propheten_Blut,_TWV_1:1425b_(Telemann,_Georg_Philipp)","soprano (or tenor), 2 oboes, continuo",G minor,Baroque,,,Baroque,10 minutes,264
Über die Berge,"Hirschfeld, C. René","https://imslp.org/wiki/Über_die_Berge_(Hirschfeld,_C._René)","children's chorus (SSAA), horn, 2 trumpets, trombone tuba; children's chorus (SSAA), piano",G major,Modern,,2009,Modern,4 minutes,142
Über die Dauer des Exils,"Eisler, Hanns","https://imslp.org/wiki/Über_die_Dauer_des_Exils_(Eisler,_Hanns)","Voice, piano",,Modern,,1938,Early 20th century,3 minutes,0
Über die Felder,"Stoll, Otto","https://imslp.org/wiki/Über_die_Felder_(Stoll,_Otto)","Voice, Piano",,Early 20th century,,revised 1962,Early 20th century,,0
Über die Haide,"Kempner, Leo","https://imslp.org/wiki/Über_die_Haide_(Kempner,_Leo)","voice, piano",,Romantic,,,Romantic,,9
Über die Harmonika,"Röllig, Carl Leopold","https://imslp.org/wiki/Über_die_Harmonika_(Röllig,_Carl_Leopold)",glass harmonica,,Classical,,,Classical,,180
Über die Heide,"Gedan, Jörg","https://imslp.org/wiki/Über_die_Heide_(Gedan,_Jörg)","voice, piano",,Romantic,,1967,Modern,3 minutes,36
"Über die Klangfarbe, Op.13","Hauer, Josef Matthias","https://imslp.org/wiki/Über_die_Klangfarbe,_Op.13_(Hauer,_Josef_Matthias)",,,Early 20th century,,,Early 20th century,,21
Über die Musik der nordamerikanischen Wilden,"Baker, Theodore","https://imslp.org/wiki/Über_die_Musik_der_nordamerikanischen_Wilden_(Baker,_Theodore)",,,Romantic,,,Romantic,,13
"Über die Nacht meiner Geburt, WVE-174","Kan-no, Shigeru","https://imslp.org/wiki/Über_die_Nacht_meiner_Geburt,_WVE-174_(Kan-no,_Shigeru)","mezzo-soprano, piano",,Modern,,9.6.2000 at Stuttgart,Modern,5 minutes,302
Über die Pflichten des Ripien-Violinisten,"Reichardt, Johann Friedrich","https://imslp.org/wiki/Über_die_Pflichten_des_Ripien-Violinisten_(Reichardt,_Johann_Friedrich)",violin,,Classical,,,Classical,,672
Über die Theorie der Musik,"Forkel, Johann Nikolaus","https://imslp.org/wiki/Über_die_Theorie_der_Musik_(Forkel,_Johann_Nikolaus)",,,Baroque,,,Classical,,1710
Über die musikalische Composition,"Scheibe, Johann Adolph","https://imslp.org/wiki/Über_die_musikalische_Composition_(Scheibe,_Johann_Adolph)",Book,,Classical,,,Baroque,,2537
Über einige Panpfeifen aus Nordwestbrasilien,"Hornbostel, Erich von","https://imslp.org/wiki/Über_einige_Panpfeifen_aus_Nordwestbrasilien_(Hornbostel,_Erich_von)",,,Early 20th century,,,Early 20th century,,11
Über musikalische Inspiration,"Pfitzner, Hans","https://imslp.org/wiki/Über_musikalische_Inspiration_(Pfitzner,_Hans)",,,Romantic,,,Romantic,,0
Über's Jahr,"Keller, Ludwig","https://imslp.org/wiki/Über's_Jahr_(Keller,_Ludwig)",male chorus TTBB,F major,Romantic,,,Romantic,1 minutes,29
"Überall Du, Op.17","Lachner, Ignaz","https://imslp.org/wiki/Überall_Du,_Op.17_(Lachner,_Ignaz)","voice, horn (or cello), piano",,Romantic,,,Romantic,,666
Übers Gebirg Maria geht,"Eccard, Johannes","https://imslp.org/wiki/Übers_Gebirg_Maria_geht_(Eccard,_Johannes)","SSATB voices (see below, Comments)",E-flat major,Renaissance,,,Renaissance,3-4 minutes,15774
"Übertragungen fremder Instrumentaltrios, BWV 585-587","Bach, Johann Sebastian","https://imslp.org/wiki/Übertragungen_fremder_Instrumentaltrios,_BWV_585-587_(Bach,_Johann_Sebastian)",organ,,Baroque,,,Baroque,,0
Übertragungen für Viola,"Ritter, Hermann","https://imslp.org/wiki/Übertragungen_für_Viola_(Ritter,_Hermann)",viola piano,,Romantic,,,Romantic,,0
Übung,"Zacchéa, Diego","https://imslp.org/wiki/Übung_(Zacchéa,_Diego)","2 Violins, viola, cello",C minor,Modern,,2012,Modern,1 minute,258
Übung für Quintett,"Cotton, Aaron Alexander","https://imslp.org/wiki/Übung_für_Quintett_(Cotton,_Aaron_Alexander)","violin, 2 violas, cello, contrabass",A minor,Modern,,"30 May, 2012",Modern,2 minutes,480
Übungen für Geiger,"Hindemith, Paul","https://imslp.org/wiki/Übungen_für_Geiger_(Hindemith,_Paul)",violin,,Modern,,1926,Modern,14 minutes,0
Übungen für Naturhorn zum täglichen Studium,"Strauss, Franz","https://imslp.org/wiki/Übungen_für_Naturhorn_zum_täglichen_Studium_(Strauss,_Franz)",horn,,Romantic,,,Romantic,,3527
Übungen für das Violoncelle,"Muntz-Berger, Joseph","https://imslp.org/wiki/Übungen_für_das_Violoncelle_(Muntz-Berger,_Joseph)",cello solo,,Classical,,,Classical,,64
"Übungen für die Flöte, Op.15","Fürstenau, Anton Bernhard","https://imslp.org/wiki/Übungen_für_die_Flöte,_Op.15_(Fürstenau,_Anton_Bernhard)",flute,,Romantic,,,Romantic,,292
Übungen für die rechte Hand,"Czerny, Carl","https://imslp.org/wiki/Übungen_für_die_rechte_Hand_(Czerny,_Carl)",Piano,A major,Romantic,,,Romantic,,9861
"Übungen in Doppelgriffen für Violine, Op.61","Casorti, August","https://imslp.org/wiki/Übungen_in_Doppelgriffen_für_Violine,_Op.61_(Casorti,_August)",violin,,Romantic,,,Romantic,,57
Übungsstück in E minor,"Türk, Daniel Gottlob","https://imslp.org/wiki/Übungsstück_in_E_minor_(Türk,_Daniel_Gottlob)",Piano 4 hands,E minor,Classical,,,Classical,,3503
"Üdvözlet Hazámhoz, Op.56","Kéler, Béla","https://imslp.org/wiki/Üdvözlet_Hazámhoz,_Op.56_(Kéler,_Béla)",orchestra,,Romantic,,,Romantic,,224
Üdvözlégy Mária,"Lovas, Imre","https://imslp.org/wiki/Üdvözlégy_Mária_(Lovas,_Imre)","Mixed chorus, Voice & Organ (piano)",F major,Classical,,2010.10.10.,Modern,,281
"Üdvözlégy oltáriszentség, angyali tiszta áldozat","Lovas, Imre","https://imslp.org/wiki/Üdvözlégy_oltáriszentség,_angyali_tiszta_áldozat_(Lovas,_Imre)","mixed chorus, organ; keyboard",B-flat major,Classical,,2019-09-26,Modern,5 minutes,32
"Üdvözlégy s álldott légy, titkos nagy Szentség","Lovas, Imre","https://imslp.org/wiki/Üdvözlégy_s_álldott_légy,_titkos_nagy_Szentség_(Lovas,_Imre)","mixed chorus, organ; keyboard",F major,Modern,,2019-31.08.,Modern,4 minutes,30
Üdvözlégy édes Jézusunk az oltári szentségben.,"Lovas, Imre","https://imslp.org/wiki/Üdvözlégy_édes_Jézusunk_az_oltári_szentségben._(Lovas,_Imre)","mixed chorus (SATB), keyboard",A ♭ major,Modern,,2017,Modern,2 minutes,62
Ünnep,"Beischer-Matyó, Tamás","https://imslp.org/wiki/Ünnep_(Beischer-Matyó,_Tamás)","orchestra 2 flutes, 2 oboes, 2 clarinets (B ♭ ), 2 bassoons, contrabassoon 4 horns (F), 2 trumpets (C), 3 trombones timpani, percussion (3 players), strings bass drum, tambourine, cymbals (a2), jingle bells, triangle, glockenspiel",,Modern,,2012/2020,Modern,12 minutes,1745
Üsküdar a Gideriken,"Alıcıoğlu, Şafak","https://imslp.org/wiki/Üsküdar_a_Gideriken_(Alıcıoğlu,_Şafak)",choir,A minor,Modern,,,Modern,,3623
"Üstökös-Csárdás, Op.49","Kéler, Béla","https://imslp.org/wiki/Üstökös-Csárdás,_Op.49_(Kéler,_Béla)",orchestra,,Romantic,,1861,Romantic,,471
Ütrëfke,"Peña, Alevi","https://imslp.org/wiki/Ütrëfke_(Peña,_Alevi)",double bass,,Modern,,2006-2008,Modern,19 minutes,737
Üç gündər bir,"Folk Songs, Azerbaijani","https://imslp.org/wiki/Üç_gündər_bir_(Folk_Songs,_Azerbaijani)",voices,,Traditional,,,,,60
Üç telli durna,"Folk Songs, Azerbaijani","https://imslp.org/wiki/Üç_telli_durna_(Folk_Songs,_Azerbaijani)",voices,,Traditional,,,,,75
Ýmnos eis tīn Eleutherían,"Mantzaros, Nikolaos","https://imslp.org/wiki/Ýmnos_eis_tīn_Eleutherían_(Mantzaros,_Nikolaos)","4 voices (TTBB), piano",,Romantic,,,Romantic,,51
Þar fossinn í gljúfranna,"Helgason, Jónas","https://imslp.org/wiki/Þar_fossinn_í_gljúfranna_(Helgason,_Jónas)",mixed chorus,,Romantic,,,Romantic,,17
Þar fossinn í gljúfranna,Jónas Helgason,https://imslp.org/wiki/Þar_fossinn_í_gljúfranna_(Jónas_Helgason),mixed chorus,,Romantic,,,Romantic,,17
Þar sem elfan er tær,Sveinbjörn Sveinbjörnsson,https://imslp.org/wiki/Þar_sem_elfan_er_tær_(Sveinbjörn_Sveinbjörnsson),Men's Choir,G major,Romantic,,,Romantic,,307
Þar sem elfan er tær,"Sveinbjörnsson, Sveinbjörn","https://imslp.org/wiki/Þar_sem_elfan_er_tær_(Sveinbjörnsson,_Sveinbjörn)",Men's Choir,G major,Romantic,,,Romantic,,307
Þar sem háir hólar,"Thorsteinson, Árni","https://imslp.org/wiki/Þar_sem_háir_hólar_(Thorsteinson,_Árni)","voice, piano",B-flat major,Romantic,,,Romantic,,12
Þar sem háir hólar,Árni Thorsteinson,https://imslp.org/wiki/Þar_sem_háir_hólar_(Árni_Thorsteinson),"voice, piano",B-flat major,Romantic,,,Romantic,,12
Þar sem jólaljósin ljóma,Hallgrímur Þorsteinsson,https://imslp.org/wiki/Þar_sem_jólaljósin_ljóma_(Hallgrímur_Þorsteinsson),mixed chorus (SATB),A minor,Romantic,,,Romantic,,15
Þar sem jólaljósin ljóma,"Þorsteinsson, Hallgrímur","https://imslp.org/wiki/Þar_sem_jólaljósin_ljóma_(Þorsteinsson,_Hallgrímur)",mixed chorus (SATB),A minor,Romantic,,,Romantic,,15
Þar sem söngur sali fyllir,Björgvin Guðmundsson,https://imslp.org/wiki/Þar_sem_söngur_sali_fyllir_(Björgvin_Guðmundsson),female chorus or children's chorus (SSA),A major,Romantic,,1937,Romantic,,0
Þar sem söngur sali fyllir,"Guðmundsson, Björgvin","https://imslp.org/wiki/Þar_sem_söngur_sali_fyllir_(Guðmundsson,_Björgvin)",female chorus or children's chorus (SSA),A major,Romantic,,1937,Romantic,,0
Þat mælti mín móðir,"Helgason, Helgi","https://imslp.org/wiki/Þat_mælti_mín_móðir_(Helgason,_Helgi)",mixed chorus (SATB),B-flat major,Romantic,,,Romantic,,9
Þat mælti mín móðir,Helgi Helgason,https://imslp.org/wiki/Þat_mælti_mín_móðir_(Helgi_Helgason),mixed chorus (SATB),B-flat major,Romantic,,,Romantic,,9
Það birtir,"Kaldalóns, Sigvaldi","https://imslp.org/wiki/Það_birtir_(Kaldalóns,_Sigvaldi)","voice, piano",B-flat minor,Romantic,,,Romantic,,5
Það er gott að geta,"Helgason, Helgi","https://imslp.org/wiki/Það_er_gott_að_geta_(Helgason,_Helgi)",mixed chorus (SATB),F major,Romantic,,,Romantic,,7
Það er gott að geta,Helgi Helgason,https://imslp.org/wiki/Það_er_gott_að_geta_(Helgi_Helgason),mixed chorus (SATB),F major,Romantic,,,Romantic,,7
Það árlega gerist,"Pálsson, Ísólfur","https://imslp.org/wiki/Það_árlega_gerist_(Pálsson,_Ísólfur)","voice, piano",B-flat minor,Romantic,,1906,Romantic,,9
Það árlega gerist,Ísólfur Pálsson,https://imslp.org/wiki/Það_árlega_gerist_(Ísólfur_Pálsson),"voice, piano",B-flat minor,Romantic,,1906,Romantic,,9
Þegar vorar,"Pálsson, Ísólfur","https://imslp.org/wiki/Þegar_vorar_(Pálsson,_Ísólfur)","voice, piano",C major,Romantic,,1932,Romantic,,11
Þegar vorar,Ísólfur Pálsson,https://imslp.org/wiki/Þegar_vorar_(Ísólfur_Pálsson),"voice, piano",C major,Romantic,,1932,Romantic,,11
"Þei, þei og ró, ró",Björgvin Guðmundsson,"https://imslp.org/wiki/Þei,_þei_og_ró,_ró_(Björgvin_Guðmundsson)","male chorus (TTBB); voice, piano",,Romantic,,1925,Romantic,,15
"Þei, þei og ró, ró","Guðmundsson, Björgvin","https://imslp.org/wiki/Þei,_þei_og_ró,_ró_(Guðmundsson,_Björgvin)","male chorus (TTBB); voice, piano",,Romantic,,1925,Romantic,,15
Þei-þei og ró-ró,"Einarsson, Sigfús","https://imslp.org/wiki/Þei-þei_og_ró-ró_(Einarsson,_Sigfús)","voice, piano",A minor,Romantic,,,Romantic,,12
Þei-þei og ró-ró,Sigfús Einarsson,https://imslp.org/wiki/Þei-þei_og_ró-ró_(Sigfús_Einarsson),"voice, piano",A minor,Romantic,,,Romantic,,12
Þeim gengur smátt,Halldór Jónsson,https://imslp.org/wiki/Þeim_gengur_smátt_(Halldór_Jónsson),"voice, harmonium (or piano)",C major,Romantic,,,Romantic,,7
Þekktir hljómar,"Einarsson, Sigfús","https://imslp.org/wiki/Þekktir_hljómar_(Einarsson,_Sigfús)","baritone solo, male chorus (TTBB)",A-flat major,Romantic,,,Romantic,,4
Þekktir hljómar,Sigfús Einarsson,https://imslp.org/wiki/Þekktir_hljómar_(Sigfús_Einarsson),"baritone solo, male chorus (TTBB)",A-flat major,Romantic,,,Romantic,,4
Þess bera menn sár,Bjarni Þorsteinsson,https://imslp.org/wiki/Þess_bera_menn_sár_(Bjarni_Þorsteinsson),"Male Chorus / Voice, Piano",,Romantic,,1894,Romantic,,54
Þess bera menn sár,"Thorsteinson, Árni","https://imslp.org/wiki/Þess_bera_menn_sár_(Thorsteinson,_Árni)","voice, piano",E-flat minor,Romantic,,,Romantic,,24
Þess bera menn sár,Árni Thorsteinson,https://imslp.org/wiki/Þess_bera_menn_sár_(Árni_Thorsteinson),"voice, piano",E-flat minor,Romantic,,,Romantic,,24
Þess bera menn sár,"Þorsteinsson, Bjarni","https://imslp.org/wiki/Þess_bera_menn_sár_(Þorsteinsson,_Bjarni)","Male Chorus / Voice, Piano",,Romantic,,1894,Romantic,,54
Þetta líf,Halldór Jónsson,https://imslp.org/wiki/Þetta_líf_(Halldór_Jónsson),"voice, piano",B-flat minor,Romantic,,,Romantic,,6
Þetta líf,"Jónsson, Halldór","https://imslp.org/wiki/Þetta_líf_(Jónsson,_Halldór)","voice, piano",B-flat minor,Romantic,,,Romantic,,6
"Þitt nafn er, Jesú, unun öll",Björgvin Guðmundsson,"https://imslp.org/wiki/Þitt_nafn_er,_Jesú,_unun_öll_(Björgvin_Guðmundsson)",mixed chorus (SATB),E-flat major,Romantic,,1909,Romantic,,7
"Þitt nafn er, Jesú, unun öll","Guðmundsson, Björgvin","https://imslp.org/wiki/Þitt_nafn_er,_Jesú,_unun_öll_(Guðmundsson,_Björgvin)",mixed chorus (SATB),E-flat major,Romantic,,1909,Romantic,,7
Þið sjáist aldrei framar,"Guðmundsson, Loftur","https://imslp.org/wiki/Þið_sjáist_aldrei_framar_(Guðmundsson,_Loftur)","voice, piano",F-sharp minor,Romantic,,1920,Romantic,,7
Þið sjáist aldrei framar,Loftur Guðmundsson,https://imslp.org/wiki/Þið_sjáist_aldrei_framar_(Loftur_Guðmundsson),"voice, piano",F-sharp minor,Romantic,,1920,Romantic,,7
Þið þekkið fold með blíðri brá,"Helgason, Helgi","https://imslp.org/wiki/Þið_þekkið_fold_með_blíðri_brá_(Helgason,_Helgi)",mixed chorus (SATB),C major,Romantic,,1900,Romantic,,32
Þið þekkið fold með blíðri brá,Helgi Helgason,https://imslp.org/wiki/Þið_þekkið_fold_með_blíðri_brá_(Helgi_Helgason),mixed chorus (SATB),C major,Romantic,,1900,Romantic,,32
Þið þekkið fold með blíðri brá,"Wiehe, Holger","https://imslp.org/wiki/Þið_þekkið_fold_með_blíðri_brá_(Wiehe,_Holger)",mixed chorus (SSATB),E major,Romantic,,,Romantic,,6
Þið þekkði fold,Halldór Jónsson,https://imslp.org/wiki/Þið_þekkði_fold_(Halldór_Jónsson),"voice, harmonium or piano",A major,Romantic,,,Romantic,,6
Þjóðvísa,"Blöndal, Þorvaldur","https://imslp.org/wiki/Þjóðvísa_(Blöndal,_Þorvaldur)",male chorus (TTBB),C minor,Romantic,,,Romantic,,11
Þorkell á sér dætur tvær,"Frewer, Martin","https://imslp.org/wiki/Þorkell_á_sér_dætur_tvær_(Frewer,_Martin)","2 violins, viola, cello",,Traditional (folk),,,Modern,,210
Þorraþrællinn 1866,"Frewer, Martin","https://imslp.org/wiki/Þorraþrællinn_1866_(Frewer,_Martin)","2 or 3 violins, viola, cello, double bass",,Traditional (folk),,,Modern,,428
Þrjú sönglög úr Lénharði fógeta,"Thorsteinson, Árni","https://imslp.org/wiki/Þrjú_sönglög_úr_Lénharði_fógeta_(Thorsteinson,_Árni)","voice, piano",,Romantic,,,Romantic,,11
Þrjú sönglög úr Lénharði fógeta,Árni Thorsteinson,https://imslp.org/wiki/Þrjú_sönglög_úr_Lénharði_fógeta_(Árni_Thorsteinson),"voice, piano",,Romantic,,,Romantic,,11
Þríliti fáninn,Hallgrímur Þorsteinsson,https://imslp.org/wiki/Þríliti_fáninn_(Hallgrímur_Þorsteinsson),mixed chorus (SATB),G major,Romantic,,,Romantic,,9
Þríliti fáninn,"Þorsteinsson, Hallgrímur","https://imslp.org/wiki/Þríliti_fáninn_(Þorsteinsson,_Hallgrímur)",mixed chorus (SATB),G major,Romantic,,,Romantic,,9
Þung er þoka í lofti,Halldór Jónsson,https://imslp.org/wiki/Þung_er_þoka_í_lofti_(Halldór_Jónsson),"voice, harmonium (or piano)",C minor,Romantic,,,Romantic,,6
Þá hugsjónir fæðast,Halldór Jónsson,https://imslp.org/wiki/Þá_hugsjónir_fæðast_(Halldór_Jónsson),"voice, harmonium (or piano)",B-flat major,Romantic,,1923,Romantic,,7
Þá hugsjónir fæðast,"Kaldalóns, Sigvaldi","https://imslp.org/wiki/Þá_hugsjónir_fæðast_(Kaldalóns,_Sigvaldi)",mixed chorus (SATB),B major,Romantic,,,Romantic,,7
Þá sönglist ég heyri,"Helgason, Helgi","https://imslp.org/wiki/Þá_sönglist_ég_heyri_(Helgason,_Helgi)",mixed chorus (SATB) (or male chorus (TTBB)),,Romantic,,,Romantic,,26
Þá sönglist ég heyri,Helgi Helgason,https://imslp.org/wiki/Þá_sönglist_ég_heyri_(Helgi_Helgason),mixed chorus (SATB) (or male chorus (TTBB)),,Romantic,,,Romantic,,26
Þótt þú langförull legðir,Björgvin Guðmundsson,https://imslp.org/wiki/Þótt_þú_langförull_legðir_(Björgvin_Guðmundsson),"mixed chorus (SATB); female or children's choir (SAA); male chorus (TTBB); voice, piano",,Romantic,,1918,Romantic,,9
Þótt þú langförull legðir,"Einarsson, Sigfús","https://imslp.org/wiki/Þótt_þú_langförull_legðir_(Einarsson,_Sigfús)",,A-flat major,Romantic,,,Romantic,,5
Þótt þú langförull legðir,"Friðfinnsson, Jón","https://imslp.org/wiki/Þótt_þú_langförull_legðir_(Friðfinnsson,_Jón)",mixed chorus (SATB),G major,Romantic,,,Romantic,,4
Þótt þú langförull legðir,"Helgason, Helgi","https://imslp.org/wiki/Þótt_þú_langförull_legðir_(Helgason,_Helgi)",mixed chorus (SATB),F major,Romantic,,,Romantic,,15
Þótt þú langförull legðir,Helgi Helgason,https://imslp.org/wiki/Þótt_þú_langförull_legðir_(Helgi_Helgason),mixed chorus (SATB),F major,Romantic,,,Romantic,,15
Þótt þú langförull legðir,Jón Friðfinnsson,https://imslp.org/wiki/Þótt_þú_langförull_legðir_(Jón_Friðfinnsson),mixed chorus (SATB),G major,Romantic,,,Romantic,,4
Þótt þú langförull legðir,"Kaldalóns, Sigvaldi","https://imslp.org/wiki/Þótt_þú_langförull_legðir_(Kaldalóns,_Sigvaldi)","voice, piano; mixed chorus (SATB)",D major,Romantic,,,Romantic,,11
Þótt þú langförull legðir,"Laxdal, Jón","https://imslp.org/wiki/Þótt_þú_langförull_legðir_(Laxdal,_Jón)",male chorus (TTBB); mixed chorus (SATB),,Romantic,,,Romantic,,13
Þótt þú langförull legðir,Sigfús Einarsson,https://imslp.org/wiki/Þótt_þú_langförull_legðir_(Sigfús_Einarsson),,A-flat major,Romantic,,,Romantic,,5
Þú eina hjartans yndið mitt,"Kaldalóns, Sigvaldi","https://imslp.org/wiki/Þú_eina_hjartans_yndið_mitt_(Kaldalóns,_Sigvaldi)","voice, piano",D-flat major,Romantic,,,Romantic,,11
Þú ert móðir vor kær,"Einarsson, Sigfús","https://imslp.org/wiki/Þú_ert_móðir_vor_kær_(Einarsson,_Sigfús)","voice, harmonium",C major,Romantic,,,Romantic,,6
Þú ert móðir vor kær,Sigfús Einarsson,https://imslp.org/wiki/Þú_ert_móðir_vor_kær_(Sigfús_Einarsson),"voice, harmonium",C major,Romantic,,,Romantic,,6
"Þú fylgir mér, móðir, um fjarlægðir vega",Halldór Jónsson,"https://imslp.org/wiki/Þú_fylgir_mér,_móðir,_um_fjarlægðir_vega_(Halldór_Jónsson)","voice, harmonium (or piano)",G major,Romantic,,,Romantic,,7
Þú hljómsins guð,"Helgason, Helgi","https://imslp.org/wiki/Þú_hljómsins_guð_(Helgason,_Helgi)",mixed chorus (SATB),B-flat major,Romantic,,,Romantic,,10
Þú hljómsins guð,Helgi Helgason,https://imslp.org/wiki/Þú_hljómsins_guð_(Helgi_Helgason),mixed chorus (SATB),B-flat major,Romantic,,,Romantic,,10
Þú kemur,Björgvin Guðmundsson,https://imslp.org/wiki/Þú_kemur_(Björgvin_Guðmundsson),male chorus (TTBB),E-flat major,Romantic,,1937,Romantic,,5
Þú kemur,"Guðmundsson, Björgvin","https://imslp.org/wiki/Þú_kemur_(Guðmundsson,_Björgvin)",male chorus (TTBB),E-flat major,Romantic,,1937,Romantic,,5
Þú litli fugl á laufgri grein,"Friðfinnsson, Jón","https://imslp.org/wiki/Þú_litli_fugl_á_laufgri_grein_(Friðfinnsson,_Jón)",mixed chorus (SATB),F major,Romantic,,,Romantic,,10
Þú litli fugl á laufgri grein,Jón Friðfinnsson,https://imslp.org/wiki/Þú_litli_fugl_á_laufgri_grein_(Jón_Friðfinnsson),mixed chorus (SATB),F major,Romantic,,,Romantic,,10
Þú stóðst á tindi Heklu hám,"Thorsteinson, Árni","https://imslp.org/wiki/Þú_stóðst_á_tindi_Heklu_hám_(Thorsteinson,_Árni)",male chorus (TTBB),C major,Romantic,,,Romantic,,5
Þú stóðst á tindi Heklu hám,Árni Thorsteinson,https://imslp.org/wiki/Þú_stóðst_á_tindi_Heklu_hám_(Árni_Thorsteinson),male chorus (TTBB),C major,Romantic,,,Romantic,,5
Þú varst ævintýr,"Blöndal, Þorvaldur","https://imslp.org/wiki/Þú_varst_ævintýr_(Blöndal,_Þorvaldur)","voice, piano",E major,Romantic,,,Romantic,,6
Þú álfur vorrar yngsta land,"Einarsson, Sigfús","https://imslp.org/wiki/Þú_álfur_vorrar_yngsta_land_(Einarsson,_Sigfús)",male chorus (TTBB),C major,Romantic,,,Romantic,,23
Þú álfur vorrar yngsta land,Sigfús Einarsson,https://imslp.org/wiki/Þú_álfur_vorrar_yngsta_land_(Sigfús_Einarsson),male chorus (TTBB),C major,Romantic,,,Romantic,,23
"Þú, Kristur, bróðir allra ert",Halldór Jónsson,"https://imslp.org/wiki/Þú,_Kristur,_bróðir_allra_ert_(Halldór_Jónsson)",mixed chorus (SATB),E-flat major,Romantic,,,Romantic,,8
Ćma tak wulka je,"Folk Songs, Upper Sorbian","https://imslp.org/wiki/Ćma_tak_wulka_je_(Folk_Songs,_Upper_Sorbian)",voice,B-flat major,Traditional (folk),,,,,55
Ĉe l'akvo de forgeso,"Ferrari, Carlotta","https://imslp.org/wiki/Ĉe_l'akvo_de_forgeso_(Ferrari,_Carlotta)",organ,,Modern,,2024,Modern,,72
"Čert a Káča, Op.112","Dvořák, Antonín","https://imslp.org/wiki/Čert_a_Káča,_Op.112_(Dvořák,_Antonín)","voices, chorus, orchestra",,Renaissance,,1898-99,Romantic,2 hours,0
"Čertova stĕna, JB 1:122","Smetana, Bedřich","https://imslp.org/wiki/Čertova_stĕna,_JB_1:122_(Smetana,_Bedřich)","Solo Voices, chorus, orchestra",,Romantic,,1879–82,Romantic,137 minutes,3344
"Česká legenda vánocní, Op.15","Ostrčil, Otakar","https://imslp.org/wiki/Česká_legenda_vánocní,_Op.15_(Ostrčil,_Otakar)",male chorus (TTTBBB),,Romantic,,1912,Romantic,,31
Česká muzika,"Kmoch, František","https://imslp.org/wiki/Česká_muzika_(Kmoch,_František)",wind band,,Romantic,,,Romantic,,138
České Miniatury No.1,"Farn, Kat","https://imslp.org/wiki/České_Miniatury_No.1_(Farn,_Kat)",organ,,Modern,,2024,Modern,5 minutes,48
České Miniatury No.2,"Farn, Kat","https://imslp.org/wiki/České_Miniatury_No.2_(Farn,_Kat)",organ (manuals only),,Modern,,2025,Modern,5 minutes,36
České Sonatiny,Various,https://imslp.org/wiki/České_Sonatiny_(Various),piano,,Classical,,,,,1692
České děvy,"Picka, František","https://imslp.org/wiki/České_děvy_(Picka,_František)",voice,C major,Romantic,,,Romantic,,11
"České hádanky, H.277b","Martinů, Bohuslav","https://imslp.org/wiki/České_hádanky,_H.277b_(Martinů,_Bohuslav)","voice, piano",,Early 20th century,,1917 ca.,Modern,3 minutes,676
"České národní písně, Op.10","Štěpán, Václav","https://imslp.org/wiki/České_národní_písně,_Op.10_(Štěpán,_Václav)","voice, piano",,Romantic,,,Early 20th century,,36
České písně a tance,"Weinberger, Jaromír","https://imslp.org/wiki/České_písně_a_tance_(Weinberger,_Jaromír)","violin, piano",,Early 20th century,,,Early 20th century,24 minutes,184
"České requiem, Op.24","Vycpálek, Ladislav","https://imslp.org/wiki/České_requiem,_Op.24_(Vycpálek,_Ladislav)","voices, mixed chorus (SATB), orchestra",,Modern,,1940,Early 20th century,,0
"České tance I, JB 1:107","Smetana, Bedřich","https://imslp.org/wiki/České_tance_I,_JB_1:107_(Smetana,_Bedřich)",piano,see below,Romantic,,1877,Romantic,13 minutes,7281
"České tance II, JB 1:114","Smetana, Bedřich","https://imslp.org/wiki/České_tance_II,_JB_1:114_(Smetana,_Bedřich)",piano,,Romantic,,1879,Romantic,43 minutes,5025
"České tance, Op.7","Křídlo, Bedřich","https://imslp.org/wiki/České_tance,_Op.7_(Křídlo,_Bedřich)",piano 4 hands; piano,,Romantic,,,Romantic,,11
České vánoční pastorely,Various,https://imslp.org/wiki/České_vánoční_pastorely_(Various),"voices, strings, organ",,Classical,,,,,1017
Čeznutje,"Padovec, Ivan","https://imslp.org/wiki/Čeznutje_(Padovec,_Ivan)","voice, guitar",,Romantic,,,Romantic,,1992
Čierny havran,"Beischer-Matyó, Tamás","https://imslp.org/wiki/Čierny_havran_(Beischer-Matyó,_Tamás)",mixed chorus (SATB),,Modern,,2016,Modern,"5,5 minutes",139
"Čisté jitro, Op.107","Foerster, Josef Bohuslav","https://imslp.org/wiki/Čisté_jitro,_Op.107_(Foerster,_Josef_Bohuslav)","soprano, orchestra",,Early 20th century,,1914-18,Romantic,,34
"Črty uhlem, Op.136","Foerster, Josef Bohuslav","https://imslp.org/wiki/Črty_uhlem,_Op.136_(Foerster,_Josef_Bohuslav)",piano,,Early 20th century,,1927,Romantic,13 minutes,144
İki alma,"Folk Songs, Azerbaijani","https://imslp.org/wiki/İki_alma_(Folk_Songs,_Azerbaijani)",voices,,Traditional,,,,,62
İnnabı,"Guliyev, Tofig Alakbar","https://imslp.org/wiki/İnnabı_(Guliyev,_Tofig_Alakbar)",piano,,Traditional,,,Early 20th century,,545
İstanbul,"Daniels Torres, Alexander Philip","https://imslp.org/wiki/İstanbul_(Daniels_Torres,_Alexander_Philip)","flute, oboe, clarinet, bassoon",,Modern,,2010,Modern,7-8 minutes,6562
İstiklal Marşı,"Üngör, Osman Zeki","https://imslp.org/wiki/İstiklal_Marşı_(Üngör,_Osman_Zeki)",unknown,,Early 20th century,,1921,Early 20th century,,199
İstəkanın deşılsin,"Folk Songs, Azerbaijani","https://imslp.org/wiki/İstəkanın_deşılsin_(Folk_Songs,_Azerbaijani)",voices,,Traditional,,,,,61
İş başına,"Folk Songs, Azerbaijani","https://imslp.org/wiki/İş_başına_(Folk_Songs,_Azerbaijani)",voices,,Traditional,,,,,63
Łaska imperatora,"Kurpiński, Karol","https://imslp.org/wiki/Łaska_imperatora_(Kurpiński,_Karol)","Voices: 2 sopranos, tenor, bass; mixed chorus Orchestra: 2 flutes, 2 oboes, 2 clarinets, 2 bassoons, 2 horns, strings",,Romantic,,,Romantic,,46
Łza,"Komorowski, Ignacy Marceli","https://imslp.org/wiki/Łza_(Komorowski,_Ignacy_Marceli)","voice, piano",D-flat major,Romantic,,,Romantic,,10
Łzy,"Moniuszko, Stanisław","https://imslp.org/wiki/Łzy_(Moniuszko,_Stanisław)","voice, piano",,Romantic,,,Romantic,,21
Łódka,"Moniuszko, Stanisław","https://imslp.org/wiki/Łódka_(Moniuszko,_Stanisław)","voice, piano",E major,Romantic,,,Romantic,,13
"Łączmy sie, Op.4 No.1","Różycki, Marian S.","https://imslp.org/wiki/Łączmy_sie,_Op.4_No.1_(Różycki,_Marian_S.)","2 tenors, 2 basses, piano",,Romantic,,,Early 20th century,,11
Œdipe à Colone,"Ropartz, Guy","https://imslp.org/wiki/Œdipe_à_Colone_(Ropartz,_Guy)","Voices, chorus, orchestra",,Early 20th century,,1914,Early 20th century,,519
Œil de Gazelle,"Clérice, Justin","https://imslp.org/wiki/Œil_de_Gazelle_(Clérice,_Justin)","vocal soloists, mixed chorus, orchestra",,Romantic,,,Romantic,,26
Œuvres complètes,"Couperin, François","https://imslp.org/wiki/Œuvres_complètes_(Couperin,_François)",various,,Baroque,,,Baroque,,0
Œuvres complètes,"Debussy, Claude","https://imslp.org/wiki/Œuvres_complètes_(Debussy,_Claude)",various,,Romantic,,,Romantic,,0
Œuvres complètes pour orgue,"Bach, Johann Sebastian","https://imslp.org/wiki/Œuvres_complètes_pour_orgue_(Bach,_Johann_Sebastian)",organ,,Baroque,,,Baroque,,33701
Œuvres complètes pour piano,"Chopin, Frédéric","https://imslp.org/wiki/Œuvres_complètes_pour_piano_(Chopin,_Frédéric)",piano,,Romantic,,,Romantic,,2406
Œuvres célèbres de Chopin,"Bordèse, Luigi","https://imslp.org/wiki/Œuvres_célèbres_de_Chopin_(Bordèse,_Luigi)","1 or 2 Voices, Piano",,Romantic,,,Romantic,,2200
"Œuvres célèbres pour orgue, Walter Kraft","Bach, Johann Sebastian","https://imslp.org/wiki/Œuvres_célèbres_pour_orgue,_Walter_Kraft_(Bach,_Johann_Sebastian)",organ,,Baroque,,,Baroque,,0
Œuvres inédites,"Lemmens, Jacques-Nicolas","https://imslp.org/wiki/Œuvres_inédites_(Lemmens,_Jacques-Nicolas)",organ,,Romantic,,,Romantic,,36312
Œuvres nouvelles pour guitare,"Cottin, Alfred","https://imslp.org/wiki/Œuvres_nouvelles_pour_guitare_(Cottin,_Alfred)",1-2 guitars,see below,Romantic,,,Romantic,,58
Œuvres pour guitare,"Cottin, Alfred","https://imslp.org/wiki/Œuvres_pour_guitare_(Cottin,_Alfred)",guitar,see below,Romantic,,,Romantic,,138
Œuvres pour guitare No.4,"Cottin, Alfred","https://imslp.org/wiki/Œuvres_pour_guitare_No.4_(Cottin,_Alfred)",guitar,see below,Romantic,,,Romantic,,138
Œuvres pour guitare No.5,"Cottin, Alfred","https://imslp.org/wiki/Œuvres_pour_guitare_No.5_(Cottin,_Alfred)",guitar,see below,Romantic,,,Romantic,,138
Œuvres pour le tambourin,"Maréchal, Maurice","https://imslp.org/wiki/Œuvres_pour_le_tambourin_(Maréchal,_Maurice)",galoubet-tambourine,,Traditional (folk),,,Modern,,0
"Œuvres vocales et instrumentales, LD 025","Dufay, Guillaume","https://imslp.org/wiki/Œuvres_vocales_et_instrumentales,_LD_025_(Dufay,_Guillaume)",3 voices,,Renaissance,,,Renaissance,,0
Řikadla pro komorní sbor a 10 nástrojů,"Janáček, Leoš","https://imslp.org/wiki/Řikadla_pro_komorní_sbor_a_10_nástrojů_(Janáček,_Leoš)","Mixed chorus and ensemble Ocarina, 2 Flutes (2nd also Piccolo), 2 Clarinets (also Piccolo Clarinets (E ♭ )), 2 Bassoons (2nd also Contrabassoon), Piano, Children's drum, Double Bass",,Early 20th century,,1926,Romantic,15 minutes,5019
Śliczna Panienka,"Kramarz, Mariusz","https://imslp.org/wiki/Śliczna_Panienka_(Kramarz,_Mariusz)",mixed chorus,E-flat major,Modern,,,Modern,,12
"Śliczne gwoździki, Op.47a","Niewiadomski, Stanisław","https://imslp.org/wiki/Śliczne_gwoździki,_Op.47a_(Niewiadomski,_Stanisław)","voice, piano",,Early 20th century,,,Romantic,,7
"Ślubny wieniec, Op.167","Wroński, Adam","https://imslp.org/wiki/Ślubny_wieniec,_Op.167_(Wroński,_Adam)",piano,,Early 20th century,,,Romantic,,17
"Śluby Jana Kazimierza, Op.13","Sołtys, Mieczysław","https://imslp.org/wiki/Śluby_Jana_Kazimierza,_Op.13_(Sołtys,_Mieczysław)","Voices: soprano, alto, tenor, bass, mixed chorus (SATB) Orchestra",,Romantic,,1895,Romantic,,43
Śmiej się,"Kratzer, Kazimierz Julian","https://imslp.org/wiki/Śmiej_się_(Kratzer,_Kazimierz_Julian)","voice, piano",G major,Romantic,,,Romantic,,6
Śpiew Janka,"Kania, Emanuel","https://imslp.org/wiki/Śpiew_Janka_(Kania,_Emanuel)","voice, piano",A-flat major,Romantic,,,Romantic,,11
Śpiew Janka,"Wroński, Adam","https://imslp.org/wiki/Śpiew_Janka_(Wroński,_Adam)","voice, piano",F minor,Early 20th century,,,Romantic,,8
Śpiew Masek,"Komorowski, Ignacy Marceli","https://imslp.org/wiki/Śpiew_Masek_(Komorowski,_Ignacy_Marceli)","voice, piano",A minor,Romantic,,,Romantic,,18
Śpiew litwina,"Szretter, Piotr","https://imslp.org/wiki/Śpiew_litwina_(Szretter,_Piotr)",voice,G major,Romantic,,,Romantic,,5
Śpiew z Maryj Malczewskiego,"Komorowski, Ignacy Marceli","https://imslp.org/wiki/Śpiew_z_Maryj_Malczewskiego_(Komorowski,_Ignacy_Marceli)","voice, piano",A minor,Romantic,,,Romantic,,13
Śpiew łabędzi,"Moniuszko, Stanisław","https://imslp.org/wiki/Śpiew_łabędzi_(Moniuszko,_Stanisław)","voice, piano",,Romantic,,,Romantic,,66
"Śpiew, Op.1","Żeleński, Władysław","https://imslp.org/wiki/Śpiew,_Op.1_(Żeleński,_Władysław)","baritone, piano",D major,Romantic,,,Romantic,,10
"Śpiewak w obcej stronie, Op.3","Żeleński, Władysław","https://imslp.org/wiki/Śpiewak_w_obcej_stronie,_Op.3_(Żeleński,_Władysław)","bass voice, piano",C minor,Romantic,,1857-60,Romantic,,10
Śpiewak zwycięzca,"Jarecki, Henryk","https://imslp.org/wiki/Śpiewak_zwycięzca_(Jarecki,_Henryk)",male chorus,,Romantic,,,Romantic,,7
Śpiewak zwyciężca,"Sołtys, Mieczysław","https://imslp.org/wiki/Śpiewak_zwyciężca_(Sołtys,_Mieczysław)","tenor, male chorus",E-flat major,Early 20th century,,,Romantic,,8
Śpiewka Karmelka,"Kurpiński, Karol","https://imslp.org/wiki/Śpiewka_Karmelka_(Kurpiński,_Karol)","voice, piano",F major,Romantic,,,Romantic,,6
"Śpiewnik Orła Białego, Op.41","Nowowiejski, Feliks","https://imslp.org/wiki/Śpiewnik_Orła_Białego,_Op.41_(Nowowiejski,_Feliks)",mixed chorus (SATB),,Early 20th century,,,Romantic,,0
"Śpiewnik dla dzieci, Op.34","Noskowski, Zygmunt","https://imslp.org/wiki/Śpiewnik_dla_dzieci,_Op.34_(Noskowski,_Zygmunt)","children's chorus (1-part / 2-part), piano / voice, children's chorus, piano (but also see below, Comments)",,Romantic,,,Romantic,,292
Śpiewnik domowy No.1,"Moniuszko, Stanisław","https://imslp.org/wiki/Śpiewnik_domowy_No.1_(Moniuszko,_Stanisław)","voice, piano",,Romantic,,,Romantic,,34
Śpiewnik domowy No.2,"Moniuszko, Stanisław","https://imslp.org/wiki/Śpiewnik_domowy_No.2_(Moniuszko,_Stanisław)","voice, piano",,Romantic,,,Romantic,,677
Śpiewnik domowy No.3,"Moniuszko, Stanisław","https://imslp.org/wiki/Śpiewnik_domowy_No.3_(Moniuszko,_Stanisław)","voice, piano / 2 voices (SA), piano (No.3) / voice, chorus and piano (No.15)",see below,Romantic,,,Romantic,,103
Śpiewnik domowy No.4,"Moniuszko, Stanisław","https://imslp.org/wiki/Śpiewnik_domowy_No.4_(Moniuszko,_Stanisław)","voice, piano / 2 voices, piano (No.19)",,Romantic,,,Romantic,,191
Śpiewnik domowy No.5,"Moniuszko, Stanisław","https://imslp.org/wiki/Śpiewnik_domowy_No.5_(Moniuszko,_Stanisław)","voice, piano / 2 voices (SA), piano (No.6) / 4 voices (SATB), piano (Nos.29, 31) / 4 voices (SATB), mixed chorus (SATB), piano (No.30)",,Romantic,,,Romantic,,118
Śpiewnik domowy No.6,"Moniuszko, Stanisław","https://imslp.org/wiki/Śpiewnik_domowy_No.6_(Moniuszko,_Stanisław)","voice, piano",,Romantic,,,Romantic,,79
Śpiewnik domowy No.7,"Moniuszko, Stanisław","https://imslp.org/wiki/Śpiewnik_domowy_No.7_(Moniuszko,_Stanisław)","voice, piano / 2 voices, piano (No.23) / bas, male chorus (TTBB), piano (No.24)",,Romantic,,,Romantic,,105
"Śpiewnik na jeden głos No.1, Op.13","Zarzycki, Aleksander","https://imslp.org/wiki/Śpiewnik_na_jeden_głos_No.1,_Op.13_(Zarzycki,_Aleksander)","voice, piano",,Romantic,,,Romantic,,351
"Śpiewnik na jeden głos No.2, Op.14","Zarzycki, Aleksander","https://imslp.org/wiki/Śpiewnik_na_jeden_głos_No.2,_Op.14_(Zarzycki,_Aleksander)","voice, piano",,Romantic,,,Romantic,,39
Śpiewnik narodowy,"Maszyński, Piotr","https://imslp.org/wiki/Śpiewnik_narodowy_(Maszyński,_Piotr)",mixed chorus (SATB),,Romantic,,,Romantic,,8
Śpiewnik żołnierza polskiego,"Wallek-Walewski, Bolesław","https://imslp.org/wiki/Śpiewnik_żołnierza_polskiego_(Wallek-Walewski,_Bolesław)",voice,,Early 20th century,,,Early 20th century,,10
"Śpiewy kościelne, Book 5",Various,"https://imslp.org/wiki/Śpiewy_kościelne,_Book_5_(Various)","1, 2 or 4 voices, organ (or harmonium)",,Early 20th century,,,,,23
Śpiewy polskie,"Komorowski, Ignacy Marceli","https://imslp.org/wiki/Śpiewy_polskie_(Komorowski,_Ignacy_Marceli)","voice, piano (no.9 with cello)",,Romantic,,,Romantic,,41
Śpij słodko..!,"Bursa, Stanisław","https://imslp.org/wiki/Śpij_słodko..!_(Bursa,_Stanisław)","voice, piano",F major,Early 20th century,,,Early 20th century,,10
Świat i ludzie,"Bartels, Artur","https://imslp.org/wiki/Świat_i_ludzie_(Bartels,_Artur)","voice, piano",F minor,Romantic,,,Romantic,,1
Światło spadające,"Komorowski, Ignacy Marceli","https://imslp.org/wiki/Światło_spadające_(Komorowski,_Ignacy_Marceli)","voice, piano",,Romantic,,,Romantic,,6
"Świr, świr, świr, za kominem!","Namysłowski, Karol","https://imslp.org/wiki/Świr,_świr,_świr,_za_kominem!_(Namysłowski,_Karol)",piano,D major,Romantic,,,Romantic,,13
Świt,"Toepfer, Michał","https://imslp.org/wiki/Świt_(Toepfer,_Michał)","voice, piano",D major,Early 20th century,,,Early 20th century,,5
"Święta Maryjo, biała Lilijo","Żeleński, Władysław","https://imslp.org/wiki/Święta_Maryjo,_biała_Lilijo_(Żeleński,_Władysław)",,,Romantic,,,Romantic,,31
Święto ognia,"Noskowski, Zygmunt","https://imslp.org/wiki/Święto_ognia_(Noskowski,_Zygmunt)",unknown for the original,,Romantic,,1898-1901,Romantic,,38
Święty Józef,"Żołnowski, Maciej","https://imslp.org/wiki/Święty_Józef_(Żołnowski,_Maciej)",SATTB choir,,Modern,,,Modern,,289
Şarkı,"Alıcıoğlu, Şafak","https://imslp.org/wiki/Şarkı_(Alıcıoğlu,_Şafak)",strings,G minor,Modern,,,Modern,,1705
Şarkı,"Azat, Cagatay","https://imslp.org/wiki/Şarkı_(Azat,_Cagatay)",Guitar Solo,B minor,Romantic,,,Modern,4 minutes,1138
Şeyda xanım,"Folk Songs, Azerbaijani","https://imslp.org/wiki/Şeyda_xanım_(Folk_Songs,_Azerbaijani)",voices,,Traditional,,,,,57
Şeşgülan bizim olsun,"Folk Songs, Azerbaijani","https://imslp.org/wiki/Şeşgülan_bizim_olsun_(Folk_Songs,_Azerbaijani)",voices,,Traditional,,,,,62
Şuşa ceyranı,"Folk Songs, Azerbaijani","https://imslp.org/wiki/Şuşa_ceyranı_(Folk_Songs,_Azerbaijani)",voices,,Traditional,,,,,63
Şuşanın dağları,"Folk Songs, Azerbaijani","https://imslp.org/wiki/Şuşanın_dağları_(Folk_Songs,_Azerbaijani)",voice(s),,Traditional,,,,,120
"Şıpsevdi Waltz, Op.42","Toker, Hakan Ali","https://imslp.org/wiki/Şıpsevdi_Waltz,_Op.42_(Toker,_Hakan_Ali)",piano,G major,Romantic,,1992,Modern,,451
Şəfəq sökülürkən,"Folk Songs, Azerbaijani","https://imslp.org/wiki/Şəfəq_sökülürkən_(Folk_Songs,_Azerbaijani)",voices,,Traditional,,,,,62
Şələxo,"Rustamov, Said","https://imslp.org/wiki/Şələxo_(Rustamov,_Said)",treble instrument,,Traditional,,,Early 20th century,,386
Šniprin Ciignør 0055,"Sakamoto, Kousaku","https://imslp.org/wiki/Šniprin_Ciignør_0055_(Sakamoto,_Kousaku)",open instrument,,Modern,,2023,Modern,,76
Šniprin Ciignør 0095,"Sakamoto, Kousaku","https://imslp.org/wiki/Šniprin_Ciignør_0095_(Sakamoto,_Kousaku)",open instrument,,Modern,,2023,Modern,,82
Šniprin Ciignør 0136,"Sakamoto, Kousaku","https://imslp.org/wiki/Šniprin_Ciignør_0136_(Sakamoto,_Kousaku)",open instrument,,Modern,,2023,Modern,,84
Šniprin Ciignør 0208,"Sakamoto, Kousaku","https://imslp.org/wiki/Šniprin_Ciignør_0208_(Sakamoto,_Kousaku)",open instrument,,Modern,,2023,Modern,,90
"Špalíček, H.214","Martinů, Bohuslav","https://imslp.org/wiki/Špalíček,_H.214_(Martinů,_Bohuslav)","voices, female chorus, orchestra",,Early 20th century,,1932,Modern,140 minutes,0
Štyrihłósne mužske chory,Various,https://imslp.org/wiki/Štyrihłósne_mužske_chory_(Various),male chorus,,Traditional (folk),,,,,21
"Šumařovo dítě, JW 6/14","Janáček, Leoš","https://imslp.org/wiki/Šumařovo_dítě,_JW_6/14_(Janáček,_Leoš)",violin and orchestra,E-flat major,Early 20th century,,1912,Romantic,12 minutes,414
Švanda dudák,"Weinberger, Jaromír","https://imslp.org/wiki/Švanda_dudák_(Weinberger,_Jaromír)","voices, chorus, orchestra",,Early 20th century,,1926,Early 20th century,,429
Švestková alej,"Elsnic, Joseph P.","https://imslp.org/wiki/Švestková_alej_(Elsnic,_Joseph_P.)","voice, piano (arranged)",,Early 20th century,,,Early 20th century,,6
"Šárka, JB 1:112/3","Smetana, Bedřich","https://imslp.org/wiki/Šárka,_JB_1:112/3_(Smetana,_Bedřich)","Orchestra : piccolo, 2 flutes, 2 oboes, 2 clarinets, 2 bassoons + 4 horns, 2 trumpets, 3 trombones, tuba + timpani, triangle, cymbals + strings",A minor,Romantic,,1875,Romantic,10 minutes,28722
"Šárka, Op.51","Fibich, Zdeněk","https://imslp.org/wiki/Šárka,_Op.51_(Fibich,_Zdeněk)","voices, chorus, orchestra",,Romantic,,,Romantic,2 hours,780
"Ţară pământ, ţară idee, Op.14","Alexandra, Liana","https://imslp.org/wiki/Ţară_pământ,_ţară_idee,_Op.14_(Alexandra,_Liana)","mixed chorus (SATB), orchestra",,Modern,,1977,Modern,17 minutes,185
Żaba,"Walczyński, Franciszek","https://imslp.org/wiki/Żaba_(Walczyński,_Franciszek)",male (or female) choir,E-flat major,Early 20th century,,,Romantic,,12
Żal,"Stohl, Karol Fryderyk","https://imslp.org/wiki/Żal_(Stohl,_Karol_Fryderyk)",male chorus,D major,Early 20th century,,,Early 20th century,,7
Żal Turczynki,"Komorowski, Ignacy Marceli","https://imslp.org/wiki/Żal_Turczynki_(Komorowski,_Ignacy_Marceli)","voice, piano",G minor,Romantic,,,Romantic,,16
Żal dziewczyny,"Moniuszko, Stanisław","https://imslp.org/wiki/Żal_dziewczyny_(Moniuszko,_Stanisław)","voice, piano",,Romantic,,,Romantic,,13
Żale dziewczyny,"Kania, Emanuel","https://imslp.org/wiki/Żale_dziewczyny_(Kania,_Emanuel)",piano,F minor,Romantic,,,Romantic,,43
"Żelazowa Wola, Op.37","Lyapunov, Sergey","https://imslp.org/wiki/Żelazowa_Wola,_Op.37_(Lyapunov,_Sergey)","orchestra (3 flutes, oboe, English horn, 2 clarinets, bass clarinet, 4 horns, 2 trumpets, 3 trombones, tuba, timpani, percussion, harp, strings)",B minor,Romantic,,1909,Romantic,15 minutes,694
"Żelazowski, Op.161","Wroński, Adam","https://imslp.org/wiki/Żelazowski,_Op.161_(Wroński,_Adam)",piano,D major,Romantic,,,Romantic,,30
"Żem kochał ciszę, Op.48","Wydżga, Jan Tomasz","https://imslp.org/wiki/Żem_kochał_ciszę,_Op.48_(Wydżga,_Jan_Tomasz)","voice, piano",A-flat major,Early 20th century,,,Romantic,,4
Żwirek,"Żołnowski, Maciej","https://imslp.org/wiki/Żwirek_(Żołnowski,_Maciej)",string quartet,,Modern,,,Modern,,498
Życzenia Ojczyżnie,"Kocięda, Józef","https://imslp.org/wiki/Życzenia_Ojczyżnie_(Kocięda,_Józef)","Voice, Piano",G major,Modern,,1996,Modern,,395
"Życzenia, Op.56","Nowakowski, Józef","https://imslp.org/wiki/Życzenia,_Op.56_(Nowakowski,_Józef)","voice, piano",,Romantic,,,Romantic,,2
Życzenie,"Żeleński, Władysław","https://imslp.org/wiki/Życzenie_(Żeleński,_Władysław)",piano,A-flat major,Romantic,,,Romantic,,13
"Życzenie, Op.2 No.4","Skirmuntt, Henryk","https://imslp.org/wiki/Życzenie,_Op.2_No.4_(Skirmuntt,_Henryk)","voice, piano",G major,Romantic,,,Early 20th century,,7
"Żółte róże, Op.180","Wroński, Adam","https://imslp.org/wiki/Żółte_róże,_Op.180_(Wroński,_Adam)",piano,,Early 20th century,,,Romantic,,23
Žnjeński spěw,"Kocor, Korla Awgust","https://imslp.org/wiki/Žnjeński_spěw_(Kocor,_Korla_Awgust)",voice,F major,Romantic,,,Romantic,,48
"Žárlivost, JW 6/10","Janáček, Leoš","https://imslp.org/wiki/Žárlivost,_JW_6/10_(Janáček,_Leoš)",Orchestra,B minor,Romantic,,1894-95,Romantic,6 minutes,0
Əlində sazın qurbanı,"Folk Songs, Azerbaijani","https://imslp.org/wiki/Əlində_sazın_qurbanı_(Folk_Songs,_Azerbaijani)",voices,,Traditional,,,,,76
"Əs, ey Giləvar","Folk Songs, Azerbaijani","https://imslp.org/wiki/Əs,_ey_Giləvar_(Folk_Songs,_Azerbaijani)",voices,,Traditional,,,,,54
"Əsmə, badi-səba","Folk Songs, Azerbaijani","https://imslp.org/wiki/Əsmə,_badi-səba_(Folk_Songs,_Azerbaijani)",voices,,Traditional,,,,,55
"Əsmə, səba yelləri","Folk Songs, Azerbaijani","https://imslp.org/wiki/Əsmə,_səba_yelləri_(Folk_Songs,_Azerbaijani)",voices,,Traditional,,,,,56
"Əylən, gəlin","Folk Songs, Azerbaijani","https://imslp.org/wiki/Əylən,_gəlin_(Folk_Songs,_Azerbaijani)",voices,,Traditional (folk),,,,,108
"Əzizim, keçmə məndən","Folk Songs, Azerbaijani","https://imslp.org/wiki/Əzizim,_keçmə_məndən_(Folk_Songs,_Azerbaijani)",voices,,Traditional,,,,,70
"Əzmə, əzmə tağları","Folk Songs, Azerbaijani","https://imslp.org/wiki/Əzmə,_əzmə_tağları_(Folk_Songs,_Azerbaijani)",voices,,Traditional,,,,,66
Și dacă ramuri bat în geam,"Tăutu, Cornelia","https://imslp.org/wiki/Și_dacă_ramuri_bat_în_geam_(Tăutu,_Cornelia)","voice, piano",,Modern,,1998,Modern,,214
Șoapte,"Cibisescu-Duran, Iulia Narcisa","https://imslp.org/wiki/Șoapte_(Cibisescu-Duran,_Iulia_Narcisa)","violin, viola, cello, piano",,Modern,,2023,Modern,12 minutes,27
"Α2μ4 y Manzano, Op.6","Ferrando, Fabián","https://imslp.org/wiki/Α2μ4_y_Manzano,_Op.6_(Ferrando,_Fabián)",orchestra,,Modern,,2018,Modern,2 hours,63
Εγκώμια Πάσχα,"Sakellarides, Leonidas","https://imslp.org/wiki/Εγκώμια_Πάσχα_(Sakellarides,_Leonidas)","Voices: soprano, baritone; mixed chorus (SATB) Orchestra: 2 flutes, 2 clarinets (B ♭ ), horn (F), trumpet (B ♭ ), percussion, strings",D minor,Classical,,,Modern,12 minutes,762
ΜMesse,"Sauter, Louis","https://imslp.org/wiki/ΜMesse_(Sauter,_Louis)","soprano, tenor",,Modern,,1981,Modern,3 minutes,1466
Ολόγραμμα,"Macriyannis, Epaminondas","https://imslp.org/wiki/Ολόγραμμα_(Macriyannis,_Epaminondas)","mezzo-soprano, piano",G major,Early 20th century,,1995,Modern,,60
Ѕ (Dzelo),"Bouzine, Mikhaïl","https://imslp.org/wiki/Ѕ_(Dzelo)_(Bouzine,_Mikhaïl)",various instruments,,Modern,,2018,Modern,5 minutes,72
Б (Bouky),"Bouzine, Mikhaïl","https://imslp.org/wiki/Б_(Bouky)_(Bouzine,_Mikhaïl)","piano, small (~20 cm in diameter) nipple gong, tin bucket, a handful of coins, a pair of chopsticks, pianist has a singing part",,Modern,,2011-12,Modern,5 minutes,53
В (Vijedi),"Bouzine, Mikhaïl","https://imslp.org/wiki/В_(Vijedi)_(Bouzine,_Mikhaïl)","piano, air balloons, duct tape, glass, balalaika, wind instruments, tape",,Modern,,2011-13,Modern,10 minutes,63
Г (Glagolj),"Bouzine, Mikhaïl","https://imslp.org/wiki/Г_(Glagolj)_(Bouzine,_Mikhaïl)","two pianos, balalaika, flui drum, electric shaver, electronics",,Modern,,2011-14,Modern,8 minutes,68
Д (Dobro),"Bouzine, Mikhaïl","https://imslp.org/wiki/Д_(Dobro)_(Bouzine,_Mikhaïl)","piano, two-track oscillator, metallophone",,Modern,,2014,Modern,6 minutes,76
Дивлюсь я на зорі яснії,"Stetsenko, Kyrylo","https://imslp.org/wiki/Дивлюсь_я_на_зорі_яснії_(Stetsenko,_Kyrylo)","voice, piano",A minor,Romantic,,,Early 20th century,"1,5 minutes",11
Е (Yeste),"Bouzine, Mikhaïl","https://imslp.org/wiki/Е_(Yeste)_(Bouzine,_Mikhaïl)","detuned piano, perfectly-tuned grand piano, objects, a certain Mac OS X error sound",C major,Modern,,2015,Modern,11 minutes,42
Ж (Zhivete),"Bouzine, Mikhaïl","https://imslp.org/wiki/Ж_(Zhivete)_(Bouzine,_Mikhaïl)","grill grate, violin bow, violin with DAE strings muted & G string tuned up to D, handwatch, sinus tone generator, tape, piano",,Modern,,2016,Modern,7 minutes,29
К (Kako),"Bouzine, Mikhaïl","https://imslp.org/wiki/К_(Kako)_(Bouzine,_Mikhaïl)","alto flute, theremin, tape, piano, performer",,Modern,,2020,Modern,5 minutes,24
Не в силах я забыть,"Taskin, Alexey Vladimirovich","https://imslp.org/wiki/Не_в_силах_я_забыть_(Taskin,_Alexey_Vladimirovich)","voice, piano",E major,Romantic,,,Early 20th century,,15
"Ой чого ти, дубе","Stetsenko, Kyrylo","https://imslp.org/wiki/Ой_чого_ти,_дубе_(Stetsenko,_Kyrylo)","bass, piano",B minor,Traditional (folk),,,Early 20th century,,11
Світає,"Melnichenko, Vitaly","https://imslp.org/wiki/Світає_(Melnichenko,_Vitaly)",SSATB voices,G major,Jazz,,2022,Modern,4 minutes,71
"Скажи, зачем?","Varlamov, Aleksandr","https://imslp.org/wiki/Скажи,_зачем?_(Varlamov,_Aleksandr)","voice, piano",E-flat major,Romantic,,,Romantic,,22
Случай / Fälle,"Schein, Didier","https://imslp.org/wiki/Случай_/_Fälle_(Schein,_Didier)",clarinet (B ♭ ),,Modern,,2021,Modern,25 minutes,321
Стояла я і слухала весну,"Stetsenko, Kyrylo","https://imslp.org/wiki/Стояла_я_і_слухала_весну_(Stetsenko,_Kyrylo)","voice, piano",E major,Romantic,,,Early 20th century,,10
Сюита из оперы-балета Лисица и алабаш,Mammadov Ibrahim,https://imslp.org/wiki/Сюита_из_оперы-балета_Лисица_и_алабаш_(Mammadov_Ibrahim),"voices, orchestra",,Modern,,,Early 20th century,,184
Тебе Поем,"Bortniansky, Dmytro","https://imslp.org/wiki/Тебе_Поем_(Bortniansky,_Dmytro)",SATB,,Classical,,,Classical,,10343
Тихо гойдаються,"Stetsenko, Kyrylo","https://imslp.org/wiki/Тихо_гойдаються_(Stetsenko,_Kyrylo)","voice, piano",A major,Romantic,,,Early 20th century,,12
— (Em Dash),"Bouzine, Mikhaïl","https://imslp.org/wiki/—_(Em_Dash)_(Bouzine,_Mikhaïl)","violin, viola, cello, double bass, trombone, alto sax, piano",,Modern,,2016-17,Modern,7 minutes,126
"’S wird wieder Frühling!, Op.61 No.1","Nolopp, Friedrich Ernst Arnold Werner","https://imslp.org/wiki/’S_wird_wieder_Frühling!,_Op.61_No.1_(Nolopp,_Friedrich_Ernst_Arnold_Werner)",male chorus (TTBB),F major,Romantic,,,Romantic,2-3 minutes,6
“De la Bella Aurora Maria Divina” by Manuel de Sumaya,"Ewell, Terry B.","https://imslp.org/wiki/“De_la_Bella_Aurora_Maria_Divina”_by_Manuel_de_Sumaya_(Ewell,_Terry_B.)",Flute and Basson,,Baroque,,2020,Modern,,0
“Gnome” for Solo Contrabass and Orchestra,"Kanazawa, Yasunori","https://imslp.org/wiki/“Gnome”_for_Solo_Contrabass_and_Orchestra_(Kanazawa,_Yasunori)","Solo: contrabass Orchestra: 2 piccolos (2 also flutes), 2 oboes (1 also English horn), 2 clarinets (B ♭ ), 2 bassoons (1 also contrabassoon), 4 horns (F), 2 trumpets (C), 2 trombones, timpani (4), snare drum, bass drum, 3 tom toms, suspended cymbal, crash cymbals, triangle, tambourine, glockenspiel, strings",,Modern,,2014,Modern,10 minutes,1708
“Images and shadows”,"Hakobjanyan, Anna","https://imslp.org/wiki/“Images_and_shadows”_(Hakobjanyan,_Anna)","flute, clarinet in B ♭ , violin, cello, piano",,Modern,,2004,Modern,11 minutes,223
“Job” for 3 Guitars,"Kan-no, Shigeru","https://imslp.org/wiki/“Job”_for_3_Guitars_(Kan-no,_Shigeru)",3 Guitars,,Modern,,2011,Modern,5 minutes,926
"…if he please, HC 818","Cowell, Henry","https://imslp.org/wiki/…if_he_please,_HC_818_(Cowell,_Henry)","mixed chorus, boys' (or children's) chorus, orchestra",,Early 20th century,,1955,Early 20th century,18 minutes,37
"…mais mourir, FP 137","Poulenc, Francis","https://imslp.org/wiki/…mais_mourir,_FP_137_(Poulenc,_Francis)","voice, piano",,Early 20th century,,1947,Early 20th century,"1 minute, 20 seconds",0
…to love and lose… 1 - I,"Omid, Aryan","https://imslp.org/wiki/…to_love_and_lose…_1_-_I_(Omid,_Aryan)",electronic,,Modern,,2019,Modern,10 minutes,0
…to love and lose… 1 - II,"Omid, Aryan","https://imslp.org/wiki/…to_love_and_lose…_1_-_II_(Omid,_Aryan)",electronic,,Modern,,2019,Modern,49 minutes,0
…to love and lose… 1 - III,"Omid, Aryan","https://imslp.org/wiki/…to_love_and_lose…_1_-_III_(Omid,_Aryan)",electronic,,Modern,,2019,Modern,84 minutes,0
…to love and lose… 1 - IV,"Omid, Aryan","https://imslp.org/wiki/…to_love_and_lose…_1_-_IV_(Omid,_Aryan)",electronic,,Modern,,2019,Modern,86 minutes,0
…to shit some light… 1,"Omid, Aryan","https://imslp.org/wiki/…to_shit_some_light…_1_(Omid,_Aryan)",48 singers,,Modern,,2020,Modern,,39
…to shit some light… 2,"Omid, Aryan","https://imslp.org/wiki/…to_shit_some_light…_2_(Omid,_Aryan)",48 singers,,Modern,,2020,Modern,,31
…to shit some light… 3,"Omid, Aryan","https://imslp.org/wiki/…to_shit_some_light…_3_(Omid,_Aryan)",48 singers,,Modern,,2020,Modern,,23
…to shit some light… 4,"Omid, Aryan","https://imslp.org/wiki/…to_shit_some_light…_4_(Omid,_Aryan)",48 singers,,Modern,,2021,Modern,,31
…to shit some light… 5,"Omid, Aryan","https://imslp.org/wiki/…to_shit_some_light…_5_(Omid,_Aryan)",48 singers,,Modern,,2021,Modern,,25
…to shit some light… 6,"Omid, Aryan","https://imslp.org/wiki/…to_shit_some_light…_6_(Omid,_Aryan)",48 singers,,Modern,,2021,Modern,,25
…to shit some light… 7,"Omid, Aryan","https://imslp.org/wiki/…to_shit_some_light…_7_(Omid,_Aryan)",48 singers,,Modern,,2021,Modern,,25
…to shit some light… 8,"Omid, Aryan","https://imslp.org/wiki/…to_shit_some_light…_8_(Omid,_Aryan)",48 singers,,Modern,,2021,Modern,,22
…to shit some light… 9,"Omid, Aryan","https://imslp.org/wiki/…to_shit_some_light…_9_(Omid,_Aryan)",48 singers,,Modern,,2021,Modern,,28
ⲕⲟⲩⲡⲣ,"Farn, Kat","https://imslp.org/wiki/ⲕⲟⲩⲡⲣ_(Farn,_Kat)",organ,,Modern,,2025,Modern,7 minutes,35
祈願世界和平,"Li, Cheng-Shiun","https://imslp.org/wiki/祈願世界和平_(Li,_Cheng-Shiun)","voices, chorus, and piano or orchestra",,Modern,,,Modern,3~6 minutes (each),9416
Ꙃ (Zvezda),"Bouzine, Mikhaïl","https://imslp.org/wiki/Ꙃ_(Zvezda)_(Bouzine,_Mikhaïl)","2 IKEA TRENSUM mirrors, some metal balls, midi keyboard, triangle, cello, flute, clarinet",,Modern,,2018,Modern,10 minutes,35
주기도문,"Park, Ye Esther","https://imslp.org/wiki/주기도문_(Park,_Ye_Esther)","soprano, wind band",,Modern,,2010-12,Modern,4 minutes,45
